2026-08-17 10:14:31.423 [main] INFO  c.v.f.FirstspringbootApplicationTests - Starting FirstspringbootApplicationTests using Java 11.0.32 on lenovo-legion-16iah7h-PF3XJ8SP with PID 110595 (started by ayin in /home/ayin/projs/firstspringboot)
2026-08-17 10:14:31.426 [main] INFO  c.v.f.FirstspringbootApplicationTests - No active profile set, falling back to default profiles: default
2026-08-17 10:14:32.124 [main] INFO  o.s.d.r.c.RepositoryConfigurationDelegate - Bootstrapping Spring Data JPA repositories in DEFAULT mode.
2026-08-17 10:14:32.163 [main] INFO  o.s.d.r.c.RepositoryConfigurationDelegate - Finished Spring Data repository scanning in 33 ms. Found 2 JPA repository interfaces.
2026-08-17 10:14:32.485 [main] INFO  o.s.c.s.PostProcessorRegistrationDelegate$BeanPostProcessorChecker - Bean 'org.springframework.security.access.expression.method.DefaultMethodSecurityExpressionHandler@10e4cc6' of type [org.springframework.security.access.expression.method.DefaultMethodSecurityExpressionHandler] is not eligible for getting processed by all BeanPostProcessors (for example: not eligible for auto-proxying)
2026-08-17 10:14:32.494 [main] INFO  o.s.c.s.PostProcessorRegistrationDelegate$BeanPostProcessorChecker - Bean 'methodSecurityMetadataSource' of type [org.springframework.security.access.method.DelegatingMethodSecurityMetadataSource] is not eligible for getting processed by all BeanPostProcessors (for example: not eligible for auto-proxying)
2026-08-17 10:14:32.635 [main] INFO  com.zaxxer.hikari.HikariDataSource - HikariPool-1 - Starting...
2026-08-17 10:14:32.698 [main] INFO  com.zaxxer.hikari.HikariDataSource - HikariPool-1 - Start completed.
2026-08-17 10:14:33.156 [main] INFO  liquibase.changelog - Reading from firstspringboot.DATABASECHANGELOG
2026-08-17 10:14:33.186 [main] INFO  liquibase.ui - Database is up to date, no changesets to execute
2026-08-17 10:14:33.188 [main] INFO  liquibase.changelog - Reading from firstspringboot.DATABASECHANGELOG
2026-08-17 10:14:33.195 [main] INFO  liquibase.util - UPDATE SUMMARY
2026-08-17 10:14:33.195 [main] INFO  liquibase.util - Run:                          0
2026-08-17 10:14:33.195 [main] INFO  liquibase.util - Previously run:               2
2026-08-17 10:14:33.195 [main] INFO  liquibase.util - Filtered out:                 0
2026-08-17 10:14:33.195 [main] INFO  liquibase.util - -------------------------------
2026-08-17 10:14:33.195 [main] INFO  liquibase.util - Total change sets:            2
2026-08-17 10:14:33.196 [main] INFO  liquibase.util - Update summary generated
2026-08-17 10:14:33.197 [main] INFO  liquibase.command - Command execution complete
2026-08-17 10:14:34.712 [main] INFO  o.h.jpa.internal.util.LogHelper - HHH000204: Processing PersistenceUnitInfo [name: default]
2026-08-17 10:14:34.761 [main] INFO  org.hibernate.Version - HHH000412: Hibernate ORM core version 5.4.25.Final
2026-08-17 10:14:34.800 [main] INFO  o.h.annotations.common.Version - HCANN000001: Hibernate Commons Annotations {5.1.2.Final}
2026-08-17 10:14:34.900 [main] INFO  org.hibernate.dialect.Dialect - HHH000400: Using dialect: org.hibernate.dialect.MariaDB53Dialect
2026-08-17 10:14:35.122 [main] INFO  o.h.e.t.j.p.i.JtaPlatformInitiator - HHH000490: Using JtaPlatform implementation: [org.hibernate.engine.transaction.jta.platform.internal.NoJtaPlatform]
2026-08-17 10:14:35.127 [main] INFO  o.s.o.j.LocalContainerEntityManagerFactoryBean - Initialized JPA EntityManagerFactory for persistence unit 'default'
2026-08-17 10:14:35.169 [main] WARN  o.s.b.a.o.j.JpaBaseConfiguration$JpaWebConfiguration - spring.jpa.open-in-view is enabled by default. Therefore, database queries may be performed during view rendering. Explicitly configure spring.jpa.open-in-view to disable this warning
2026-08-17 10:14:36.102 [main] INFO  o.s.s.web.DefaultSecurityFilterChain - Will secure any request with [org.springframework.security.web.context.request.async.WebAsyncManagerIntegrationFilter@e870441, org.springframework.security.web.context.SecurityContextPersistenceFilter@f64ce35, org.springframework.security.web.header.HeaderWriterFilter@2fb3c642, org.springframework.security.web.csrf.CsrfFilter@7cc7769d, org.springframework.security.web.authentication.logout.LogoutFilter@43c76550, org.springframework.security.oauth2.server.resource.web.BearerTokenAuthenticationFilter@1c724957, org.springframework.security.web.savedrequest.RequestCacheAwareFilter@5e5d26e4, org.springframework.security.web.servletapi.SecurityContextHolderAwareRequestFilter@77614e7c, org.springframework.security.web.authentication.AnonymousAuthenticationFilter@14fe2e62, org.springframework.security.web.session.SessionManagementFilter@15c46930, org.springframework.security.web.access.ExceptionTranslationFilter@1380a19b, org.springframework.security.web.access.intercept.FilterSecurityInterceptor@7b276a08]
2026-08-17 10:14:36.273 [main] INFO  o.s.s.c.ThreadPoolTaskExecutor - Initializing ExecutorService 'applicationTaskExecutor'
2026-08-17 10:14:36.588 [main] INFO  o.s.s.c.ThreadPoolTaskScheduler - Initializing ExecutorService 'taskScheduler'
2026-08-17 10:14:36.604 [main] INFO  o.s.b.a.e.web.EndpointLinksResolver - Exposing 1 endpoint(s) beneath base path '/actuator'
2026-08-17 10:14:36.645 [main] INFO  c.v.f.FirstspringbootApplicationTests - Started FirstspringbootApplicationTests in 5.393 seconds (JVM running for 7.231)
2026-08-17 10:14:36.700 [main] INFO  c.v.f.s.KeycloakUserSyncCronjob - Starting Keycloak user synchronization...
2026-08-17 10:14:36.811 [main] INFO  c.v.f.aspect.LoggingAspect - [[BEFORE]] [2026-08-17T03:14:36.810569Z] method: UserServiceImpl.createUser(..), params: [com.viettelsoftware.firstspringboot.entity.User@7fbfb062]
2026-08-17 10:14:36.982 [main] INFO  c.v.f.aspect.LoggingAspect - [[AFTER]] [2026-08-17T03:14:36.982954Z] method: UserServiceImpl.createUser(..), params: [com.viettelsoftware.firstspringboot.entity.User@7fbfb062]
2026-08-17 10:14:36.983 [main] INFO  c.v.f.aspect.LoggingAspect - [[BEFORE]] [2026-08-17T03:14:36.983075Z] method: UserServiceImpl.createUser(..), params: [com.viettelsoftware.firstspringboot.entity.User@5e9af5d4]
2026-08-17 10:14:37.032 [main] INFO  c.v.f.aspect.LoggingAspect - [[AFTER]] [2026-08-17T03:14:37.032279Z] method: UserServiceImpl.createUser(..), params: [com.viettelsoftware.firstspringboot.entity.User@5e9af5d4]
2026-08-17 10:14:37.032 [main] INFO  c.v.f.s.KeycloakUserSyncCronjob - Keycloak user synchronization completed successfully. Synced 2 users.
2026-08-17 10:14:37.073 [main] INFO  c.v.f.aspect.LoggingAspect - [[BEFORE]] [2026-08-17T03:14:37.073022Z] method: TaskService.getTasks(), params: []
2026-08-17 10:14:37.073 [main] INFO  c.v.f.aspect.LoggingAspect - [[AFTER]] [2026-08-17T03:14:37.073395Z] method: TaskService.getTasks(), params: []
2026-08-17 10:14:37.075 [main] INFO  c.v.f.aspect.LoggingAspect - [[BEFORE]] [2026-08-17T03:14:37.074891Z] method: TestService.testMethod(), params: [arg1]
2026-08-17 10:14:37.075 [main] INFO  c.v.f.aspect.LoggingAspect - [[AFTER]] [2026-08-17T03:14:37.075051Z] method: TestService.testMethod(), params: [arg1]
2026-08-17 10:14:37.311 [main] INFO  o.s.b.t.c.SpringBootTestContextBootstrapper - Neither @ContextConfiguration nor @ContextHierarchy found for test class [com.viettelsoftware.firstspringboot.EndToEndIntegrationTest], using SpringBootContextLoader
2026-08-17 10:14:37.312 [main] INFO  o.s.t.c.s.AbstractContextLoader - Could not detect default resource locations for test class [com.viettelsoftware.firstspringboot.EndToEndIntegrationTest]: no resource found for suffixes {-context.xml, Context.groovy}.
2026-08-17 10:14:37.312 [main] INFO  o.s.t.c.s.AnnotationConfigContextLoaderUtils - Could not detect default configuration classes for test class [com.viettelsoftware.firstspringboot.EndToEndIntegrationTest]: EndToEndIntegrationTest does not declare any static, non-private, non-final, nested classes annotated with @Configuration.
2026-08-17 10:14:37.326 [main] INFO  o.s.b.t.c.SpringBootTestContextBootstrapper - Found @SpringBootConfiguration com.viettelsoftware.firstspringboot.FirstspringbootApplication for test class com.viettelsoftware.firstspringboot.EndToEndIntegrationTest
2026-08-17 10:14:37.327 [main] INFO  o.s.b.t.c.SpringBootTestContextBootstrapper - Loaded default TestExecutionListener class names from location [META-INF/spring.factories]: [org.springframework.boot.test.mock.mockito.MockitoTestExecutionListener, org.springframework.boot.test.mock.mockito.ResetMocksTestExecutionListener, org.springframework.boot.test.autoconfigure.restdocs.RestDocsTestExecutionListener, org.springframework.boot.test.autoconfigure.web.client.MockRestServiceServerResetTestExecutionListener, org.springframework.boot.test.autoconfigure.web.servlet.MockMvcPrintOnlyOnFailureTestExecutionListener, org.springframework.boot.test.autoconfigure.web.servlet.WebDriverTestExecutionListener, org.springframework.boot.test.autoconfigure.webservices.client.MockWebServiceServerTestExecutionListener, org.springframework.test.context.web.ServletTestExecutionListener, org.springframework.test.context.support.DirtiesContextBeforeModesTestExecutionListener, org.springframework.test.context.support.DependencyInjectionTestExecutionListener, org.springframework.test.context.support.DirtiesContextTestExecutionListener, org.springframework.test.context.transaction.TransactionalTestExecutionListener, org.springframework.test.context.jdbc.SqlScriptsTestExecutionListener, org.springframework.test.context.event.EventPublishingTestExecutionListener, org.springframework.security.test.context.support.WithSecurityContextTestExecutionListener, org.springframework.security.test.context.support.ReactorContextTestExecutionListener]
2026-08-17 10:14:37.327 [main] INFO  o.s.b.t.c.SpringBootTestContextBootstrapper - Using TestExecutionListeners: [org.springframework.test.context.web.ServletTestExecutionListener@4cb20a1b, org.springframework.test.context.support.DirtiesContextBeforeModesTestExecutionListener@2e79acec, org.springframework.boot.test.mock.mockito.MockitoTestExecutionListener@17839acd, org.springframework.boot.test.autoconfigure.SpringBootDependencyInjectionTestExecutionListener@739fcd31, org.springframework.test.context.support.DirtiesContextTestExecutionListener@2fa1f38b, org.springframework.test.context.transaction.TransactionalTestExecutionListener@4cdc345f, org.springframework.test.context.jdbc.SqlScriptsTestExecutionListener@47828afb, org.springframework.test.context.event.EventPublishingTestExecutionListener@4af9217f, org.springframework.security.test.context.support.WithSecurityContextTestExecutionListener@6a64be00, org.springframework.security.test.context.support.ReactorContextTestExecutionListener@473711df, org.springframework.boot.test.mock.mockito.ResetMocksTestExecutionListener@14318e90, org.springframework.boot.test.autoconfigure.restdocs.RestDocsTestExecutionListener@1740a7b0, org.springframework.boot.test.autoconfigure.web.client.MockRestServiceServerResetTestExecutionListener@581b9fe6, org.springframework.boot.test.autoconfigure.web.servlet.MockMvcPrintOnlyOnFailureTestExecutionListener@27ddc4d3, org.springframework.boot.test.autoconfigure.web.servlet.WebDriverTestExecutionListener@3f008bb6, org.springframework.boot.test.autoconfigure.webservices.client.MockWebServiceServerTestExecutionListener@2defc6c1]
2026-08-17 10:14:37.339 [main] INFO  c.v.f.EndToEndIntegrationTest - Starting EndToEndIntegrationTest using Java 11.0.32 on lenovo-legion-16iah7h-PF3XJ8SP with PID 110595 (started by ayin in /home/ayin/projs/firstspringboot)
2026-08-17 10:14:37.339 [main] INFO  c.v.f.EndToEndIntegrationTest - No active profile set, falling back to default profiles: default
2026-08-17 10:14:37.463 [main] INFO  o.s.d.r.c.RepositoryConfigurationDelegate - Bootstrapping Spring Data JPA repositories in DEFAULT mode.
2026-08-17 10:14:37.469 [main] INFO  o.s.d.r.c.RepositoryConfigurationDelegate - Finished Spring Data repository scanning in 6 ms. Found 2 JPA repository interfaces.
2026-08-17 10:14:37.538 [main] INFO  o.s.c.s.PostProcessorRegistrationDelegate$BeanPostProcessorChecker - Bean 'org.springframework.security.access.expression.method.DefaultMethodSecurityExpressionHandler@6c88ffed' of type [org.springframework.security.access.expression.method.DefaultMethodSecurityExpressionHandler] is not eligible for getting processed by all BeanPostProcessors (for example: not eligible for auto-proxying)
2026-08-17 10:14:37.542 [main] INFO  o.s.c.s.PostProcessorRegistrationDelegate$BeanPostProcessorChecker - Bean 'methodSecurityMetadataSource' of type [org.springframework.security.access.method.DelegatingMethodSecurityMetadataSource] is not eligible for getting processed by all BeanPostProcessors (for example: not eligible for auto-proxying)
2026-08-17 10:14:37.567 [main] INFO  com.zaxxer.hikari.HikariDataSource - HikariPool-2 - Starting...
2026-08-17 10:14:37.568 [main] INFO  com.zaxxer.hikari.HikariDataSource - HikariPool-2 - Start completed.
2026-08-17 10:14:37.600 [main] INFO  liquibase.changelog - Reading from firstspringboot.DATABASECHANGELOG
2026-08-17 10:14:37.606 [main] INFO  liquibase.ui - Database is up to date, no changesets to execute
2026-08-17 10:14:37.607 [main] INFO  liquibase.util - UPDATE SUMMARY
2026-08-17 10:14:37.607 [main] INFO  liquibase.util - Run:                          0
2026-08-17 10:14:37.607 [main] INFO  liquibase.util - Previously run:               2
2026-08-17 10:14:37.607 [main] INFO  liquibase.util - Filtered out:                 0
2026-08-17 10:14:37.607 [main] INFO  liquibase.util - -------------------------------
2026-08-17 10:14:37.607 [main] INFO  liquibase.util - Total change sets:            2
2026-08-17 10:14:37.608 [main] INFO  liquibase.util - Update summary generated
2026-08-17 10:14:37.608 [main] INFO  liquibase.command - Command execution complete
2026-08-17 10:14:37.626 [main] INFO  o.h.jpa.internal.util.LogHelper - HHH000204: Processing PersistenceUnitInfo [name: default]
2026-08-17 10:14:37.628 [main] INFO  org.hibernate.dialect.Dialect - HHH000400: Using dialect: org.hibernate.dialect.MariaDB53Dialect
2026-08-17 10:14:37.654 [main] INFO  o.h.e.t.j.p.i.JtaPlatformInitiator - HHH000490: Using JtaPlatform implementation: [org.hibernate.engine.transaction.jta.platform.internal.NoJtaPlatform]
2026-08-17 10:14:37.654 [main] INFO  o.s.o.j.LocalContainerEntityManagerFactoryBean - Initialized JPA EntityManagerFactory for persistence unit 'default'
2026-08-17 10:14:37.692 [main] WARN  o.s.b.a.o.j.JpaBaseConfiguration$JpaWebConfiguration - spring.jpa.open-in-view is enabled by default. Therefore, database queries may be performed during view rendering. Explicitly configure spring.jpa.open-in-view to disable this warning
2026-08-17 10:14:37.962 [main] INFO  o.s.s.web.DefaultSecurityFilterChain - Will secure any request with [org.springframework.security.web.context.request.async.WebAsyncManagerIntegrationFilter@5910aa2e, org.springframework.security.web.context.SecurityContextPersistenceFilter@31cced7, org.springframework.security.web.header.HeaderWriterFilter@3086155a, org.springframework.security.web.csrf.CsrfFilter@6df459fe, org.springframework.security.web.authentication.logout.LogoutFilter@42c5d861, org.springframework.security.oauth2.server.resource.web.BearerTokenAuthenticationFilter@21032dfd, org.springframework.security.web.savedrequest.RequestCacheAwareFilter@2928c493, org.springframework.security.web.servletapi.SecurityContextHolderAwareRequestFilter@29843829, org.springframework.security.web.authentication.AnonymousAuthenticationFilter@6a68754, org.springframework.security.web.session.SessionManagementFilter@4c68550d, org.springframework.security.web.access.ExceptionTranslationFilter@72fb0cb3, org.springframework.security.web.access.intercept.FilterSecurityInterceptor@38bbbb3c]
2026-08-17 10:14:38.018 [main] INFO  o.s.s.c.ThreadPoolTaskExecutor - Initializing ExecutorService 'applicationTaskExecutor'
2026-08-17 10:14:38.161 [main] INFO  o.s.s.c.ThreadPoolTaskScheduler - Initializing ExecutorService 'taskScheduler'
2026-08-17 10:14:38.200 [main] INFO  o.s.b.t.m.w.SpringBootMockServletContext - Initializing Spring TestDispatcherServlet ''
2026-08-17 10:14:38.200 [main] INFO  o.s.t.w.s.TestDispatcherServlet - Initializing Servlet ''
2026-08-17 10:14:38.204 [main] INFO  o.s.b.a.e.web.EndpointLinksResolver - Exposing 1 endpoint(s) beneath base path '/actuator'
2026-08-17 10:14:38.214 [main] INFO  o.s.t.w.s.TestDispatcherServlet - Completed initialization in 14 ms
2026-08-17 10:14:38.227 [main] INFO  c.v.f.EndToEndIntegrationTest - Started EndToEndIntegrationTest in 0.898 seconds (JVM running for 8.814)
2026-08-17 10:14:38.228 [main] INFO  c.v.f.s.KeycloakUserSyncCronjob - Starting Keycloak user synchronization...
2026-08-17 10:14:38.287 [main] INFO  c.v.f.aspect.LoggingAspect - [[BEFORE]] [2026-08-17T03:14:38.287925Z] method: UserServiceImpl.createUser(..), params: [com.viettelsoftware.firstspringboot.entity.User@1e64ee13]
2026-08-17 10:14:38.395 [main] INFO  c.v.f.aspect.LoggingAspect - [[AFTER]] [2026-08-17T03:14:38.395564Z] method: UserServiceImpl.createUser(..), params: [com.viettelsoftware.firstspringboot.entity.User@1e64ee13]
2026-08-17 10:14:38.395 [main] INFO  c.v.f.aspect.LoggingAspect - [[BEFORE]] [2026-08-17T03:14:38.395713Z] method: UserServiceImpl.createUser(..), params: [com.viettelsoftware.firstspringboot.entity.User@7e1d16b]
2026-08-17 10:14:38.437 [main] INFO  c.v.f.aspect.LoggingAspect - [[AFTER]] [2026-08-17T03:14:38.437915Z] method: UserServiceImpl.createUser(..), params: [com.viettelsoftware.firstspringboot.entity.User@7e1d16b]
2026-08-17 10:14:38.438 [main] INFO  c.v.f.s.KeycloakUserSyncCronjob - Keycloak user synchronization completed successfully. Synced 2 users.
2026-08-17 10:14:38.463 [main] INFO  c.v.f.aspect.LoggingAspect - [[BEFORE]] [2026-08-17T03:14:38.463434Z] method: TaskController.getTasks(), params: []
2026-08-17 10:14:38.466 [main] INFO  c.v.f.aspect.LoggingAspect - [[BEFORE]] [2026-08-17T03:14:38.466343Z] method: TaskServiceImpl.getTasks(), params: []
2026-08-17 10:14:38.490 [main] INFO  c.v.f.aspect.LoggingAspect - [[AFTER]] [2026-08-17T03:14:38.489986Z] method: TaskServiceImpl.getTasks(), params: []
2026-08-17 10:14:38.490 [main] INFO  c.v.f.aspect.LoggingAspect - [[AFTER]] [2026-08-17T03:14:38.490094Z] method: TaskController.getTasks(), params: []
2026-08-17 10:14:38.515 [main] INFO  c.v.f.aspect.LoggingAspect - [[BEFORE]] [2026-08-17T03:14:38.515898Z] method: TaskController.exportTasks(), params: []
2026-08-17 10:14:38.516 [main] INFO  c.v.f.aspect.LoggingAspect - [[BEFORE]] [2026-08-17T03:14:38.516019Z] method: TaskServiceImpl.getTasks(), params: []
2026-08-17 10:14:38.517 [main] INFO  c.v.f.aspect.LoggingAspect - [[AFTER]] [2026-08-17T03:14:38.517518Z] method: TaskServiceImpl.getTasks(), params: []
2026-08-17 10:14:38.517 [main] INFO  c.v.f.aspect.LoggingAspect - [[BEFORE]] [2026-08-17T03:14:38.517636Z] method: TaskExportServiceImpl.exportTasks(..), params: [[com.viettelsoftware.firstspringboot.entity.Task@1880dbb2, com.viettelsoftware.firstspringboot.entity.Task@6550903, com.viettelsoftware.firstspringboot.entity.Task@4452b545]]
2026-08-17 10:14:38.520 [main] INFO  org.jxls.util.TransformerFactory - Loading transformer by class org.jxls.transform.poi.PoiTransformer
2026-08-17 10:14:38.539 [main] INFO  c.v.f.aspect.LoggingAspect - [[AFTER]] [2026-08-17T03:14:38.539672Z] method: TaskExportServiceImpl.exportTasks(..), params: [[com.viettelsoftware.firstspringboot.entity.Task@1880dbb2, com.viettelsoftware.firstspringboot.entity.Task@6550903, com.viettelsoftware.firstspringboot.entity.Task@4452b545]]
2026-08-17 10:14:38.540 [main] INFO  c.v.f.aspect.LoggingAspect - [[AFTER]] [2026-08-17T03:14:38.540242Z] method: TaskController.exportTasks(), params: []
2026-08-17 10:14:38.585 [main] WARN  o.s.w.s.m.s.DefaultHandlerExceptionResolver - Resolved [org.springframework.web.bind.MethodArgumentNotValidException: Validation failed for argument [0] in public com.viettelsoftware.firstspringboot.entity.Task com.viettelsoftware.firstspringboot.controller.TaskController.createTask(com.viettelsoftware.firstspringboot.dto.CreateTaskRequest): [Field error in object 'createTaskRequest' on field 'description': rejected value [ Invalid Description ]; codes [ValidTaskDescription.createTaskRequest.description,ValidTaskDescription.description,ValidTaskDescription.java.lang.String,ValidTaskDescription]; arguments [org.springframework.context.support.DefaultMessageSourceResolvable: codes [createTaskRequest.description,description]; arguments []; default message [description]]; default message [Invalid task description (must be `@NotBlank + @Size(max = 255) + @Pattern(regexp = "^\S(?:.*\S)?$")`)]] ]
2026-08-17 10:14:38.590 [main] INFO  c.v.f.aspect.LoggingAspect - [[BEFORE]] [2026-08-17T03:14:38.590032Z] method: UserController.profile(..), params: [JwtAuthenticationToken [Principal=org.springframework.security.oauth2.jwt.Jwt@bbd01fb9, Credentials=[PROTECTED], Authenticated=true, Details=null, Granted Authorities=[REALM_ROLE_GET]]]
2026-08-17 10:14:38.593 [main] INFO  c.v.f.aspect.LoggingAspect - [[AFTER]] [2026-08-17T03:14:38.593061Z] method: UserController.profile(..), params: [JwtAuthenticationToken [Principal=org.springframework.security.oauth2.jwt.Jwt@bbd01fb9, Credentials=[PROTECTED], Authenticated=true, Details=null, Granted Authorities=[REALM_ROLE_GET]]]
2026-08-17 10:14:38.611 [main] INFO  c.v.f.aspect.LoggingAspect - [[BEFORE]] [2026-08-17T03:14:38.611479Z] method: UserController.createUser(..), params: [com.viettelsoftware.firstspringboot.dto.CreateUserRequest@166a81d9]
2026-08-17 10:14:38.611 [main] INFO  c.v.f.aspect.LoggingAspect - [[BEFORE]] [2026-08-17T03:14:38.611602Z] method: UserServiceImpl.createUser(..), params: [com.viettelsoftware.firstspringboot.entity.User@12329d37]
2026-08-17 10:14:38.651 [main] INFO  c.v.f.aspect.LoggingAspect - [[AFTER]] [2026-08-17T03:14:38.651195Z] method: UserServiceImpl.createUser(..), params: [com.viettelsoftware.firstspringboot.entity.User@12329d37]
2026-08-17 10:14:38.651 [main] INFO  c.v.f.aspect.LoggingAspect - [[AFTER]] [2026-08-17T03:14:38.651269Z] method: UserController.createUser(..), params: [com.viettelsoftware.firstspringboot.dto.CreateUserRequest@166a81d9]
2026-08-17 10:14:38.654 [main] INFO  c.v.f.aspect.LoggingAspect - [[BEFORE]] [2026-08-17T03:14:38.654438Z] method: UserController.getUsers(), params: []
2026-08-17 10:14:38.654 [main] INFO  c.v.f.aspect.LoggingAspect - [[BEFORE]] [2026-08-17T03:14:38.654564Z] method: UserServiceImpl.getUsers(), params: []
2026-08-17 10:14:38.657 [main] INFO  c.v.f.aspect.LoggingAspect - [[AFTER]] [2026-08-17T03:14:38.657672Z] method: UserServiceImpl.getUsers(), params: []
2026-08-17 10:14:38.657 [main] INFO  c.v.f.aspect.LoggingAspect - [[AFTER]] [2026-08-17T03:14:38.657740Z] method: UserController.getUsers(), params: []
2026-08-17 10:14:38.659 [main] INFO  c.v.f.aspect.LoggingAspect - [[BEFORE]] [2026-08-17T03:14:38.659620Z] method: UserController.exportUsers(), params: []
2026-08-17 10:14:38.659 [main] INFO  c.v.f.aspect.LoggingAspect - [[BEFORE]] [2026-08-17T03:14:38.659966Z] method: UserServiceImpl.getUsers(), params: []
2026-08-17 10:14:38.662 [main] INFO  c.v.f.aspect.LoggingAspect - [[AFTER]] [2026-08-17T03:14:38.662721Z] method: UserServiceImpl.getUsers(), params: []
2026-08-17 10:14:38.662 [main] INFO  c.v.f.aspect.LoggingAspect - [[BEFORE]] [2026-08-17T03:14:38.662887Z] method: UserExportServiceImpl.exportUsers(..), params: [[com.viettelsoftware.firstspringboot.entity.User@d34c3be, com.viettelsoftware.firstspringboot.entity.User@20e06d7b, com.viettelsoftware.firstspringboot.entity.User@756837b8, com.viettelsoftware.firstspringboot.entity.User@41019f9d]]
2026-08-17 10:14:38.665 [main] INFO  org.jxls.util.TransformerFactory - Loading transformer by class org.jxls.transform.poi.PoiTransformer
2026-08-17 10:14:38.705 [main] INFO  c.v.f.aspect.LoggingAspect - [[AFTER]] [2026-08-17T03:14:38.705232Z] method: UserExportServiceImpl.exportUsers(..), params: [[com.viettelsoftware.firstspringboot.entity.User@d34c3be, com.viettelsoftware.firstspringboot.entity.User@20e06d7b, com.viettelsoftware.firstspringboot.entity.User@756837b8, com.viettelsoftware.firstspringboot.entity.User@41019f9d]]
2026-08-17 10:14:38.705 [main] INFO  c.v.f.aspect.LoggingAspect - [[AFTER]] [2026-08-17T03:14:38.705605Z] method: UserController.exportUsers(), params: []
2026-08-17 10:14:38.748 [main] INFO  c.v.f.s.KeycloakUserSyncCronjob - Starting Keycloak user synchronization...
2026-08-17 10:14:38.751 [main] ERROR c.v.f.s.KeycloakUserSyncCronjob - Error occurred while syncing Keycloak users: I/O error on POST request for "http://localhost:9999/realms/master/protocol/openid-connect/token": Connection refused (Connection refused); nested exception is java.net.ConnectException: Connection refused (Connection refused)
org.springframework.web.client.ResourceAccessException: I/O error on POST request for "http://localhost:9999/realms/master/protocol/openid-connect/token": Connection refused (Connection refused); nested exception is java.net.ConnectException: Connection refused (Connection refused)
	at org.springframework.web.client.RestTemplate.doExecute(RestTemplate.java:784)
	at org.springframework.web.client.RestTemplate.execute(RestTemplate.java:710)
	at org.springframework.web.client.RestTemplate.exchange(RestTemplate.java:630)
	at com.viettelsoftware.firstspringboot.scheduler.KeycloakUserSyncCronjob.getAdminAccessToken(KeycloakUserSyncCronjob.java:114)
	at com.viettelsoftware.firstspringboot.scheduler.KeycloakUserSyncCronjob.syncKeycloakUsers(KeycloakUserSyncCronjob.java:56)
	at com.viettelsoftware.firstspringboot.scheduler.KeycloakUserSyncCronjobTest.lambda$testSyncKeycloakUsersHandledGracefullyWhenServerDown$0(KeycloakUserSyncCronjobTest.java:33)
	at org.junit.jupiter.api.AssertDoesNotThrow.assertDoesNotThrow(AssertDoesNotThrow.java:50)
	at org.junit.jupiter.api.AssertDoesNotThrow.assertDoesNotThrow(AssertDoesNotThrow.java:37)
	at org.junit.jupiter.api.Assertions.assertDoesNotThrow(Assertions.java:3060)
	at com.viettelsoftware.firstspringboot.scheduler.KeycloakUserSyncCronjobTest.testSyncKeycloakUsersHandledGracefullyWhenServerDown(KeycloakUserSyncCronjobTest.java:33)
	at java.base/jdk.internal.reflect.NativeMethodAccessorImpl.invoke0(Native Method)
	at java.base/jdk.internal.reflect.NativeMethodAccessorImpl.invoke(NativeMethodAccessorImpl.java:62)
	at java.base/jdk.internal.reflect.DelegatingMethodAccessorImpl.invoke(DelegatingMethodAccessorImpl.java:43)
	at java.base/java.lang.reflect.Method.invoke(Method.java:566)
	at org.junit.platform.commons.util.ReflectionUtils.invokeMethod(ReflectionUtils.java:688)
	at org.junit.jupiter.engine.execution.MethodInvocation.proceed(MethodInvocation.java:60)
	at org.junit.jupiter.engine.execution.InvocationInterceptorChain$ValidatingInvocation.proceed(InvocationInterceptorChain.java:131)
	at org.junit.jupiter.engine.extension.TimeoutExtension.intercept(TimeoutExtension.java:149)
	at org.junit.jupiter.engine.extension.TimeoutExtension.interceptTestableMethod(TimeoutExtension.java:140)
	at org.junit.jupiter.engine.extension.TimeoutExtension.interceptTestMethod(TimeoutExtension.java:84)
	at org.junit.jupiter.engine.execution.ExecutableInvoker$ReflectiveInterceptorCall.lambda$ofVoidMethod$0(ExecutableInvoker.java:115)
	at org.junit.jupiter.engine.execution.ExecutableInvoker.lambda$invoke$0(ExecutableInvoker.java:105)
	at org.junit.jupiter.engine.execution.InvocationInterceptorChain$InterceptedInvocation.proceed(InvocationInterceptorChain.java:106)
	at org.junit.jupiter.engine.execution.InvocationInterceptorChain.proceed(InvocationInterceptorChain.java:64)
	at org.junit.jupiter.engine.execution.InvocationInterceptorChain.chainAndInvoke(InvocationInterceptorChain.java:45)
	at org.junit.jupiter.engine.execution.InvocationInterceptorChain.invoke(InvocationInterceptorChain.java:37)
	at org.junit.jupiter.engine.execution.ExecutableInvoker.invoke(ExecutableInvoker.java:104)
	at org.junit.jupiter.engine.execution.ExecutableInvoker.invoke(ExecutableInvoker.java:98)
	at org.junit.jupiter.engine.descriptor.TestMethodTestDescriptor.lambda$invokeTestMethod$6(TestMethodTestDescriptor.java:210)
	at org.junit.platform.engine.support.hierarchical.ThrowableCollector.execute(ThrowableCollector.java:73)
	at org.junit.jupiter.engine.descriptor.TestMethodTestDescriptor.invokeTestMethod(TestMethodTestDescriptor.java:206)
	at org.junit.jupiter.engine.descriptor.TestMethodTestDescriptor.execute(TestMethodTestDescriptor.java:131)
	at org.junit.jupiter.engine.descriptor.TestMethodTestDescriptor.execute(TestMethodTestDescriptor.java:65)
	at org.junit.platform.engine.support.hierarchical.NodeTestTask.lambda$executeRecursively$5(NodeTestTask.java:139)
	at org.junit.platform.engine.support.hierarchical.ThrowableCollector.execute(ThrowableCollector.java:73)
	at org.junit.platform.engine.support.hierarchical.NodeTestTask.lambda$executeRecursively$7(NodeTestTask.java:129)
	at org.junit.platform.engine.support.hierarchical.Node.around(Node.java:137)
	at org.junit.platform.engine.support.hierarchical.NodeTestTask.lambda$executeRecursively$8(NodeTestTask.java:127)
	at org.junit.platform.engine.support.hierarchical.ThrowableCollector.execute(ThrowableCollector.java:73)
	at org.junit.platform.engine.support.hierarchical.NodeTestTask.executeRecursively(NodeTestTask.java:126)
	at org.junit.platform.engine.support.hierarchical.NodeTestTask.execute(NodeTestTask.java:84)
	at java.base/java.util.ArrayList.forEach(ArrayList.java:1541)
	at org.junit.platform.engine.support.hierarchical.SameThreadHierarchicalTestExecutorService.invokeAll(SameThreadHierarchicalTestExecutorService.java:38)
	at org.junit.platform.engine.support.hierarchical.NodeTestTask.lambda$executeRecursively$5(NodeTestTask.java:143)
	at org.junit.platform.engine.support.hierarchical.ThrowableCollector.execute(ThrowableCollector.java:73)
	at org.junit.platform.engine.support.hierarchical.NodeTestTask.lambda$executeRecursively$7(NodeTestTask.java:129)
	at org.junit.platform.engine.support.hierarchical.Node.around(Node.java:137)
	at org.junit.platform.engine.support.hierarchical.NodeTestTask.lambda$executeRecursively$8(NodeTestTask.java:127)
	at org.junit.platform.engine.support.hierarchical.ThrowableCollector.execute(ThrowableCollector.java:73)
	at org.junit.platform.engine.support.hierarchical.NodeTestTask.executeRecursively(NodeTestTask.java:126)
	at org.junit.platform.engine.support.hierarchical.NodeTestTask.execute(NodeTestTask.java:84)
	at java.base/java.util.ArrayList.forEach(ArrayList.java:1541)
	at org.junit.platform.engine.support.hierarchical.SameThreadHierarchicalTestExecutorService.invokeAll(SameThreadHierarchicalTestExecutorService.java:38)
	at org.junit.platform.engine.support.hierarchical.NodeTestTask.lambda$executeRecursively$5(NodeTestTask.java:143)
	at org.junit.platform.engine.support.hierarchical.ThrowableCollector.execute(ThrowableCollector.java:73)
	at org.junit.platform.engine.support.hierarchical.NodeTestTask.lambda$executeRecursively$7(NodeTestTask.java:129)
	at org.junit.platform.engine.support.hierarchical.Node.around(Node.java:137)
	at org.junit.platform.engine.support.hierarchical.NodeTestTask.lambda$executeRecursively$8(NodeTestTask.java:127)
	at org.junit.platform.engine.support.hierarchical.ThrowableCollector.execute(ThrowableCollector.java:73)
	at org.junit.platform.engine.support.hierarchical.NodeTestTask.executeRecursively(NodeTestTask.java:126)
	at org.junit.platform.engine.support.hierarchical.NodeTestTask.execute(NodeTestTask.java:84)
	at org.junit.platform.engine.support.hierarchical.SameThreadHierarchicalTestExecutorService.submit(SameThreadHierarchicalTestExecutorService.java:32)
	at org.junit.platform.engine.support.hierarchical.HierarchicalTestExecutor.execute(HierarchicalTestExecutor.java:57)
	at org.junit.platform.engine.support.hierarchical.HierarchicalTestEngine.execute(HierarchicalTestEngine.java:51)
	at org.junit.platform.launcher.core.DefaultLauncher.execute(DefaultLauncher.java:220)
	at org.junit.platform.launcher.core.DefaultLauncher.lambda$execute$6(DefaultLauncher.java:188)
	at org.junit.platform.launcher.core.DefaultLauncher.withInterceptedStreams(DefaultLauncher.java:202)
	at org.junit.platform.launcher.core.DefaultLauncher.execute(DefaultLauncher.java:181)
	at org.junit.platform.launcher.core.DefaultLauncher.execute(DefaultLauncher.java:128)
	at org.apache.maven.surefire.junitplatform.JUnitPlatformProvider.invokeAllTests(JUnitPlatformProvider.java:150)
	at org.apache.maven.surefire.junitplatform.JUnitPlatformProvider.invoke(JUnitPlatformProvider.java:124)
	at org.apache.maven.surefire.booter.ForkedBooter.invokeProviderInSameClassLoader(ForkedBooter.java:384)
	at org.apache.maven.surefire.booter.ForkedBooter.runSuitesInProcess(ForkedBooter.java:345)
	at org.apache.maven.surefire.booter.ForkedBooter.execute(ForkedBooter.java:126)
	at org.apache.maven.surefire.booter.ForkedBooter.main(ForkedBooter.java:418)
Caused by: java.net.ConnectException: Connection refused (Connection refused)
	at java.base/java.net.PlainSocketImpl.socketConnect(Native Method)
	at java.base/java.net.AbstractPlainSocketImpl.doConnect(AbstractPlainSocketImpl.java:412)
	at java.base/java.net.AbstractPlainSocketImpl.connectToAddress(AbstractPlainSocketImpl.java:255)
	at java.base/java.net.AbstractPlainSocketImpl.connect(AbstractPlainSocketImpl.java:237)
	at java.base/java.net.Socket.connect(Socket.java:609)
	at java.base/java.net.Socket.connect(Socket.java:558)
	at java.base/sun.net.NetworkClient.doConnect(NetworkClient.java:182)
	at java.base/sun.net.www.http.HttpClient.openServer(HttpClient.java:509)
	at java.base/sun.net.www.http.HttpClient.openServer(HttpClient.java:604)
	at java.base/sun.net.www.http.HttpClient.<init>(HttpClient.java:279)
	at java.base/sun.net.www.http.HttpClient.New(HttpClient.java:376)
	at java.base/sun.net.www.http.HttpClient.New(HttpClient.java:397)
	at java.base/sun.net.www.protocol.http.HttpURLConnection.getNewHttpClient(HttpURLConnection.java:1270)
	at java.base/sun.net.www.protocol.http.HttpURLConnection.plainConnect0(HttpURLConnection.java:1204)
	at java.base/sun.net.www.protocol.http.HttpURLConnection.plainConnect(HttpURLConnection.java:1098)
	at java.base/sun.net.www.protocol.http.HttpURLConnection.connect(HttpURLConnection.java:1032)
	at org.springframework.http.client.SimpleBufferingClientHttpRequest.executeInternal(SimpleBufferingClientHttpRequest.java:76)
	at org.springframework.http.client.AbstractBufferingClientHttpRequest.executeInternal(AbstractBufferingClientHttpRequest.java:48)
	at org.springframework.http.client.AbstractClientHttpRequest.execute(AbstractClientHttpRequest.java:66)
	at org.springframework.web.client.RestTemplate.doExecute(RestTemplate.java:775)
	... 74 common frames omitted
2026-08-17 10:14:38.757 [SpringContextShutdownHook] INFO  o.s.s.c.ThreadPoolTaskScheduler - Shutting down ExecutorService 'taskScheduler'
2026-08-17 10:14:38.757 [SpringContextShutdownHook] INFO  o.s.s.c.ThreadPoolTaskScheduler - Shutting down ExecutorService 'taskScheduler'
2026-08-17 10:14:38.758 [SpringContextShutdownHook] INFO  o.s.s.c.ThreadPoolTaskExecutor - Shutting down ExecutorService 'applicationTaskExecutor'
2026-08-17 10:14:38.759 [SpringContextShutdownHook] INFO  o.s.s.c.ThreadPoolTaskExecutor - Shutting down ExecutorService 'applicationTaskExecutor'
2026-08-17 10:14:38.761 [SpringContextShutdownHook] INFO  o.s.o.j.LocalContainerEntityManagerFactoryBean - Closing JPA EntityManagerFactory for persistence unit 'default'
2026-08-17 10:14:38.761 [SpringContextShutdownHook] INFO  o.s.o.j.LocalContainerEntityManagerFactoryBean - Closing JPA EntityManagerFactory for persistence unit 'default'
2026-08-17 10:14:38.763 [SpringContextShutdownHook] INFO  com.zaxxer.hikari.HikariDataSource - HikariPool-2 - Shutdown initiated...
2026-08-17 10:14:38.763 [SpringContextShutdownHook] INFO  com.zaxxer.hikari.HikariDataSource - HikariPool-1 - Shutdown initiated...
2026-08-17 10:14:38.766 [SpringContextShutdownHook] INFO  com.zaxxer.hikari.HikariDataSource - HikariPool-1 - Shutdown completed.
2026-08-17 10:14:38.767 [SpringContextShutdownHook] INFO  com.zaxxer.hikari.HikariDataSource - HikariPool-2 - Shutdown completed.
2026-08-17 10:15:01.313 [main] INFO  c.v.f.FirstspringbootApplicationTests - Starting FirstspringbootApplicationTests using Java 11.0.32 on lenovo-legion-16iah7h-PF3XJ8SP with PID 111485 (started by ayin in /home/ayin/projs/firstspringboot)
2026-08-17 10:15:01.314 [main] INFO  c.v.f.FirstspringbootApplicationTests - No active profile set, falling back to default profiles: default
2026-08-17 10:15:01.937 [main] INFO  o.s.d.r.c.RepositoryConfigurationDelegate - Bootstrapping Spring Data JPA repositories in DEFAULT mode.
2026-08-17 10:15:01.967 [main] INFO  o.s.d.r.c.RepositoryConfigurationDelegate - Finished Spring Data repository scanning in 26 ms. Found 2 JPA repository interfaces.
2026-08-17 10:15:02.269 [main] INFO  o.s.c.s.PostProcessorRegistrationDelegate$BeanPostProcessorChecker - Bean 'org.springframework.security.access.expression.method.DefaultMethodSecurityExpressionHandler@70b630d' of type [org.springframework.security.access.expression.method.DefaultMethodSecurityExpressionHandler] is not eligible for getting processed by all BeanPostProcessors (for example: not eligible for auto-proxying)
2026-08-17 10:15:02.280 [main] INFO  o.s.c.s.PostProcessorRegistrationDelegate$BeanPostProcessorChecker - Bean 'methodSecurityMetadataSource' of type [org.springframework.security.access.method.DelegatingMethodSecurityMetadataSource] is not eligible for getting processed by all BeanPostProcessors (for example: not eligible for auto-proxying)
2026-08-17 10:15:02.405 [main] INFO  com.zaxxer.hikari.HikariDataSource - HikariPool-1 - Starting...
2026-08-17 10:15:02.482 [main] INFO  com.zaxxer.hikari.HikariDataSource - HikariPool-1 - Start completed.
2026-08-17 10:15:02.973 [main] INFO  liquibase.changelog - Reading from firstspringboot.DATABASECHANGELOG
2026-08-17 10:15:02.999 [main] INFO  liquibase.ui - Database is up to date, no changesets to execute
2026-08-17 10:15:03.000 [main] INFO  liquibase.changelog - Reading from firstspringboot.DATABASECHANGELOG
2026-08-17 10:15:03.019 [main] INFO  liquibase.util - UPDATE SUMMARY
2026-08-17 10:15:03.020 [main] INFO  liquibase.util - Run:                          0
2026-08-17 10:15:03.020 [main] INFO  liquibase.util - Previously run:               2
2026-08-17 10:15:03.020 [main] INFO  liquibase.util - Filtered out:                 0
2026-08-17 10:15:03.020 [main] INFO  liquibase.util - -------------------------------
2026-08-17 10:15:03.020 [main] INFO  liquibase.util - Total change sets:            2
2026-08-17 10:15:03.021 [main] INFO  liquibase.util - Update summary generated
2026-08-17 10:15:03.022 [main] INFO  liquibase.command - Command execution complete
2026-08-17 10:15:04.048 [main] INFO  o.h.jpa.internal.util.LogHelper - HHH000204: Processing PersistenceUnitInfo [name: default]
2026-08-17 10:15:04.093 [main] INFO  org.hibernate.Version - HHH000412: Hibernate ORM core version 5.4.25.Final
2026-08-17 10:15:04.127 [main] INFO  o.h.annotations.common.Version - HCANN000001: Hibernate Commons Annotations {5.1.2.Final}
2026-08-17 10:15:04.228 [main] INFO  org.hibernate.dialect.Dialect - HHH000400: Using dialect: org.hibernate.dialect.MariaDB53Dialect
2026-08-17 10:15:04.462 [main] INFO  o.h.e.t.j.p.i.JtaPlatformInitiator - HHH000490: Using JtaPlatform implementation: [org.hibernate.engine.transaction.jta.platform.internal.NoJtaPlatform]
2026-08-17 10:15:04.467 [main] INFO  o.s.o.j.LocalContainerEntityManagerFactoryBean - Initialized JPA EntityManagerFactory for persistence unit 'default'
2026-08-17 10:15:04.524 [main] WARN  o.s.b.a.o.j.JpaBaseConfiguration$JpaWebConfiguration - spring.jpa.open-in-view is enabled by default. Therefore, database queries may be performed during view rendering. Explicitly configure spring.jpa.open-in-view to disable this warning
2026-08-17 10:15:05.476 [main] INFO  o.s.s.web.DefaultSecurityFilterChain - Will secure any request with [org.springframework.security.web.context.request.async.WebAsyncManagerIntegrationFilter@5b1b5daf, org.springframework.security.web.context.SecurityContextPersistenceFilter@33116b8e, org.springframework.security.web.header.HeaderWriterFilter@39dfadd7, org.springframework.security.web.csrf.CsrfFilter@c4ef770, org.springframework.security.web.authentication.logout.LogoutFilter@47fb038d, org.springframework.security.oauth2.server.resource.web.BearerTokenAuthenticationFilter@60af08b2, org.springframework.security.web.savedrequest.RequestCacheAwareFilter@2ecb7f0c, org.springframework.security.web.servletapi.SecurityContextHolderAwareRequestFilter@16be2c40, org.springframework.security.web.authentication.AnonymousAuthenticationFilter@66e74d3, org.springframework.security.web.session.SessionManagementFilter@34723cfe, org.springframework.security.web.access.ExceptionTranslationFilter@42675041, org.springframework.security.web.access.intercept.FilterSecurityInterceptor@70a9f6c]
2026-08-17 10:15:05.708 [main] INFO  o.s.s.c.ThreadPoolTaskExecutor - Initializing ExecutorService 'applicationTaskExecutor'
2026-08-17 10:15:06.097 [main] INFO  o.s.s.c.ThreadPoolTaskScheduler - Initializing ExecutorService 'taskScheduler'
2026-08-17 10:15:06.118 [main] INFO  o.s.b.a.e.web.EndpointLinksResolver - Exposing 1 endpoint(s) beneath base path '/actuator'
2026-08-17 10:15:06.190 [main] INFO  c.v.f.FirstspringbootApplicationTests - Started FirstspringbootApplicationTests in 5.034 seconds (JVM running for 6.809)
2026-08-17 10:15:06.246 [main] INFO  c.v.f.s.KeycloakUserSyncCronjob - Starting Keycloak user synchronization...
2026-08-17 10:15:06.305 [main] INFO  c.v.f.aspect.LoggingAspect - [[BEFORE]] [2026-08-17T03:15:06.304210Z] method: UserServiceImpl.createUser(..), params: [com.viettelsoftware.firstspringboot.entity.User@3044dd80]
2026-08-17 10:15:06.509 [main] INFO  c.v.f.aspect.LoggingAspect - [[AFTER]] [2026-08-17T03:15:06.509320Z] method: UserServiceImpl.createUser(..), params: [com.viettelsoftware.firstspringboot.entity.User@3044dd80]
2026-08-17 10:15:06.509 [main] INFO  c.v.f.aspect.LoggingAspect - [[BEFORE]] [2026-08-17T03:15:06.509436Z] method: UserServiceImpl.createUser(..), params: [com.viettelsoftware.firstspringboot.entity.User@bc4419c]
2026-08-17 10:15:06.550 [main] INFO  c.v.f.aspect.LoggingAspect - [[AFTER]] [2026-08-17T03:15:06.550356Z] method: UserServiceImpl.createUser(..), params: [com.viettelsoftware.firstspringboot.entity.User@bc4419c]
2026-08-17 10:15:06.550 [main] INFO  c.v.f.s.KeycloakUserSyncCronjob - Keycloak user synchronization completed successfully. Synced 2 users.
2026-08-17 10:15:06.587 [main] INFO  c.v.f.aspect.LoggingAspect - [[BEFORE]] [2026-08-17T03:15:06.587795Z] method: TaskService.getTasks(), params: []
2026-08-17 10:15:06.588 [main] INFO  c.v.f.aspect.LoggingAspect - [[AFTER]] [2026-08-17T03:15:06.588170Z] method: TaskService.getTasks(), params: []
2026-08-17 10:15:06.589 [main] INFO  c.v.f.aspect.LoggingAspect - [[BEFORE]] [2026-08-17T03:15:06.589742Z] method: TestService.testMethod(), params: [arg1]
2026-08-17 10:15:06.590 [main] INFO  c.v.f.aspect.LoggingAspect - [[AFTER]] [2026-08-17T03:15:06.589901Z] method: TestService.testMethod(), params: [arg1]
2026-08-17 10:15:06.841 [main] INFO  o.s.b.t.c.SpringBootTestContextBootstrapper - Neither @ContextConfiguration nor @ContextHierarchy found for test class [com.viettelsoftware.firstspringboot.EndToEndIntegrationTest], using SpringBootContextLoader
2026-08-17 10:15:06.841 [main] INFO  o.s.t.c.s.AbstractContextLoader - Could not detect default resource locations for test class [com.viettelsoftware.firstspringboot.EndToEndIntegrationTest]: no resource found for suffixes {-context.xml, Context.groovy}.
2026-08-17 10:15:06.841 [main] INFO  o.s.t.c.s.AnnotationConfigContextLoaderUtils - Could not detect default configuration classes for test class [com.viettelsoftware.firstspringboot.EndToEndIntegrationTest]: EndToEndIntegrationTest does not declare any static, non-private, non-final, nested classes annotated with @Configuration.
2026-08-17 10:15:06.846 [main] INFO  o.s.b.t.c.SpringBootTestContextBootstrapper - Found @SpringBootConfiguration com.viettelsoftware.firstspringboot.FirstspringbootApplication for test class com.viettelsoftware.firstspringboot.EndToEndIntegrationTest
2026-08-17 10:15:06.848 [main] INFO  o.s.b.t.c.SpringBootTestContextBootstrapper - Loaded default TestExecutionListener class names from location [META-INF/spring.factories]: [org.springframework.boot.test.mock.mockito.MockitoTestExecutionListener, org.springframework.boot.test.mock.mockito.ResetMocksTestExecutionListener, org.springframework.boot.test.autoconfigure.restdocs.RestDocsTestExecutionListener, org.springframework.boot.test.autoconfigure.web.client.MockRestServiceServerResetTestExecutionListener, org.springframework.boot.test.autoconfigure.web.servlet.MockMvcPrintOnlyOnFailureTestExecutionListener, org.springframework.boot.test.autoconfigure.web.servlet.WebDriverTestExecutionListener, org.springframework.boot.test.autoconfigure.webservices.client.MockWebServiceServerTestExecutionListener, org.springframework.test.context.web.ServletTestExecutionListener, org.springframework.test.context.support.DirtiesContextBeforeModesTestExecutionListener, org.springframework.test.context.support.DependencyInjectionTestExecutionListener, org.springframework.test.context.support.DirtiesContextTestExecutionListener, org.springframework.test.context.transaction.TransactionalTestExecutionListener, org.springframework.test.context.jdbc.SqlScriptsTestExecutionListener, org.springframework.test.context.event.EventPublishingTestExecutionListener, org.springframework.security.test.context.support.WithSecurityContextTestExecutionListener, org.springframework.security.test.context.support.ReactorContextTestExecutionListener]
2026-08-17 10:15:06.848 [main] INFO  o.s.b.t.c.SpringBootTestContextBootstrapper - Using TestExecutionListeners: [org.springframework.test.context.web.ServletTestExecutionListener@4b0393ee, org.springframework.test.context.support.DirtiesContextBeforeModesTestExecutionListener@4d829889, org.springframework.boot.test.mock.mockito.MockitoTestExecutionListener@6ac9b6d, org.springframework.boot.test.autoconfigure.SpringBootDependencyInjectionTestExecutionListener@2bab73fd, org.springframework.test.context.support.DirtiesContextTestExecutionListener@7ce00985, org.springframework.test.context.transaction.TransactionalTestExecutionListener@257f8040, org.springframework.test.context.jdbc.SqlScriptsTestExecutionListener@476a0071, org.springframework.test.context.event.EventPublishingTestExecutionListener@372ea7fa, org.springframework.security.test.context.support.WithSecurityContextTestExecutionListener@4b7e2cbb, org.springframework.security.test.context.support.ReactorContextTestExecutionListener@12dac814, org.springframework.boot.test.mock.mockito.ResetMocksTestExecutionListener@5a42bb6, org.springframework.boot.test.autoconfigure.restdocs.RestDocsTestExecutionListener@47f74d8f, org.springframework.boot.test.autoconfigure.web.client.MockRestServiceServerResetTestExecutionListener@7dd6aa3e, org.springframework.boot.test.autoconfigure.web.servlet.MockMvcPrintOnlyOnFailureTestExecutionListener@398857f8, org.springframework.boot.test.autoconfigure.web.servlet.WebDriverTestExecutionListener@1d5522e4, org.springframework.boot.test.autoconfigure.webservices.client.MockWebServiceServerTestExecutionListener@60339ff4]
2026-08-17 10:15:06.860 [main] INFO  c.v.f.EndToEndIntegrationTest - Starting EndToEndIntegrationTest using Java 11.0.32 on lenovo-legion-16iah7h-PF3XJ8SP with PID 111485 (started by ayin in /home/ayin/projs/firstspringboot)
2026-08-17 10:15:06.861 [main] INFO  c.v.f.EndToEndIntegrationTest - No active profile set, falling back to default profiles: default
2026-08-17 10:15:06.998 [main] INFO  o.s.d.r.c.RepositoryConfigurationDelegate - Bootstrapping Spring Data JPA repositories in DEFAULT mode.
2026-08-17 10:15:07.009 [main] INFO  o.s.d.r.c.RepositoryConfigurationDelegate - Finished Spring Data repository scanning in 11 ms. Found 2 JPA repository interfaces.
2026-08-17 10:15:07.072 [main] INFO  o.s.c.s.PostProcessorRegistrationDelegate$BeanPostProcessorChecker - Bean 'org.springframework.security.access.expression.method.DefaultMethodSecurityExpressionHandler@36d56d5d' of type [org.springframework.security.access.expression.method.DefaultMethodSecurityExpressionHandler] is not eligible for getting processed by all BeanPostProcessors (for example: not eligible for auto-proxying)
2026-08-17 10:15:07.076 [main] INFO  o.s.c.s.PostProcessorRegistrationDelegate$BeanPostProcessorChecker - Bean 'methodSecurityMetadataSource' of type [org.springframework.security.access.method.DelegatingMethodSecurityMetadataSource] is not eligible for getting processed by all BeanPostProcessors (for example: not eligible for auto-proxying)
2026-08-17 10:15:07.106 [main] INFO  com.zaxxer.hikari.HikariDataSource - HikariPool-2 - Starting...
2026-08-17 10:15:07.108 [main] INFO  com.zaxxer.hikari.HikariDataSource - HikariPool-2 - Start completed.
2026-08-17 10:15:07.146 [main] INFO  liquibase.changelog - Reading from firstspringboot.DATABASECHANGELOG
2026-08-17 10:15:07.156 [main] INFO  liquibase.ui - Database is up to date, no changesets to execute
2026-08-17 10:15:07.157 [main] INFO  liquibase.util - UPDATE SUMMARY
2026-08-17 10:15:07.158 [main] INFO  liquibase.util - Run:                          0
2026-08-17 10:15:07.158 [main] INFO  liquibase.util - Previously run:               2
2026-08-17 10:15:07.158 [main] INFO  liquibase.util - Filtered out:                 0
2026-08-17 10:15:07.158 [main] INFO  liquibase.util - -------------------------------
2026-08-17 10:15:07.158 [main] INFO  liquibase.util - Total change sets:            2
2026-08-17 10:15:07.158 [main] INFO  liquibase.util - Update summary generated
2026-08-17 10:15:07.158 [main] INFO  liquibase.command - Command execution complete
2026-08-17 10:15:07.186 [main] INFO  o.h.jpa.internal.util.LogHelper - HHH000204: Processing PersistenceUnitInfo [name: default]
2026-08-17 10:15:07.190 [main] INFO  org.hibernate.dialect.Dialect - HHH000400: Using dialect: org.hibernate.dialect.MariaDB53Dialect
2026-08-17 10:15:07.221 [main] INFO  o.h.e.t.j.p.i.JtaPlatformInitiator - HHH000490: Using JtaPlatform implementation: [org.hibernate.engine.transaction.jta.platform.internal.NoJtaPlatform]
2026-08-17 10:15:07.221 [main] INFO  o.s.o.j.LocalContainerEntityManagerFactoryBean - Initialized JPA EntityManagerFactory for persistence unit 'default'
2026-08-17 10:15:07.252 [main] WARN  o.s.b.a.o.j.JpaBaseConfiguration$JpaWebConfiguration - spring.jpa.open-in-view is enabled by default. Therefore, database queries may be performed during view rendering. Explicitly configure spring.jpa.open-in-view to disable this warning
2026-08-17 10:15:07.489 [main] INFO  o.s.s.web.DefaultSecurityFilterChain - Will secure any request with [org.springframework.security.web.context.request.async.WebAsyncManagerIntegrationFilter@373743f, org.springframework.security.web.context.SecurityContextPersistenceFilter@1d4d1621, org.springframework.security.web.header.HeaderWriterFilter@7e634ead, org.springframework.security.web.csrf.CsrfFilter@59ea8f1b, org.springframework.security.web.authentication.logout.LogoutFilter@245c8ea5, org.springframework.security.oauth2.server.resource.web.BearerTokenAuthenticationFilter@5fce034f, org.springframework.security.web.savedrequest.RequestCacheAwareFilter@7145469, org.springframework.security.web.servletapi.SecurityContextHolderAwareRequestFilter@646e17b9, org.springframework.security.web.authentication.AnonymousAuthenticationFilter@75591913, org.springframework.security.web.session.SessionManagementFilter@6ded49c4, org.springframework.security.web.access.ExceptionTranslationFilter@4aebeda8, org.springframework.security.web.access.intercept.FilterSecurityInterceptor@2f7aab02]
2026-08-17 10:15:07.552 [main] INFO  o.s.s.c.ThreadPoolTaskExecutor - Initializing ExecutorService 'applicationTaskExecutor'
2026-08-17 10:15:07.712 [main] INFO  o.s.s.c.ThreadPoolTaskScheduler - Initializing ExecutorService 'taskScheduler'
2026-08-17 10:15:07.758 [main] INFO  o.s.b.t.m.w.SpringBootMockServletContext - Initializing Spring TestDispatcherServlet ''
2026-08-17 10:15:07.759 [main] INFO  o.s.t.w.s.TestDispatcherServlet - Initializing Servlet ''
2026-08-17 10:15:07.763 [main] INFO  o.s.b.a.e.web.EndpointLinksResolver - Exposing 1 endpoint(s) beneath base path '/actuator'
2026-08-17 10:15:07.776 [main] INFO  o.s.t.w.s.TestDispatcherServlet - Completed initialization in 17 ms
2026-08-17 10:15:07.789 [main] INFO  c.v.f.EndToEndIntegrationTest - Started EndToEndIntegrationTest in 0.94 seconds (JVM running for 8.409)
2026-08-17 10:15:07.790 [main] INFO  c.v.f.s.KeycloakUserSyncCronjob - Starting Keycloak user synchronization...
2026-08-17 10:15:07.828 [main] INFO  c.v.f.aspect.LoggingAspect - [[BEFORE]] [2026-08-17T03:15:07.828822Z] method: UserServiceImpl.createUser(..), params: [com.viettelsoftware.firstspringboot.entity.User@4e5c1817]
2026-08-17 10:15:07.885 [main] INFO  c.v.f.aspect.LoggingAspect - [[AFTER]] [2026-08-17T03:15:07.885028Z] method: UserServiceImpl.createUser(..), params: [com.viettelsoftware.firstspringboot.entity.User@4e5c1817]
2026-08-17 10:15:07.885 [main] INFO  c.v.f.aspect.LoggingAspect - [[BEFORE]] [2026-08-17T03:15:07.885129Z] method: UserServiceImpl.createUser(..), params: [com.viettelsoftware.firstspringboot.entity.User@4ba64e36]
2026-08-17 10:15:07.921 [main] INFO  c.v.f.aspect.LoggingAspect - [[AFTER]] [2026-08-17T03:15:07.921360Z] method: UserServiceImpl.createUser(..), params: [com.viettelsoftware.firstspringboot.entity.User@4ba64e36]
2026-08-17 10:15:07.921 [main] INFO  c.v.f.s.KeycloakUserSyncCronjob - Keycloak user synchronization completed successfully. Synced 2 users.
2026-08-17 10:15:07.963 [main] INFO  c.v.f.aspect.LoggingAspect - [[BEFORE]] [2026-08-17T03:15:07.963816Z] method: TaskController.getTasks(), params: []
2026-08-17 10:15:07.967 [main] INFO  c.v.f.aspect.LoggingAspect - [[BEFORE]] [2026-08-17T03:15:07.966988Z] method: TaskServiceImpl.getTasks(), params: []
2026-08-17 10:15:07.976 [main] INFO  c.v.f.aspect.LoggingAspect - [[AFTER]] [2026-08-17T03:15:07.976881Z] method: TaskServiceImpl.getTasks(), params: []
2026-08-17 10:15:07.976 [main] INFO  c.v.f.aspect.LoggingAspect - [[AFTER]] [2026-08-17T03:15:07.976980Z] method: TaskController.getTasks(), params: []
2026-08-17 10:15:08.004 [main] INFO  c.v.f.aspect.LoggingAspect - [[BEFORE]] [2026-08-17T03:15:08.004271Z] method: TaskController.exportTasks(), params: []
2026-08-17 10:15:08.004 [main] INFO  c.v.f.aspect.LoggingAspect - [[BEFORE]] [2026-08-17T03:15:08.004385Z] method: TaskServiceImpl.getTasks(), params: []
2026-08-17 10:15:08.005 [main] INFO  c.v.f.aspect.LoggingAspect - [[AFTER]] [2026-08-17T03:15:08.005731Z] method: TaskServiceImpl.getTasks(), params: []
2026-08-17 10:15:08.005 [main] INFO  c.v.f.aspect.LoggingAspect - [[BEFORE]] [2026-08-17T03:15:08.005828Z] method: TaskExportServiceImpl.exportTasks(..), params: [[com.viettelsoftware.firstspringboot.entity.Task@31ba0af0, com.viettelsoftware.firstspringboot.entity.Task@752ccee0, com.viettelsoftware.firstspringboot.entity.Task@28ec9c23]]
2026-08-17 10:15:08.008 [main] INFO  org.jxls.util.TransformerFactory - Loading transformer by class org.jxls.transform.poi.PoiTransformer
2026-08-17 10:15:08.039 [main] INFO  c.v.f.aspect.LoggingAspect - [[AFTER]] [2026-08-17T03:15:08.039336Z] method: TaskExportServiceImpl.exportTasks(..), params: [[com.viettelsoftware.firstspringboot.entity.Task@31ba0af0, com.viettelsoftware.firstspringboot.entity.Task@752ccee0, com.viettelsoftware.firstspringboot.entity.Task@28ec9c23]]
2026-08-17 10:15:08.040 [main] INFO  c.v.f.aspect.LoggingAspect - [[AFTER]] [2026-08-17T03:15:08.040083Z] method: TaskController.exportTasks(), params: []
2026-08-17 10:15:08.087 [main] WARN  o.s.w.s.m.s.DefaultHandlerExceptionResolver - Resolved [org.springframework.web.bind.MethodArgumentNotValidException: Validation failed for argument [0] in public com.viettelsoftware.firstspringboot.entity.Task com.viettelsoftware.firstspringboot.controller.TaskController.createTask(com.viettelsoftware.firstspringboot.dto.CreateTaskRequest): [Field error in object 'createTaskRequest' on field 'description': rejected value [ Invalid Description ]; codes [ValidTaskDescription.createTaskRequest.description,ValidTaskDescription.description,ValidTaskDescription.java.lang.String,ValidTaskDescription]; arguments [org.springframework.context.support.DefaultMessageSourceResolvable: codes [createTaskRequest.description,description]; arguments []; default message [description]]; default message [Invalid task description (must be `@NotBlank + @Size(max = 255) + @Pattern(regexp = "^\S(?:.*\S)?$")`)]] ]
2026-08-17 10:15:08.091 [main] INFO  c.v.f.aspect.LoggingAspect - [[BEFORE]] [2026-08-17T03:15:08.091664Z] method: UserController.profile(..), params: [JwtAuthenticationToken [Principal=org.springframework.security.oauth2.jwt.Jwt@bbd01fb9, Credentials=[PROTECTED], Authenticated=true, Details=null, Granted Authorities=[REALM_ROLE_GET]]]
2026-08-17 10:15:08.094 [main] INFO  c.v.f.aspect.LoggingAspect - [[AFTER]] [2026-08-17T03:15:08.094429Z] method: UserController.profile(..), params: [JwtAuthenticationToken [Principal=org.springframework.security.oauth2.jwt.Jwt@bbd01fb9, Credentials=[PROTECTED], Authenticated=true, Details=null, Granted Authorities=[REALM_ROLE_GET]]]
2026-08-17 10:15:08.112 [main] INFO  c.v.f.aspect.LoggingAspect - [[BEFORE]] [2026-08-17T03:15:08.112970Z] method: UserController.createUser(..), params: [com.viettelsoftware.firstspringboot.dto.CreateUserRequest@2604e76]
2026-08-17 10:15:08.113 [main] INFO  c.v.f.aspect.LoggingAspect - [[BEFORE]] [2026-08-17T03:15:08.113112Z] method: UserServiceImpl.createUser(..), params: [com.viettelsoftware.firstspringboot.entity.User@786a4eb2]
2026-08-17 10:15:08.155 [main] INFO  c.v.f.aspect.LoggingAspect - [[AFTER]] [2026-08-17T03:15:08.155410Z] method: UserServiceImpl.createUser(..), params: [com.viettelsoftware.firstspringboot.entity.User@786a4eb2]
2026-08-17 10:15:08.155 [main] INFO  c.v.f.aspect.LoggingAspect - [[AFTER]] [2026-08-17T03:15:08.155504Z] method: UserController.createUser(..), params: [com.viettelsoftware.firstspringboot.dto.CreateUserRequest@2604e76]
2026-08-17 10:15:08.159 [main] INFO  c.v.f.aspect.LoggingAspect - [[BEFORE]] [2026-08-17T03:15:08.159351Z] method: UserController.getUsers(), params: []
2026-08-17 10:15:08.159 [main] INFO  c.v.f.aspect.LoggingAspect - [[BEFORE]] [2026-08-17T03:15:08.159513Z] method: UserServiceImpl.getUsers(), params: []
2026-08-17 10:15:08.164 [main] INFO  c.v.f.aspect.LoggingAspect - [[AFTER]] [2026-08-17T03:15:08.164113Z] method: UserServiceImpl.getUsers(), params: []
2026-08-17 10:15:08.164 [main] INFO  c.v.f.aspect.LoggingAspect - [[AFTER]] [2026-08-17T03:15:08.164207Z] method: UserController.getUsers(), params: []
2026-08-17 10:15:08.166 [main] INFO  c.v.f.aspect.LoggingAspect - [[BEFORE]] [2026-08-17T03:15:08.166880Z] method: UserController.exportUsers(), params: []
2026-08-17 10:15:08.167 [main] INFO  c.v.f.aspect.LoggingAspect - [[BEFORE]] [2026-08-17T03:15:08.167357Z] method: UserServiceImpl.getUsers(), params: []
2026-08-17 10:15:08.169 [main] INFO  c.v.f.aspect.LoggingAspect - [[AFTER]] [2026-08-17T03:15:08.169787Z] method: UserServiceImpl.getUsers(), params: []
2026-08-17 10:15:08.169 [main] INFO  c.v.f.aspect.LoggingAspect - [[BEFORE]] [2026-08-17T03:15:08.169948Z] method: UserExportServiceImpl.exportUsers(..), params: [[com.viettelsoftware.firstspringboot.entity.User@6571d5a1, com.viettelsoftware.firstspringboot.entity.User@132b00bb, com.viettelsoftware.firstspringboot.entity.User@134a27c1, com.viettelsoftware.firstspringboot.entity.User@6015326]]
2026-08-17 10:15:08.172 [main] INFO  org.jxls.util.TransformerFactory - Loading transformer by class org.jxls.transform.poi.PoiTransformer
2026-08-17 10:15:08.211 [main] INFO  c.v.f.aspect.LoggingAspect - [[AFTER]] [2026-08-17T03:15:08.211772Z] method: UserExportServiceImpl.exportUsers(..), params: [[com.viettelsoftware.firstspringboot.entity.User@6571d5a1, com.viettelsoftware.firstspringboot.entity.User@132b00bb, com.viettelsoftware.firstspringboot.entity.User@134a27c1, com.viettelsoftware.firstspringboot.entity.User@6015326]]
2026-08-17 10:15:08.212 [main] INFO  c.v.f.aspect.LoggingAspect - [[AFTER]] [2026-08-17T03:15:08.212134Z] method: UserController.exportUsers(), params: []
2026-08-17 10:15:08.245 [main] INFO  c.v.f.s.KeycloakUserSyncCronjob - Starting Keycloak user synchronization...
2026-08-17 10:15:08.248 [main] ERROR c.v.f.s.KeycloakUserSyncCronjob - Error occurred while syncing Keycloak users: I/O error on POST request for "http://localhost:9999/realms/master/protocol/openid-connect/token": Connection refused (Connection refused); nested exception is java.net.ConnectException: Connection refused (Connection refused)
org.springframework.web.client.ResourceAccessException: I/O error on POST request for "http://localhost:9999/realms/master/protocol/openid-connect/token": Connection refused (Connection refused); nested exception is java.net.ConnectException: Connection refused (Connection refused)
	at org.springframework.web.client.RestTemplate.doExecute(RestTemplate.java:784)
	at org.springframework.web.client.RestTemplate.execute(RestTemplate.java:710)
	at org.springframework.web.client.RestTemplate.exchange(RestTemplate.java:630)
	at com.viettelsoftware.firstspringboot.scheduler.KeycloakUserSyncCronjob.getAdminAccessToken(KeycloakUserSyncCronjob.java:114)
	at com.viettelsoftware.firstspringboot.scheduler.KeycloakUserSyncCronjob.syncKeycloakUsers(KeycloakUserSyncCronjob.java:56)
	at com.viettelsoftware.firstspringboot.scheduler.KeycloakUserSyncCronjobTest.lambda$testSyncKeycloakUsersHandledGracefullyWhenServerDown$0(KeycloakUserSyncCronjobTest.java:33)
	at org.junit.jupiter.api.AssertDoesNotThrow.assertDoesNotThrow(AssertDoesNotThrow.java:50)
	at org.junit.jupiter.api.AssertDoesNotThrow.assertDoesNotThrow(AssertDoesNotThrow.java:37)
	at org.junit.jupiter.api.Assertions.assertDoesNotThrow(Assertions.java:3060)
	at com.viettelsoftware.firstspringboot.scheduler.KeycloakUserSyncCronjobTest.testSyncKeycloakUsersHandledGracefullyWhenServerDown(KeycloakUserSyncCronjobTest.java:33)
	at java.base/jdk.internal.reflect.NativeMethodAccessorImpl.invoke0(Native Method)
	at java.base/jdk.internal.reflect.NativeMethodAccessorImpl.invoke(NativeMethodAccessorImpl.java:62)
	at java.base/jdk.internal.reflect.DelegatingMethodAccessorImpl.invoke(DelegatingMethodAccessorImpl.java:43)
	at java.base/java.lang.reflect.Method.invoke(Method.java:566)
	at org.junit.platform.commons.util.ReflectionUtils.invokeMethod(ReflectionUtils.java:688)
	at org.junit.jupiter.engine.execution.MethodInvocation.proceed(MethodInvocation.java:60)
	at org.junit.jupiter.engine.execution.InvocationInterceptorChain$ValidatingInvocation.proceed(InvocationInterceptorChain.java:131)
	at org.junit.jupiter.engine.extension.TimeoutExtension.intercept(TimeoutExtension.java:149)
	at org.junit.jupiter.engine.extension.TimeoutExtension.interceptTestableMethod(TimeoutExtension.java:140)
	at org.junit.jupiter.engine.extension.TimeoutExtension.interceptTestMethod(TimeoutExtension.java:84)
	at org.junit.jupiter.engine.execution.ExecutableInvoker$ReflectiveInterceptorCall.lambda$ofVoidMethod$0(ExecutableInvoker.java:115)
	at org.junit.jupiter.engine.execution.ExecutableInvoker.lambda$invoke$0(ExecutableInvoker.java:105)
	at org.junit.jupiter.engine.execution.InvocationInterceptorChain$InterceptedInvocation.proceed(InvocationInterceptorChain.java:106)
	at org.junit.jupiter.engine.execution.InvocationInterceptorChain.proceed(InvocationInterceptorChain.java:64)
	at org.junit.jupiter.engine.execution.InvocationInterceptorChain.chainAndInvoke(InvocationInterceptorChain.java:45)
	at org.junit.jupiter.engine.execution.InvocationInterceptorChain.invoke(InvocationInterceptorChain.java:37)
	at org.junit.jupiter.engine.execution.ExecutableInvoker.invoke(ExecutableInvoker.java:104)
	at org.junit.jupiter.engine.execution.ExecutableInvoker.invoke(ExecutableInvoker.java:98)
	at org.junit.jupiter.engine.descriptor.TestMethodTestDescriptor.lambda$invokeTestMethod$6(TestMethodTestDescriptor.java:210)
	at org.junit.platform.engine.support.hierarchical.ThrowableCollector.execute(ThrowableCollector.java:73)
	at org.junit.jupiter.engine.descriptor.TestMethodTestDescriptor.invokeTestMethod(TestMethodTestDescriptor.java:206)
	at org.junit.jupiter.engine.descriptor.TestMethodTestDescriptor.execute(TestMethodTestDescriptor.java:131)
	at org.junit.jupiter.engine.descriptor.TestMethodTestDescriptor.execute(TestMethodTestDescriptor.java:65)
	at org.junit.platform.engine.support.hierarchical.NodeTestTask.lambda$executeRecursively$5(NodeTestTask.java:139)
	at org.junit.platform.engine.support.hierarchical.ThrowableCollector.execute(ThrowableCollector.java:73)
	at org.junit.platform.engine.support.hierarchical.NodeTestTask.lambda$executeRecursively$7(NodeTestTask.java:129)
	at org.junit.platform.engine.support.hierarchical.Node.around(Node.java:137)
	at org.junit.platform.engine.support.hierarchical.NodeTestTask.lambda$executeRecursively$8(NodeTestTask.java:127)
	at org.junit.platform.engine.support.hierarchical.ThrowableCollector.execute(ThrowableCollector.java:73)
	at org.junit.platform.engine.support.hierarchical.NodeTestTask.executeRecursively(NodeTestTask.java:126)
	at org.junit.platform.engine.support.hierarchical.NodeTestTask.execute(NodeTestTask.java:84)
	at java.base/java.util.ArrayList.forEach(ArrayList.java:1541)
	at org.junit.platform.engine.support.hierarchical.SameThreadHierarchicalTestExecutorService.invokeAll(SameThreadHierarchicalTestExecutorService.java:38)
	at org.junit.platform.engine.support.hierarchical.NodeTestTask.lambda$executeRecursively$5(NodeTestTask.java:143)
	at org.junit.platform.engine.support.hierarchical.ThrowableCollector.execute(ThrowableCollector.java:73)
	at org.junit.platform.engine.support.hierarchical.NodeTestTask.lambda$executeRecursively$7(NodeTestTask.java:129)
	at org.junit.platform.engine.support.hierarchical.Node.around(Node.java:137)
	at org.junit.platform.engine.support.hierarchical.NodeTestTask.lambda$executeRecursively$8(NodeTestTask.java:127)
	at org.junit.platform.engine.support.hierarchical.ThrowableCollector.execute(ThrowableCollector.java:73)
	at org.junit.platform.engine.support.hierarchical.NodeTestTask.executeRecursively(NodeTestTask.java:126)
	at org.junit.platform.engine.support.hierarchical.NodeTestTask.execute(NodeTestTask.java:84)
	at java.base/java.util.ArrayList.forEach(ArrayList.java:1541)
	at org.junit.platform.engine.support.hierarchical.SameThreadHierarchicalTestExecutorService.invokeAll(SameThreadHierarchicalTestExecutorService.java:38)
	at org.junit.platform.engine.support.hierarchical.NodeTestTask.lambda$executeRecursively$5(NodeTestTask.java:143)
	at org.junit.platform.engine.support.hierarchical.ThrowableCollector.execute(ThrowableCollector.java:73)
	at org.junit.platform.engine.support.hierarchical.NodeTestTask.lambda$executeRecursively$7(NodeTestTask.java:129)
	at org.junit.platform.engine.support.hierarchical.Node.around(Node.java:137)
	at org.junit.platform.engine.support.hierarchical.NodeTestTask.lambda$executeRecursively$8(NodeTestTask.java:127)
	at org.junit.platform.engine.support.hierarchical.ThrowableCollector.execute(ThrowableCollector.java:73)
	at org.junit.platform.engine.support.hierarchical.NodeTestTask.executeRecursively(NodeTestTask.java:126)
	at org.junit.platform.engine.support.hierarchical.NodeTestTask.execute(NodeTestTask.java:84)
	at org.junit.platform.engine.support.hierarchical.SameThreadHierarchicalTestExecutorService.submit(SameThreadHierarchicalTestExecutorService.java:32)
	at org.junit.platform.engine.support.hierarchical.HierarchicalTestExecutor.execute(HierarchicalTestExecutor.java:57)
	at org.junit.platform.engine.support.hierarchical.HierarchicalTestEngine.execute(HierarchicalTestEngine.java:51)
	at org.junit.platform.launcher.core.DefaultLauncher.execute(DefaultLauncher.java:220)
	at org.junit.platform.launcher.core.DefaultLauncher.lambda$execute$6(DefaultLauncher.java:188)
	at org.junit.platform.launcher.core.DefaultLauncher.withInterceptedStreams(DefaultLauncher.java:202)
	at org.junit.platform.launcher.core.DefaultLauncher.execute(DefaultLauncher.java:181)
	at org.junit.platform.launcher.core.DefaultLauncher.execute(DefaultLauncher.java:128)
	at org.apache.maven.surefire.junitplatform.JUnitPlatformProvider.invokeAllTests(JUnitPlatformProvider.java:150)
	at org.apache.maven.surefire.junitplatform.JUnitPlatformProvider.invoke(JUnitPlatformProvider.java:124)
	at org.apache.maven.surefire.booter.ForkedBooter.invokeProviderInSameClassLoader(ForkedBooter.java:384)
	at org.apache.maven.surefire.booter.ForkedBooter.runSuitesInProcess(ForkedBooter.java:345)
	at org.apache.maven.surefire.booter.ForkedBooter.execute(ForkedBooter.java:126)
	at org.apache.maven.surefire.booter.ForkedBooter.main(ForkedBooter.java:418)
Caused by: java.net.ConnectException: Connection refused (Connection refused)
	at java.base/java.net.PlainSocketImpl.socketConnect(Native Method)
	at java.base/java.net.AbstractPlainSocketImpl.doConnect(AbstractPlainSocketImpl.java:412)
	at java.base/java.net.AbstractPlainSocketImpl.connectToAddress(AbstractPlainSocketImpl.java:255)
	at java.base/java.net.AbstractPlainSocketImpl.connect(AbstractPlainSocketImpl.java:237)
	at java.base/java.net.Socket.connect(Socket.java:609)
	at java.base/java.net.Socket.connect(Socket.java:558)
	at java.base/sun.net.NetworkClient.doConnect(NetworkClient.java:182)
	at java.base/sun.net.www.http.HttpClient.openServer(HttpClient.java:509)
	at java.base/sun.net.www.http.HttpClient.openServer(HttpClient.java:604)
	at java.base/sun.net.www.http.HttpClient.<init>(HttpClient.java:279)
	at java.base/sun.net.www.http.HttpClient.New(HttpClient.java:376)
	at java.base/sun.net.www.http.HttpClient.New(HttpClient.java:397)
	at java.base/sun.net.www.protocol.http.HttpURLConnection.getNewHttpClient(HttpURLConnection.java:1270)
	at java.base/sun.net.www.protocol.http.HttpURLConnection.plainConnect0(HttpURLConnection.java:1204)
	at java.base/sun.net.www.protocol.http.HttpURLConnection.plainConnect(HttpURLConnection.java:1098)
	at java.base/sun.net.www.protocol.http.HttpURLConnection.connect(HttpURLConnection.java:1032)
	at org.springframework.http.client.SimpleBufferingClientHttpRequest.executeInternal(SimpleBufferingClientHttpRequest.java:76)
	at org.springframework.http.client.AbstractBufferingClientHttpRequest.executeInternal(AbstractBufferingClientHttpRequest.java:48)
	at org.springframework.http.client.AbstractClientHttpRequest.execute(AbstractClientHttpRequest.java:66)
	at org.springframework.web.client.RestTemplate.doExecute(RestTemplate.java:775)
	... 74 common frames omitted
2026-08-17 10:15:08.257 [SpringContextShutdownHook] INFO  o.s.s.c.ThreadPoolTaskScheduler - Shutting down ExecutorService 'taskScheduler'
2026-08-17 10:15:08.257 [SpringContextShutdownHook] INFO  o.s.s.c.ThreadPoolTaskScheduler - Shutting down ExecutorService 'taskScheduler'
2026-08-17 10:15:08.258 [SpringContextShutdownHook] INFO  o.s.s.c.ThreadPoolTaskExecutor - Shutting down ExecutorService 'applicationTaskExecutor'
2026-08-17 10:15:08.258 [SpringContextShutdownHook] INFO  o.s.s.c.ThreadPoolTaskExecutor - Shutting down ExecutorService 'applicationTaskExecutor'
2026-08-17 10:15:08.261 [SpringContextShutdownHook] INFO  o.s.o.j.LocalContainerEntityManagerFactoryBean - Closing JPA EntityManagerFactory for persistence unit 'default'
2026-08-17 10:15:08.261 [SpringContextShutdownHook] INFO  o.s.o.j.LocalContainerEntityManagerFactoryBean - Closing JPA EntityManagerFactory for persistence unit 'default'
2026-08-17 10:15:08.263 [SpringContextShutdownHook] INFO  com.zaxxer.hikari.HikariDataSource - HikariPool-2 - Shutdown initiated...
2026-08-17 10:15:08.263 [SpringContextShutdownHook] INFO  com.zaxxer.hikari.HikariDataSource - HikariPool-1 - Shutdown initiated...
2026-08-17 10:15:08.267 [SpringContextShutdownHook] INFO  com.zaxxer.hikari.HikariDataSource - HikariPool-2 - Shutdown completed.
2026-08-17 10:15:08.267 [SpringContextShutdownHook] INFO  com.zaxxer.hikari.HikariDataSource - HikariPool-1 - Shutdown completed.
2026-08-17 10:15:28.529 [main] INFO  c.v.f.FirstspringbootApplicationTests - Starting FirstspringbootApplicationTests using Java 11.0.32 on lenovo-legion-16iah7h-PF3XJ8SP with PID 112146 (started by ayin in /home/ayin/projs/firstspringboot)
2026-08-17 10:15:28.530 [main] INFO  c.v.f.FirstspringbootApplicationTests - No active profile set, falling back to default profiles: default
2026-08-17 10:15:29.192 [main] INFO  o.s.d.r.c.RepositoryConfigurationDelegate - Bootstrapping Spring Data JPA repositories in DEFAULT mode.
2026-08-17 10:15:29.237 [main] INFO  o.s.d.r.c.RepositoryConfigurationDelegate - Finished Spring Data repository scanning in 39 ms. Found 2 JPA repository interfaces.
2026-08-17 10:15:29.588 [main] INFO  o.s.c.s.PostProcessorRegistrationDelegate$BeanPostProcessorChecker - Bean 'org.springframework.security.access.expression.method.DefaultMethodSecurityExpressionHandler@4d3a7f83' of type [org.springframework.security.access.expression.method.DefaultMethodSecurityExpressionHandler] is not eligible for getting processed by all BeanPostProcessors (for example: not eligible for auto-proxying)
2026-08-17 10:15:29.597 [main] INFO  o.s.c.s.PostProcessorRegistrationDelegate$BeanPostProcessorChecker - Bean 'methodSecurityMetadataSource' of type [org.springframework.security.access.method.DelegatingMethodSecurityMetadataSource] is not eligible for getting processed by all BeanPostProcessors (for example: not eligible for auto-proxying)
2026-08-17 10:15:29.750 [main] INFO  com.zaxxer.hikari.HikariDataSource - HikariPool-1 - Starting...
2026-08-17 10:15:29.830 [main] INFO  com.zaxxer.hikari.HikariDataSource - HikariPool-1 - Start completed.
2026-08-17 10:15:30.313 [main] INFO  liquibase.changelog - Reading from firstspringboot.DATABASECHANGELOG
2026-08-17 10:15:30.343 [main] INFO  liquibase.ui - Database is up to date, no changesets to execute
2026-08-17 10:15:30.345 [main] INFO  liquibase.changelog - Reading from firstspringboot.DATABASECHANGELOG
2026-08-17 10:15:30.353 [main] INFO  liquibase.util - UPDATE SUMMARY
2026-08-17 10:15:30.353 [main] INFO  liquibase.util - Run:                          0
2026-08-17 10:15:30.353 [main] INFO  liquibase.util - Previously run:               2
2026-08-17 10:15:30.353 [main] INFO  liquibase.util - Filtered out:                 0
2026-08-17 10:15:30.353 [main] INFO  liquibase.util - -------------------------------
2026-08-17 10:15:30.353 [main] INFO  liquibase.util - Total change sets:            2
2026-08-17 10:15:30.354 [main] INFO  liquibase.util - Update summary generated
2026-08-17 10:15:30.354 [main] INFO  liquibase.command - Command execution complete
2026-08-17 10:15:31.505 [main] INFO  o.h.jpa.internal.util.LogHelper - HHH000204: Processing PersistenceUnitInfo [name: default]
2026-08-17 10:15:31.544 [main] INFO  org.hibernate.Version - HHH000412: Hibernate ORM core version 5.4.25.Final
2026-08-17 10:15:31.572 [main] INFO  o.h.annotations.common.Version - HCANN000001: Hibernate Commons Annotations {5.1.2.Final}
2026-08-17 10:15:31.658 [main] INFO  org.hibernate.dialect.Dialect - HHH000400: Using dialect: org.hibernate.dialect.MariaDB53Dialect
2026-08-17 10:15:31.878 [main] INFO  o.h.e.t.j.p.i.JtaPlatformInitiator - HHH000490: Using JtaPlatform implementation: [org.hibernate.engine.transaction.jta.platform.internal.NoJtaPlatform]
2026-08-17 10:15:31.882 [main] INFO  o.s.o.j.LocalContainerEntityManagerFactoryBean - Initialized JPA EntityManagerFactory for persistence unit 'default'
2026-08-17 10:15:31.925 [main] WARN  o.s.b.a.o.j.JpaBaseConfiguration$JpaWebConfiguration - spring.jpa.open-in-view is enabled by default. Therefore, database queries may be performed during view rendering. Explicitly configure spring.jpa.open-in-view to disable this warning
2026-08-17 10:15:32.830 [main] INFO  o.s.s.web.DefaultSecurityFilterChain - Will secure any request with [org.springframework.security.web.context.request.async.WebAsyncManagerIntegrationFilter@1e1c1634, org.springframework.security.web.context.SecurityContextPersistenceFilter@4c94621d, org.springframework.security.web.header.HeaderWriterFilter@330a6b76, org.springframework.security.web.csrf.CsrfFilter@743b4921, org.springframework.security.web.authentication.logout.LogoutFilter@52418721, org.springframework.security.oauth2.server.resource.web.BearerTokenAuthenticationFilter@5b1b5daf, org.springframework.security.web.savedrequest.RequestCacheAwareFilter@3e51beda, org.springframework.security.web.servletapi.SecurityContextHolderAwareRequestFilter@51bab787, org.springframework.security.web.authentication.AnonymousAuthenticationFilter@4ca3e806, org.springframework.security.web.session.SessionManagementFilter@1132c14, org.springframework.security.web.access.ExceptionTranslationFilter@77614e7c, org.springframework.security.web.access.intercept.FilterSecurityInterceptor@76c6b12c]
2026-08-17 10:15:32.979 [main] INFO  o.s.s.c.ThreadPoolTaskExecutor - Initializing ExecutorService 'applicationTaskExecutor'
2026-08-17 10:15:33.444 [main] INFO  o.s.s.c.ThreadPoolTaskScheduler - Initializing ExecutorService 'taskScheduler'
2026-08-17 10:15:33.472 [main] INFO  o.s.b.a.e.web.EndpointLinksResolver - Exposing 1 endpoint(s) beneath base path '/actuator'
2026-08-17 10:15:33.538 [main] INFO  c.v.f.FirstspringbootApplicationTests - Started FirstspringbootApplicationTests in 5.179 seconds (JVM running for 7.033)
2026-08-17 10:15:33.578 [main] INFO  c.v.f.s.KeycloakUserSyncCronjob - Starting Keycloak user synchronization...
2026-08-17 10:15:33.635 [main] INFO  c.v.f.aspect.LoggingAspect - [[BEFORE]] [2026-08-17T03:15:33.635184Z] method: UserServiceImpl.createUser(..), params: [com.viettelsoftware.firstspringboot.entity.User@371fcc18]
2026-08-17 10:15:33.797 [main] INFO  c.v.f.aspect.LoggingAspect - [[AFTER]] [2026-08-17T03:15:33.797717Z] method: UserServiceImpl.createUser(..), params: [com.viettelsoftware.firstspringboot.entity.User@371fcc18]
2026-08-17 10:15:33.797 [main] INFO  c.v.f.aspect.LoggingAspect - [[BEFORE]] [2026-08-17T03:15:33.797826Z] method: UserServiceImpl.createUser(..), params: [com.viettelsoftware.firstspringboot.entity.User@55d683cb]
2026-08-17 10:15:33.842 [main] INFO  c.v.f.aspect.LoggingAspect - [[AFTER]] [2026-08-17T03:15:33.842716Z] method: UserServiceImpl.createUser(..), params: [com.viettelsoftware.firstspringboot.entity.User@55d683cb]
2026-08-17 10:15:33.842 [main] INFO  c.v.f.s.KeycloakUserSyncCronjob - Keycloak user synchronization completed successfully. Synced 2 users.
2026-08-17 10:15:33.872 [main] INFO  c.v.f.aspect.LoggingAspect - [[BEFORE]] [2026-08-17T03:15:33.872189Z] method: TaskService.getTasks(), params: []
2026-08-17 10:15:33.872 [main] INFO  c.v.f.aspect.LoggingAspect - [[AFTER]] [2026-08-17T03:15:33.872529Z] method: TaskService.getTasks(), params: []
2026-08-17 10:15:33.874 [main] INFO  c.v.f.aspect.LoggingAspect - [[BEFORE]] [2026-08-17T03:15:33.873904Z] method: TestService.testMethod(), params: [arg1]
2026-08-17 10:15:33.874 [main] INFO  c.v.f.aspect.LoggingAspect - [[AFTER]] [2026-08-17T03:15:33.874039Z] method: TestService.testMethod(), params: [arg1]
2026-08-17 10:15:34.109 [main] INFO  o.s.b.t.c.SpringBootTestContextBootstrapper - Neither @ContextConfiguration nor @ContextHierarchy found for test class [com.viettelsoftware.firstspringboot.EndToEndIntegrationTest], using SpringBootContextLoader
2026-08-17 10:15:34.109 [main] INFO  o.s.t.c.s.AbstractContextLoader - Could not detect default resource locations for test class [com.viettelsoftware.firstspringboot.EndToEndIntegrationTest]: no resource found for suffixes {-context.xml, Context.groovy}.
2026-08-17 10:15:34.109 [main] INFO  o.s.t.c.s.AnnotationConfigContextLoaderUtils - Could not detect default configuration classes for test class [com.viettelsoftware.firstspringboot.EndToEndIntegrationTest]: EndToEndIntegrationTest does not declare any static, non-private, non-final, nested classes annotated with @Configuration.
2026-08-17 10:15:34.113 [main] INFO  o.s.b.t.c.SpringBootTestContextBootstrapper - Found @SpringBootConfiguration com.viettelsoftware.firstspringboot.FirstspringbootApplication for test class com.viettelsoftware.firstspringboot.EndToEndIntegrationTest
2026-08-17 10:15:34.114 [main] INFO  o.s.b.t.c.SpringBootTestContextBootstrapper - Loaded default TestExecutionListener class names from location [META-INF/spring.factories]: [org.springframework.boot.test.mock.mockito.MockitoTestExecutionListener, org.springframework.boot.test.mock.mockito.ResetMocksTestExecutionListener, org.springframework.boot.test.autoconfigure.restdocs.RestDocsTestExecutionListener, org.springframework.boot.test.autoconfigure.web.client.MockRestServiceServerResetTestExecutionListener, org.springframework.boot.test.autoconfigure.web.servlet.MockMvcPrintOnlyOnFailureTestExecutionListener, org.springframework.boot.test.autoconfigure.web.servlet.WebDriverTestExecutionListener, org.springframework.boot.test.autoconfigure.webservices.client.MockWebServiceServerTestExecutionListener, org.springframework.test.context.web.ServletTestExecutionListener, org.springframework.test.context.support.DirtiesContextBeforeModesTestExecutionListener, org.springframework.test.context.support.DependencyInjectionTestExecutionListener, org.springframework.test.context.support.DirtiesContextTestExecutionListener, org.springframework.test.context.transaction.TransactionalTestExecutionListener, org.springframework.test.context.jdbc.SqlScriptsTestExecutionListener, org.springframework.test.context.event.EventPublishingTestExecutionListener, org.springframework.security.test.context.support.WithSecurityContextTestExecutionListener, org.springframework.security.test.context.support.ReactorContextTestExecutionListener]
2026-08-17 10:15:34.114 [main] INFO  o.s.b.t.c.SpringBootTestContextBootstrapper - Using TestExecutionListeners: [org.springframework.test.context.web.ServletTestExecutionListener@476a0071, org.springframework.test.context.support.DirtiesContextBeforeModesTestExecutionListener@372ea7fa, org.springframework.boot.test.mock.mockito.MockitoTestExecutionListener@4b7e2cbb, org.springframework.boot.test.autoconfigure.SpringBootDependencyInjectionTestExecutionListener@12dac814, org.springframework.test.context.support.DirtiesContextTestExecutionListener@5a42bb6, org.springframework.test.context.transaction.TransactionalTestExecutionListener@47f74d8f, org.springframework.test.context.jdbc.SqlScriptsTestExecutionListener@7dd6aa3e, org.springframework.test.context.event.EventPublishingTestExecutionListener@398857f8, org.springframework.security.test.context.support.WithSecurityContextTestExecutionListener@1d5522e4, org.springframework.security.test.context.support.ReactorContextTestExecutionListener@60339ff4, org.springframework.boot.test.mock.mockito.ResetMocksTestExecutionListener@287c4e96, org.springframework.boot.test.autoconfigure.restdocs.RestDocsTestExecutionListener@53b0fbf6, org.springframework.boot.test.autoconfigure.web.client.MockRestServiceServerResetTestExecutionListener@67c6b166, org.springframework.boot.test.autoconfigure.web.servlet.MockMvcPrintOnlyOnFailureTestExecutionListener@1bf64e55, org.springframework.boot.test.autoconfigure.web.servlet.WebDriverTestExecutionListener@51b4ab43, org.springframework.boot.test.autoconfigure.webservices.client.MockWebServiceServerTestExecutionListener@50f95c8]
2026-08-17 10:15:34.125 [main] INFO  c.v.f.EndToEndIntegrationTest - Starting EndToEndIntegrationTest using Java 11.0.32 on lenovo-legion-16iah7h-PF3XJ8SP with PID 112146 (started by ayin in /home/ayin/projs/firstspringboot)
2026-08-17 10:15:34.126 [main] INFO  c.v.f.EndToEndIntegrationTest - No active profile set, falling back to default profiles: default
2026-08-17 10:15:34.238 [main] INFO  o.s.d.r.c.RepositoryConfigurationDelegate - Bootstrapping Spring Data JPA repositories in DEFAULT mode.
2026-08-17 10:15:34.244 [main] INFO  o.s.d.r.c.RepositoryConfigurationDelegate - Finished Spring Data repository scanning in 5 ms. Found 2 JPA repository interfaces.
2026-08-17 10:15:34.293 [main] INFO  o.s.c.s.PostProcessorRegistrationDelegate$BeanPostProcessorChecker - Bean 'org.springframework.security.access.expression.method.DefaultMethodSecurityExpressionHandler@4af2f2ae' of type [org.springframework.security.access.expression.method.DefaultMethodSecurityExpressionHandler] is not eligible for getting processed by all BeanPostProcessors (for example: not eligible for auto-proxying)
2026-08-17 10:15:34.296 [main] INFO  o.s.c.s.PostProcessorRegistrationDelegate$BeanPostProcessorChecker - Bean 'methodSecurityMetadataSource' of type [org.springframework.security.access.method.DelegatingMethodSecurityMetadataSource] is not eligible for getting processed by all BeanPostProcessors (for example: not eligible for auto-proxying)
2026-08-17 10:15:34.322 [main] INFO  com.zaxxer.hikari.HikariDataSource - HikariPool-2 - Starting...
2026-08-17 10:15:34.324 [main] INFO  com.zaxxer.hikari.HikariDataSource - HikariPool-2 - Start completed.
2026-08-17 10:15:34.356 [main] INFO  liquibase.changelog - Reading from firstspringboot.DATABASECHANGELOG
2026-08-17 10:15:34.363 [main] INFO  liquibase.ui - Database is up to date, no changesets to execute
2026-08-17 10:15:34.364 [main] INFO  liquibase.util - UPDATE SUMMARY
2026-08-17 10:15:34.364 [main] INFO  liquibase.util - Run:                          0
2026-08-17 10:15:34.364 [main] INFO  liquibase.util - Previously run:               2
2026-08-17 10:15:34.364 [main] INFO  liquibase.util - Filtered out:                 0
2026-08-17 10:15:34.364 [main] INFO  liquibase.util - -------------------------------
2026-08-17 10:15:34.364 [main] INFO  liquibase.util - Total change sets:            2
2026-08-17 10:15:34.364 [main] INFO  liquibase.util - Update summary generated
2026-08-17 10:15:34.364 [main] INFO  liquibase.command - Command execution complete
2026-08-17 10:15:34.381 [main] INFO  o.h.jpa.internal.util.LogHelper - HHH000204: Processing PersistenceUnitInfo [name: default]
2026-08-17 10:15:34.384 [main] INFO  org.hibernate.dialect.Dialect - HHH000400: Using dialect: org.hibernate.dialect.MariaDB53Dialect
2026-08-17 10:15:34.401 [main] INFO  o.h.e.t.j.p.i.JtaPlatformInitiator - HHH000490: Using JtaPlatform implementation: [org.hibernate.engine.transaction.jta.platform.internal.NoJtaPlatform]
2026-08-17 10:15:34.401 [main] INFO  o.s.o.j.LocalContainerEntityManagerFactoryBean - Initialized JPA EntityManagerFactory for persistence unit 'default'
2026-08-17 10:15:34.422 [main] WARN  o.s.b.a.o.j.JpaBaseConfiguration$JpaWebConfiguration - spring.jpa.open-in-view is enabled by default. Therefore, database queries may be performed during view rendering. Explicitly configure spring.jpa.open-in-view to disable this warning
2026-08-17 10:15:34.610 [main] INFO  o.s.s.web.DefaultSecurityFilterChain - Will secure any request with [org.springframework.security.web.context.request.async.WebAsyncManagerIntegrationFilter@14e215b, org.springframework.security.web.context.SecurityContextPersistenceFilter@16374086, org.springframework.security.web.header.HeaderWriterFilter@75e1a63e, org.springframework.security.web.csrf.CsrfFilter@6ded49c4, org.springframework.security.web.authentication.logout.LogoutFilter@3b51cbf7, org.springframework.security.oauth2.server.resource.web.BearerTokenAuthenticationFilter@245c8ea5, org.springframework.security.web.savedrequest.RequestCacheAwareFilter@62b8904c, org.springframework.security.web.servletapi.SecurityContextHolderAwareRequestFilter@1a900a73, org.springframework.security.web.authentication.AnonymousAuthenticationFilter@15093d14, org.springframework.security.web.session.SessionManagementFilter@11138809, org.springframework.security.web.access.ExceptionTranslationFilter@60729135, org.springframework.security.web.access.intercept.FilterSecurityInterceptor@515576b0]
2026-08-17 10:15:34.680 [main] INFO  o.s.s.c.ThreadPoolTaskExecutor - Initializing ExecutorService 'applicationTaskExecutor'
2026-08-17 10:15:34.857 [main] INFO  o.s.s.c.ThreadPoolTaskScheduler - Initializing ExecutorService 'taskScheduler'
2026-08-17 10:15:34.885 [main] INFO  o.s.b.t.m.w.SpringBootMockServletContext - Initializing Spring TestDispatcherServlet ''
2026-08-17 10:15:34.886 [main] INFO  o.s.t.w.s.TestDispatcherServlet - Initializing Servlet ''
2026-08-17 10:15:34.889 [main] INFO  o.s.b.a.e.web.EndpointLinksResolver - Exposing 1 endpoint(s) beneath base path '/actuator'
2026-08-17 10:15:34.902 [main] INFO  o.s.t.w.s.TestDispatcherServlet - Completed initialization in 16 ms
2026-08-17 10:15:34.915 [main] INFO  c.v.f.EndToEndIntegrationTest - Started EndToEndIntegrationTest in 0.799 seconds (JVM running for 8.411)
2026-08-17 10:15:34.916 [main] INFO  c.v.f.s.KeycloakUserSyncCronjob - Starting Keycloak user synchronization...
2026-08-17 10:15:34.951 [main] INFO  c.v.f.aspect.LoggingAspect - [[BEFORE]] [2026-08-17T03:15:34.951455Z] method: UserServiceImpl.createUser(..), params: [com.viettelsoftware.firstspringboot.entity.User@5cd549ae]
2026-08-17 10:15:34.997 [main] INFO  c.v.f.aspect.LoggingAspect - [[AFTER]] [2026-08-17T03:15:34.997552Z] method: UserServiceImpl.createUser(..), params: [com.viettelsoftware.firstspringboot.entity.User@5cd549ae]
2026-08-17 10:15:34.997 [main] INFO  c.v.f.aspect.LoggingAspect - [[BEFORE]] [2026-08-17T03:15:34.997658Z] method: UserServiceImpl.createUser(..), params: [com.viettelsoftware.firstspringboot.entity.User@6c173587]
2026-08-17 10:15:35.033 [main] INFO  c.v.f.aspect.LoggingAspect - [[AFTER]] [2026-08-17T03:15:35.033861Z] method: UserServiceImpl.createUser(..), params: [com.viettelsoftware.firstspringboot.entity.User@6c173587]
2026-08-17 10:15:35.033 [main] INFO  c.v.f.s.KeycloakUserSyncCronjob - Keycloak user synchronization completed successfully. Synced 2 users.
2026-08-17 10:15:35.058 [main] INFO  c.v.f.aspect.LoggingAspect - [[BEFORE]] [2026-08-17T03:15:35.058102Z] method: TaskController.getTasks(), params: []
2026-08-17 10:15:35.061 [main] INFO  c.v.f.aspect.LoggingAspect - [[BEFORE]] [2026-08-17T03:15:35.061208Z] method: TaskServiceImpl.getTasks(), params: []
2026-08-17 10:15:35.074 [main] INFO  c.v.f.aspect.LoggingAspect - [[AFTER]] [2026-08-17T03:15:35.074317Z] method: TaskServiceImpl.getTasks(), params: []
2026-08-17 10:15:35.074 [main] INFO  c.v.f.aspect.LoggingAspect - [[AFTER]] [2026-08-17T03:15:35.074401Z] method: TaskController.getTasks(), params: []
2026-08-17 10:15:35.098 [main] INFO  c.v.f.aspect.LoggingAspect - [[BEFORE]] [2026-08-17T03:15:35.098886Z] method: TaskController.exportTasks(), params: []
2026-08-17 10:15:35.099 [main] INFO  c.v.f.aspect.LoggingAspect - [[BEFORE]] [2026-08-17T03:15:35.099061Z] method: TaskServiceImpl.getTasks(), params: []
2026-08-17 10:15:35.100 [main] INFO  c.v.f.aspect.LoggingAspect - [[AFTER]] [2026-08-17T03:15:35.100652Z] method: TaskServiceImpl.getTasks(), params: []
2026-08-17 10:15:35.100 [main] INFO  c.v.f.aspect.LoggingAspect - [[BEFORE]] [2026-08-17T03:15:35.100759Z] method: TaskExportServiceImpl.exportTasks(..), params: [[com.viettelsoftware.firstspringboot.entity.Task@7ed47927, com.viettelsoftware.firstspringboot.entity.Task@2b515b5c, com.viettelsoftware.firstspringboot.entity.Task@31ba0af0]]
2026-08-17 10:15:35.103 [main] INFO  org.jxls.util.TransformerFactory - Loading transformer by class org.jxls.transform.poi.PoiTransformer
2026-08-17 10:15:35.123 [main] INFO  c.v.f.aspect.LoggingAspect - [[AFTER]] [2026-08-17T03:15:35.123420Z] method: TaskExportServiceImpl.exportTasks(..), params: [[com.viettelsoftware.firstspringboot.entity.Task@7ed47927, com.viettelsoftware.firstspringboot.entity.Task@2b515b5c, com.viettelsoftware.firstspringboot.entity.Task@31ba0af0]]
2026-08-17 10:15:35.123 [main] INFO  c.v.f.aspect.LoggingAspect - [[AFTER]] [2026-08-17T03:15:35.123923Z] method: TaskController.exportTasks(), params: []
2026-08-17 10:15:35.166 [main] WARN  o.s.w.s.m.s.DefaultHandlerExceptionResolver - Resolved [org.springframework.web.bind.MethodArgumentNotValidException: Validation failed for argument [0] in public com.viettelsoftware.firstspringboot.entity.Task com.viettelsoftware.firstspringboot.controller.TaskController.createTask(com.viettelsoftware.firstspringboot.dto.CreateTaskRequest): [Field error in object 'createTaskRequest' on field 'description': rejected value [ Invalid Description ]; codes [ValidTaskDescription.createTaskRequest.description,ValidTaskDescription.description,ValidTaskDescription.java.lang.String,ValidTaskDescription]; arguments [org.springframework.context.support.DefaultMessageSourceResolvable: codes [createTaskRequest.description,description]; arguments []; default message [description]]; default message [Invalid task description (must be `@NotBlank + @Size(max = 255) + @Pattern(regexp = "^\S(?:.*\S)?$")`)]] ]
2026-08-17 10:15:35.171 [main] INFO  c.v.f.aspect.LoggingAspect - [[BEFORE]] [2026-08-17T03:15:35.171561Z] method: UserController.profile(..), params: [JwtAuthenticationToken [Principal=org.springframework.security.oauth2.jwt.Jwt@bbd01fb9, Credentials=[PROTECTED], Authenticated=true, Details=null, Granted Authorities=[REALM_ROLE_GET]]]
2026-08-17 10:15:35.174 [main] INFO  c.v.f.aspect.LoggingAspect - [[AFTER]] [2026-08-17T03:15:35.174653Z] method: UserController.profile(..), params: [JwtAuthenticationToken [Principal=org.springframework.security.oauth2.jwt.Jwt@bbd01fb9, Credentials=[PROTECTED], Authenticated=true, Details=null, Granted Authorities=[REALM_ROLE_GET]]]
2026-08-17 10:15:35.193 [main] INFO  c.v.f.aspect.LoggingAspect - [[BEFORE]] [2026-08-17T03:15:35.193240Z] method: UserController.createUser(..), params: [com.viettelsoftware.firstspringboot.dto.CreateUserRequest@1e33dda]
2026-08-17 10:15:35.193 [main] INFO  c.v.f.aspect.LoggingAspect - [[BEFORE]] [2026-08-17T03:15:35.193418Z] method: UserServiceImpl.createUser(..), params: [com.viettelsoftware.firstspringboot.entity.User@674502f9]
2026-08-17 10:15:35.236 [main] INFO  c.v.f.aspect.LoggingAspect - [[AFTER]] [2026-08-17T03:15:35.236827Z] method: UserServiceImpl.createUser(..), params: [com.viettelsoftware.firstspringboot.entity.User@674502f9]
2026-08-17 10:15:35.236 [main] INFO  c.v.f.aspect.LoggingAspect - [[AFTER]] [2026-08-17T03:15:35.236922Z] method: UserController.createUser(..), params: [com.viettelsoftware.firstspringboot.dto.CreateUserRequest@1e33dda]
2026-08-17 10:15:35.240 [main] INFO  c.v.f.aspect.LoggingAspect - [[BEFORE]] [2026-08-17T03:15:35.240925Z] method: UserController.getUsers(), params: []
2026-08-17 10:15:35.241 [main] INFO  c.v.f.aspect.LoggingAspect - [[BEFORE]] [2026-08-17T03:15:35.241113Z] method: UserServiceImpl.getUsers(), params: []
2026-08-17 10:15:35.245 [main] INFO  c.v.f.aspect.LoggingAspect - [[AFTER]] [2026-08-17T03:15:35.245195Z] method: UserServiceImpl.getUsers(), params: []
2026-08-17 10:15:35.245 [main] INFO  c.v.f.aspect.LoggingAspect - [[AFTER]] [2026-08-17T03:15:35.245298Z] method: UserController.getUsers(), params: []
2026-08-17 10:15:35.248 [main] INFO  c.v.f.aspect.LoggingAspect - [[BEFORE]] [2026-08-17T03:15:35.248135Z] method: UserController.exportUsers(), params: []
2026-08-17 10:15:35.248 [main] INFO  c.v.f.aspect.LoggingAspect - [[BEFORE]] [2026-08-17T03:15:35.248597Z] method: UserServiceImpl.getUsers(), params: []
2026-08-17 10:15:35.251 [main] INFO  c.v.f.aspect.LoggingAspect - [[AFTER]] [2026-08-17T03:15:35.251129Z] method: UserServiceImpl.getUsers(), params: []
2026-08-17 10:15:35.251 [main] INFO  c.v.f.aspect.LoggingAspect - [[BEFORE]] [2026-08-17T03:15:35.251282Z] method: UserExportServiceImpl.exportUsers(..), params: [[com.viettelsoftware.firstspringboot.entity.User@38071cdb, com.viettelsoftware.firstspringboot.entity.User@6d9f0836, com.viettelsoftware.firstspringboot.entity.User@6571d5a1, com.viettelsoftware.firstspringboot.entity.User@132b00bb]]
2026-08-17 10:15:35.254 [main] INFO  org.jxls.util.TransformerFactory - Loading transformer by class org.jxls.transform.poi.PoiTransformer
2026-08-17 10:15:35.291 [main] INFO  c.v.f.aspect.LoggingAspect - [[AFTER]] [2026-08-17T03:15:35.291006Z] method: UserExportServiceImpl.exportUsers(..), params: [[com.viettelsoftware.firstspringboot.entity.User@38071cdb, com.viettelsoftware.firstspringboot.entity.User@6d9f0836, com.viettelsoftware.firstspringboot.entity.User@6571d5a1, com.viettelsoftware.firstspringboot.entity.User@132b00bb]]
2026-08-17 10:15:35.291 [main] INFO  c.v.f.aspect.LoggingAspect - [[AFTER]] [2026-08-17T03:15:35.291393Z] method: UserController.exportUsers(), params: []
2026-08-17 10:15:35.332 [main] INFO  c.v.f.s.KeycloakUserSyncCronjob - Starting Keycloak user synchronization...
2026-08-17 10:15:35.334 [main] ERROR c.v.f.s.KeycloakUserSyncCronjob - Error occurred while syncing Keycloak users: I/O error on POST request for "http://localhost:9999/realms/master/protocol/openid-connect/token": Connection refused (Connection refused); nested exception is java.net.ConnectException: Connection refused (Connection refused)
org.springframework.web.client.ResourceAccessException: I/O error on POST request for "http://localhost:9999/realms/master/protocol/openid-connect/token": Connection refused (Connection refused); nested exception is java.net.ConnectException: Connection refused (Connection refused)
	at org.springframework.web.client.RestTemplate.doExecute(RestTemplate.java:784)
	at org.springframework.web.client.RestTemplate.execute(RestTemplate.java:710)
	at org.springframework.web.client.RestTemplate.exchange(RestTemplate.java:630)
	at com.viettelsoftware.firstspringboot.scheduler.KeycloakUserSyncCronjob.getAdminAccessToken(KeycloakUserSyncCronjob.java:114)
	at com.viettelsoftware.firstspringboot.scheduler.KeycloakUserSyncCronjob.syncKeycloakUsers(KeycloakUserSyncCronjob.java:56)
	at com.viettelsoftware.firstspringboot.scheduler.KeycloakUserSyncCronjobTest.lambda$testSyncKeycloakUsersHandledGracefullyWhenServerDown$0(KeycloakUserSyncCronjobTest.java:33)
	at org.junit.jupiter.api.AssertDoesNotThrow.assertDoesNotThrow(AssertDoesNotThrow.java:50)
	at org.junit.jupiter.api.AssertDoesNotThrow.assertDoesNotThrow(AssertDoesNotThrow.java:37)
	at org.junit.jupiter.api.Assertions.assertDoesNotThrow(Assertions.java:3060)
	at com.viettelsoftware.firstspringboot.scheduler.KeycloakUserSyncCronjobTest.testSyncKeycloakUsersHandledGracefullyWhenServerDown(KeycloakUserSyncCronjobTest.java:33)
	at java.base/jdk.internal.reflect.NativeMethodAccessorImpl.invoke0(Native Method)
	at java.base/jdk.internal.reflect.NativeMethodAccessorImpl.invoke(NativeMethodAccessorImpl.java:62)
	at java.base/jdk.internal.reflect.DelegatingMethodAccessorImpl.invoke(DelegatingMethodAccessorImpl.java:43)
	at java.base/java.lang.reflect.Method.invoke(Method.java:566)
	at org.junit.platform.commons.util.ReflectionUtils.invokeMethod(ReflectionUtils.java:688)
	at org.junit.jupiter.engine.execution.MethodInvocation.proceed(MethodInvocation.java:60)
	at org.junit.jupiter.engine.execution.InvocationInterceptorChain$ValidatingInvocation.proceed(InvocationInterceptorChain.java:131)
	at org.junit.jupiter.engine.extension.TimeoutExtension.intercept(TimeoutExtension.java:149)
	at org.junit.jupiter.engine.extension.TimeoutExtension.interceptTestableMethod(TimeoutExtension.java:140)
	at org.junit.jupiter.engine.extension.TimeoutExtension.interceptTestMethod(TimeoutExtension.java:84)
	at org.junit.jupiter.engine.execution.ExecutableInvoker$ReflectiveInterceptorCall.lambda$ofVoidMethod$0(ExecutableInvoker.java:115)
	at org.junit.jupiter.engine.execution.ExecutableInvoker.lambda$invoke$0(ExecutableInvoker.java:105)
	at org.junit.jupiter.engine.execution.InvocationInterceptorChain$InterceptedInvocation.proceed(InvocationInterceptorChain.java:106)
	at org.junit.jupiter.engine.execution.InvocationInterceptorChain.proceed(InvocationInterceptorChain.java:64)
	at org.junit.jupiter.engine.execution.InvocationInterceptorChain.chainAndInvoke(InvocationInterceptorChain.java:45)
	at org.junit.jupiter.engine.execution.InvocationInterceptorChain.invoke(InvocationInterceptorChain.java:37)
	at org.junit.jupiter.engine.execution.ExecutableInvoker.invoke(ExecutableInvoker.java:104)
	at org.junit.jupiter.engine.execution.ExecutableInvoker.invoke(ExecutableInvoker.java:98)
	at org.junit.jupiter.engine.descriptor.TestMethodTestDescriptor.lambda$invokeTestMethod$6(TestMethodTestDescriptor.java:210)
	at org.junit.platform.engine.support.hierarchical.ThrowableCollector.execute(ThrowableCollector.java:73)
	at org.junit.jupiter.engine.descriptor.TestMethodTestDescriptor.invokeTestMethod(TestMethodTestDescriptor.java:206)
	at org.junit.jupiter.engine.descriptor.TestMethodTestDescriptor.execute(TestMethodTestDescriptor.java:131)
	at org.junit.jupiter.engine.descriptor.TestMethodTestDescriptor.execute(TestMethodTestDescriptor.java:65)
	at org.junit.platform.engine.support.hierarchical.NodeTestTask.lambda$executeRecursively$5(NodeTestTask.java:139)
	at org.junit.platform.engine.support.hierarchical.ThrowableCollector.execute(ThrowableCollector.java:73)
	at org.junit.platform.engine.support.hierarchical.NodeTestTask.lambda$executeRecursively$7(NodeTestTask.java:129)
	at org.junit.platform.engine.support.hierarchical.Node.around(Node.java:137)
	at org.junit.platform.engine.support.hierarchical.NodeTestTask.lambda$executeRecursively$8(NodeTestTask.java:127)
	at org.junit.platform.engine.support.hierarchical.ThrowableCollector.execute(ThrowableCollector.java:73)
	at org.junit.platform.engine.support.hierarchical.NodeTestTask.executeRecursively(NodeTestTask.java:126)
	at org.junit.platform.engine.support.hierarchical.NodeTestTask.execute(NodeTestTask.java:84)
	at java.base/java.util.ArrayList.forEach(ArrayList.java:1541)
	at org.junit.platform.engine.support.hierarchical.SameThreadHierarchicalTestExecutorService.invokeAll(SameThreadHierarchicalTestExecutorService.java:38)
	at org.junit.platform.engine.support.hierarchical.NodeTestTask.lambda$executeRecursively$5(NodeTestTask.java:143)
	at org.junit.platform.engine.support.hierarchical.ThrowableCollector.execute(ThrowableCollector.java:73)
	at org.junit.platform.engine.support.hierarchical.NodeTestTask.lambda$executeRecursively$7(NodeTestTask.java:129)
	at org.junit.platform.engine.support.hierarchical.Node.around(Node.java:137)
	at org.junit.platform.engine.support.hierarchical.NodeTestTask.lambda$executeRecursively$8(NodeTestTask.java:127)
	at org.junit.platform.engine.support.hierarchical.ThrowableCollector.execute(ThrowableCollector.java:73)
	at org.junit.platform.engine.support.hierarchical.NodeTestTask.executeRecursively(NodeTestTask.java:126)
	at org.junit.platform.engine.support.hierarchical.NodeTestTask.execute(NodeTestTask.java:84)
	at java.base/java.util.ArrayList.forEach(ArrayList.java:1541)
	at org.junit.platform.engine.support.hierarchical.SameThreadHierarchicalTestExecutorService.invokeAll(SameThreadHierarchicalTestExecutorService.java:38)
	at org.junit.platform.engine.support.hierarchical.NodeTestTask.lambda$executeRecursively$5(NodeTestTask.java:143)
	at org.junit.platform.engine.support.hierarchical.ThrowableCollector.execute(ThrowableCollector.java:73)
	at org.junit.platform.engine.support.hierarchical.NodeTestTask.lambda$executeRecursively$7(NodeTestTask.java:129)
	at org.junit.platform.engine.support.hierarchical.Node.around(Node.java:137)
	at org.junit.platform.engine.support.hierarchical.NodeTestTask.lambda$executeRecursively$8(NodeTestTask.java:127)
	at org.junit.platform.engine.support.hierarchical.ThrowableCollector.execute(ThrowableCollector.java:73)
	at org.junit.platform.engine.support.hierarchical.NodeTestTask.executeRecursively(NodeTestTask.java:126)
	at org.junit.platform.engine.support.hierarchical.NodeTestTask.execute(NodeTestTask.java:84)
	at org.junit.platform.engine.support.hierarchical.SameThreadHierarchicalTestExecutorService.submit(SameThreadHierarchicalTestExecutorService.java:32)
	at org.junit.platform.engine.support.hierarchical.HierarchicalTestExecutor.execute(HierarchicalTestExecutor.java:57)
	at org.junit.platform.engine.support.hierarchical.HierarchicalTestEngine.execute(HierarchicalTestEngine.java:51)
	at org.junit.platform.launcher.core.DefaultLauncher.execute(DefaultLauncher.java:220)
	at org.junit.platform.launcher.core.DefaultLauncher.lambda$execute$6(DefaultLauncher.java:188)
	at org.junit.platform.launcher.core.DefaultLauncher.withInterceptedStreams(DefaultLauncher.java:202)
	at org.junit.platform.launcher.core.DefaultLauncher.execute(DefaultLauncher.java:181)
	at org.junit.platform.launcher.core.DefaultLauncher.execute(DefaultLauncher.java:128)
	at org.apache.maven.surefire.junitplatform.JUnitPlatformProvider.invokeAllTests(JUnitPlatformProvider.java:150)
	at org.apache.maven.surefire.junitplatform.JUnitPlatformProvider.invoke(JUnitPlatformProvider.java:124)
	at org.apache.maven.surefire.booter.ForkedBooter.invokeProviderInSameClassLoader(ForkedBooter.java:384)
	at org.apache.maven.surefire.booter.ForkedBooter.runSuitesInProcess(ForkedBooter.java:345)
	at org.apache.maven.surefire.booter.ForkedBooter.execute(ForkedBooter.java:126)
	at org.apache.maven.surefire.booter.ForkedBooter.main(ForkedBooter.java:418)
Caused by: java.net.ConnectException: Connection refused (Connection refused)
	at java.base/java.net.PlainSocketImpl.socketConnect(Native Method)
	at java.base/java.net.AbstractPlainSocketImpl.doConnect(AbstractPlainSocketImpl.java:412)
	at java.base/java.net.AbstractPlainSocketImpl.connectToAddress(AbstractPlainSocketImpl.java:255)
	at java.base/java.net.AbstractPlainSocketImpl.connect(AbstractPlainSocketImpl.java:237)
	at java.base/java.net.Socket.connect(Socket.java:609)
	at java.base/java.net.Socket.connect(Socket.java:558)
	at java.base/sun.net.NetworkClient.doConnect(NetworkClient.java:182)
	at java.base/sun.net.www.http.HttpClient.openServer(HttpClient.java:509)
	at java.base/sun.net.www.http.HttpClient.openServer(HttpClient.java:604)
	at java.base/sun.net.www.http.HttpClient.<init>(HttpClient.java:279)
	at java.base/sun.net.www.http.HttpClient.New(HttpClient.java:376)
	at java.base/sun.net.www.http.HttpClient.New(HttpClient.java:397)
	at java.base/sun.net.www.protocol.http.HttpURLConnection.getNewHttpClient(HttpURLConnection.java:1270)
	at java.base/sun.net.www.protocol.http.HttpURLConnection.plainConnect0(HttpURLConnection.java:1204)
	at java.base/sun.net.www.protocol.http.HttpURLConnection.plainConnect(HttpURLConnection.java:1098)
	at java.base/sun.net.www.protocol.http.HttpURLConnection.connect(HttpURLConnection.java:1032)
	at org.springframework.http.client.SimpleBufferingClientHttpRequest.executeInternal(SimpleBufferingClientHttpRequest.java:76)
	at org.springframework.http.client.AbstractBufferingClientHttpRequest.executeInternal(AbstractBufferingClientHttpRequest.java:48)
	at org.springframework.http.client.AbstractClientHttpRequest.execute(AbstractClientHttpRequest.java:66)
	at org.springframework.web.client.RestTemplate.doExecute(RestTemplate.java:775)
	... 74 common frames omitted
2026-08-17 10:15:35.340 [SpringContextShutdownHook] INFO  o.s.s.c.ThreadPoolTaskScheduler - Shutting down ExecutorService 'taskScheduler'
2026-08-17 10:15:35.341 [SpringContextShutdownHook] INFO  o.s.s.c.ThreadPoolTaskScheduler - Shutting down ExecutorService 'taskScheduler'
2026-08-17 10:15:35.342 [SpringContextShutdownHook] INFO  o.s.s.c.ThreadPoolTaskExecutor - Shutting down ExecutorService 'applicationTaskExecutor'
2026-08-17 10:15:35.342 [SpringContextShutdownHook] INFO  o.s.s.c.ThreadPoolTaskExecutor - Shutting down ExecutorService 'applicationTaskExecutor'
2026-08-17 10:15:35.344 [SpringContextShutdownHook] INFO  o.s.o.j.LocalContainerEntityManagerFactoryBean - Closing JPA EntityManagerFactory for persistence unit 'default'
2026-08-17 10:15:35.344 [SpringContextShutdownHook] INFO  o.s.o.j.LocalContainerEntityManagerFactoryBean - Closing JPA EntityManagerFactory for persistence unit 'default'
2026-08-17 10:15:35.346 [SpringContextShutdownHook] INFO  com.zaxxer.hikari.HikariDataSource - HikariPool-2 - Shutdown initiated...
2026-08-17 10:15:35.346 [SpringContextShutdownHook] INFO  com.zaxxer.hikari.HikariDataSource - HikariPool-1 - Shutdown initiated...
2026-08-17 10:15:35.349 [SpringContextShutdownHook] INFO  com.zaxxer.hikari.HikariDataSource - HikariPool-1 - Shutdown completed.
2026-08-17 10:15:35.350 [SpringContextShutdownHook] INFO  com.zaxxer.hikari.HikariDataSource - HikariPool-2 - Shutdown completed.
2026-08-17 10:15:54.657 [main] INFO  c.v.f.FirstspringbootApplicationTests - Starting FirstspringbootApplicationTests using Java 11.0.32 on lenovo-legion-16iah7h-PF3XJ8SP with PID 112800 (started by ayin in /home/ayin/projs/firstspringboot)
2026-08-17 10:15:54.665 [main] INFO  c.v.f.FirstspringbootApplicationTests - No active profile set, falling back to default profiles: default
2026-08-17 10:15:55.318 [main] INFO  o.s.d.r.c.RepositoryConfigurationDelegate - Bootstrapping Spring Data JPA repositories in DEFAULT mode.
2026-08-17 10:15:55.347 [main] INFO  o.s.d.r.c.RepositoryConfigurationDelegate - Finished Spring Data repository scanning in 26 ms. Found 2 JPA repository interfaces.
2026-08-17 10:15:55.648 [main] INFO  o.s.c.s.PostProcessorRegistrationDelegate$BeanPostProcessorChecker - Bean 'org.springframework.security.access.expression.method.DefaultMethodSecurityExpressionHandler@5d515e2c' of type [org.springframework.security.access.expression.method.DefaultMethodSecurityExpressionHandler] is not eligible for getting processed by all BeanPostProcessors (for example: not eligible for auto-proxying)
2026-08-17 10:15:55.661 [main] INFO  o.s.c.s.PostProcessorRegistrationDelegate$BeanPostProcessorChecker - Bean 'methodSecurityMetadataSource' of type [org.springframework.security.access.method.DelegatingMethodSecurityMetadataSource] is not eligible for getting processed by all BeanPostProcessors (for example: not eligible for auto-proxying)
2026-08-17 10:15:55.852 [main] INFO  com.zaxxer.hikari.HikariDataSource - HikariPool-1 - Starting...
2026-08-17 10:15:55.918 [main] INFO  com.zaxxer.hikari.HikariDataSource - HikariPool-1 - Start completed.
2026-08-17 10:15:56.389 [main] INFO  liquibase.changelog - Reading from firstspringboot.DATABASECHANGELOG
2026-08-17 10:15:56.414 [main] INFO  liquibase.ui - Database is up to date, no changesets to execute
2026-08-17 10:15:56.415 [main] INFO  liquibase.changelog - Reading from firstspringboot.DATABASECHANGELOG
2026-08-17 10:15:56.421 [main] INFO  liquibase.util - UPDATE SUMMARY
2026-08-17 10:15:56.421 [main] INFO  liquibase.util - Run:                          0
2026-08-17 10:15:56.421 [main] INFO  liquibase.util - Previously run:               2
2026-08-17 10:15:56.421 [main] INFO  liquibase.util - Filtered out:                 0
2026-08-17 10:15:56.421 [main] INFO  liquibase.util - -------------------------------
2026-08-17 10:15:56.421 [main] INFO  liquibase.util - Total change sets:            2
2026-08-17 10:15:56.422 [main] INFO  liquibase.util - Update summary generated
2026-08-17 10:15:56.423 [main] INFO  liquibase.command - Command execution complete
2026-08-17 10:15:57.580 [main] INFO  o.h.jpa.internal.util.LogHelper - HHH000204: Processing PersistenceUnitInfo [name: default]
2026-08-17 10:15:57.610 [main] INFO  org.hibernate.Version - HHH000412: Hibernate ORM core version 5.4.25.Final
2026-08-17 10:15:57.634 [main] INFO  o.h.annotations.common.Version - HCANN000001: Hibernate Commons Annotations {5.1.2.Final}
2026-08-17 10:15:57.710 [main] INFO  org.hibernate.dialect.Dialect - HHH000400: Using dialect: org.hibernate.dialect.MariaDB53Dialect
2026-08-17 10:15:57.952 [main] INFO  o.h.e.t.j.p.i.JtaPlatformInitiator - HHH000490: Using JtaPlatform implementation: [org.hibernate.engine.transaction.jta.platform.internal.NoJtaPlatform]
2026-08-17 10:15:57.956 [main] INFO  o.s.o.j.LocalContainerEntityManagerFactoryBean - Initialized JPA EntityManagerFactory for persistence unit 'default'
2026-08-17 10:15:57.997 [main] WARN  o.s.b.a.o.j.JpaBaseConfiguration$JpaWebConfiguration - spring.jpa.open-in-view is enabled by default. Therefore, database queries may be performed during view rendering. Explicitly configure spring.jpa.open-in-view to disable this warning
2026-08-17 10:15:58.825 [main] INFO  o.s.s.web.DefaultSecurityFilterChain - Will secure any request with [org.springframework.security.web.context.request.async.WebAsyncManagerIntegrationFilter@33742179, org.springframework.security.web.context.SecurityContextPersistenceFilter@705606ac, org.springframework.security.web.header.HeaderWriterFilter@43c76550, org.springframework.security.web.csrf.CsrfFilter@7a6433f3, org.springframework.security.web.authentication.logout.LogoutFilter@1c724957, org.springframework.security.oauth2.server.resource.web.BearerTokenAuthenticationFilter@38f0de07, org.springframework.security.web.savedrequest.RequestCacheAwareFilter@48515dfc, org.springframework.security.web.servletapi.SecurityContextHolderAwareRequestFilter@8f2513c, org.springframework.security.web.authentication.AnonymousAuthenticationFilter@6ca1c156, org.springframework.security.web.session.SessionManagementFilter@39ae0bff, org.springframework.security.web.access.ExceptionTranslationFilter@2ecb7f0c, org.springframework.security.web.access.intercept.FilterSecurityInterceptor@36d02719]
2026-08-17 10:15:58.983 [main] INFO  o.s.s.c.ThreadPoolTaskExecutor - Initializing ExecutorService 'applicationTaskExecutor'
2026-08-17 10:15:59.414 [main] INFO  o.s.s.c.ThreadPoolTaskScheduler - Initializing ExecutorService 'taskScheduler'
2026-08-17 10:15:59.449 [main] INFO  o.s.b.a.e.web.EndpointLinksResolver - Exposing 1 endpoint(s) beneath base path '/actuator'
2026-08-17 10:15:59.519 [main] INFO  c.v.f.FirstspringbootApplicationTests - Started FirstspringbootApplicationTests in 5.017 seconds (JVM running for 6.709)
2026-08-17 10:15:59.565 [main] INFO  c.v.f.s.KeycloakUserSyncCronjob - Starting Keycloak user synchronization...
2026-08-17 10:15:59.613 [main] INFO  c.v.f.aspect.LoggingAspect - [[BEFORE]] [2026-08-17T03:15:59.613016Z] method: UserServiceImpl.createUser(..), params: [com.viettelsoftware.firstspringboot.entity.User@16066bf4]
2026-08-17 10:15:59.777 [main] INFO  c.v.f.aspect.LoggingAspect - [[AFTER]] [2026-08-17T03:15:59.777876Z] method: UserServiceImpl.createUser(..), params: [com.viettelsoftware.firstspringboot.entity.User@16066bf4]
2026-08-17 10:15:59.778 [main] INFO  c.v.f.aspect.LoggingAspect - [[BEFORE]] [2026-08-17T03:15:59.777992Z] method: UserServiceImpl.createUser(..), params: [com.viettelsoftware.firstspringboot.entity.User@49b7eb3]
2026-08-17 10:15:59.822 [main] INFO  c.v.f.aspect.LoggingAspect - [[AFTER]] [2026-08-17T03:15:59.822141Z] method: UserServiceImpl.createUser(..), params: [com.viettelsoftware.firstspringboot.entity.User@49b7eb3]
2026-08-17 10:15:59.822 [main] INFO  c.v.f.s.KeycloakUserSyncCronjob - Keycloak user synchronization completed successfully. Synced 2 users.
2026-08-17 10:15:59.877 [main] INFO  o.s.b.t.c.SpringBootTestContextBootstrapper - Neither @ContextConfiguration nor @ContextHierarchy found for test class [com.viettelsoftware.firstspringboot.EndToEndIntegrationTest], using SpringBootContextLoader
2026-08-17 10:15:59.878 [main] INFO  o.s.t.c.s.AbstractContextLoader - Could not detect default resource locations for test class [com.viettelsoftware.firstspringboot.EndToEndIntegrationTest]: no resource found for suffixes {-context.xml, Context.groovy}.
2026-08-17 10:15:59.878 [main] INFO  o.s.t.c.s.AnnotationConfigContextLoaderUtils - Could not detect default configuration classes for test class [com.viettelsoftware.firstspringboot.EndToEndIntegrationTest]: EndToEndIntegrationTest does not declare any static, non-private, non-final, nested classes annotated with @Configuration.
2026-08-17 10:15:59.882 [main] INFO  o.s.b.t.c.SpringBootTestContextBootstrapper - Found @SpringBootConfiguration com.viettelsoftware.firstspringboot.FirstspringbootApplication for test class com.viettelsoftware.firstspringboot.EndToEndIntegrationTest
2026-08-17 10:15:59.884 [main] INFO  o.s.b.t.c.SpringBootTestContextBootstrapper - Loaded default TestExecutionListener class names from location [META-INF/spring.factories]: [org.springframework.boot.test.mock.mockito.MockitoTestExecutionListener, org.springframework.boot.test.mock.mockito.ResetMocksTestExecutionListener, org.springframework.boot.test.autoconfigure.restdocs.RestDocsTestExecutionListener, org.springframework.boot.test.autoconfigure.web.client.MockRestServiceServerResetTestExecutionListener, org.springframework.boot.test.autoconfigure.web.servlet.MockMvcPrintOnlyOnFailureTestExecutionListener, org.springframework.boot.test.autoconfigure.web.servlet.WebDriverTestExecutionListener, org.springframework.boot.test.autoconfigure.webservices.client.MockWebServiceServerTestExecutionListener, org.springframework.test.context.web.ServletTestExecutionListener, org.springframework.test.context.support.DirtiesContextBeforeModesTestExecutionListener, org.springframework.test.context.support.DependencyInjectionTestExecutionListener, org.springframework.test.context.support.DirtiesContextTestExecutionListener, org.springframework.test.context.transaction.TransactionalTestExecutionListener, org.springframework.test.context.jdbc.SqlScriptsTestExecutionListener, org.springframework.test.context.event.EventPublishingTestExecutionListener, org.springframework.security.test.context.support.WithSecurityContextTestExecutionListener, org.springframework.security.test.context.support.ReactorContextTestExecutionListener]
2026-08-17 10:15:59.884 [main] INFO  o.s.b.t.c.SpringBootTestContextBootstrapper - Using TestExecutionListeners: [org.springframework.test.context.web.ServletTestExecutionListener@4bc76331, org.springframework.test.context.support.DirtiesContextBeforeModesTestExecutionListener@1717238e, org.springframework.boot.test.mock.mockito.MockitoTestExecutionListener@6129f50e, org.springframework.boot.test.autoconfigure.SpringBootDependencyInjectionTestExecutionListener@a90447f, org.springframework.test.context.support.DirtiesContextTestExecutionListener@7abe70f7, org.springframework.test.context.transaction.TransactionalTestExecutionListener@541b377d, org.springframework.test.context.jdbc.SqlScriptsTestExecutionListener@7a343975, org.springframework.test.context.event.EventPublishingTestExecutionListener@720f29f0, org.springframework.security.test.context.support.WithSecurityContextTestExecutionListener@7b3fd68e, org.springframework.security.test.context.support.ReactorContextTestExecutionListener@7612a64b, org.springframework.boot.test.mock.mockito.ResetMocksTestExecutionListener@2db6d66d, org.springframework.boot.test.autoconfigure.restdocs.RestDocsTestExecutionListener@26fd2a82, org.springframework.boot.test.autoconfigure.web.client.MockRestServiceServerResetTestExecutionListener@23f31375, org.springframework.boot.test.autoconfigure.web.servlet.MockMvcPrintOnlyOnFailureTestExecutionListener@40b0c9be, org.springframework.boot.test.autoconfigure.web.servlet.WebDriverTestExecutionListener@5bae7a7b, org.springframework.boot.test.autoconfigure.webservices.client.MockWebServiceServerTestExecutionListener@1448e2b6]
2026-08-17 10:15:59.895 [main] INFO  c.v.f.EndToEndIntegrationTest - Starting EndToEndIntegrationTest using Java 11.0.32 on lenovo-legion-16iah7h-PF3XJ8SP with PID 112800 (started by ayin in /home/ayin/projs/firstspringboot)
2026-08-17 10:15:59.895 [main] INFO  c.v.f.EndToEndIntegrationTest - No active profile set, falling back to default profiles: default
2026-08-17 10:16:00.024 [main] INFO  o.s.d.r.c.RepositoryConfigurationDelegate - Bootstrapping Spring Data JPA repositories in DEFAULT mode.
2026-08-17 10:16:00.031 [main] INFO  o.s.d.r.c.RepositoryConfigurationDelegate - Finished Spring Data repository scanning in 6 ms. Found 2 JPA repository interfaces.
2026-08-17 10:16:00.093 [main] INFO  o.s.c.s.PostProcessorRegistrationDelegate$BeanPostProcessorChecker - Bean 'org.springframework.security.access.expression.method.DefaultMethodSecurityExpressionHandler@2dd631c5' of type [org.springframework.security.access.expression.method.DefaultMethodSecurityExpressionHandler] is not eligible for getting processed by all BeanPostProcessors (for example: not eligible for auto-proxying)
2026-08-17 10:16:00.097 [main] INFO  o.s.c.s.PostProcessorRegistrationDelegate$BeanPostProcessorChecker - Bean 'methodSecurityMetadataSource' of type [org.springframework.security.access.method.DelegatingMethodSecurityMetadataSource] is not eligible for getting processed by all BeanPostProcessors (for example: not eligible for auto-proxying)
2026-08-17 10:16:00.125 [main] INFO  com.zaxxer.hikari.HikariDataSource - HikariPool-2 - Starting...
2026-08-17 10:16:00.127 [main] INFO  com.zaxxer.hikari.HikariDataSource - HikariPool-2 - Start completed.
2026-08-17 10:16:00.159 [main] INFO  liquibase.changelog - Reading from firstspringboot.DATABASECHANGELOG
2026-08-17 10:16:00.163 [main] INFO  liquibase.ui - Database is up to date, no changesets to execute
2026-08-17 10:16:00.164 [main] INFO  liquibase.util - UPDATE SUMMARY
2026-08-17 10:16:00.164 [main] INFO  liquibase.util - Run:                          0
2026-08-17 10:16:00.164 [main] INFO  liquibase.util - Previously run:               2
2026-08-17 10:16:00.164 [main] INFO  liquibase.util - Filtered out:                 0
2026-08-17 10:16:00.164 [main] INFO  liquibase.util - -------------------------------
2026-08-17 10:16:00.164 [main] INFO  liquibase.util - Total change sets:            2
2026-08-17 10:16:00.164 [main] INFO  liquibase.util - Update summary generated
2026-08-17 10:16:00.164 [main] INFO  liquibase.command - Command execution complete
2026-08-17 10:16:00.180 [main] INFO  o.h.jpa.internal.util.LogHelper - HHH000204: Processing PersistenceUnitInfo [name: default]
2026-08-17 10:16:00.183 [main] INFO  org.hibernate.dialect.Dialect - HHH000400: Using dialect: org.hibernate.dialect.MariaDB53Dialect
2026-08-17 10:16:00.212 [main] INFO  o.h.e.t.j.p.i.JtaPlatformInitiator - HHH000490: Using JtaPlatform implementation: [org.hibernate.engine.transaction.jta.platform.internal.NoJtaPlatform]
2026-08-17 10:16:00.212 [main] INFO  o.s.o.j.LocalContainerEntityManagerFactoryBean - Initialized JPA EntityManagerFactory for persistence unit 'default'
2026-08-17 10:16:00.249 [main] WARN  o.s.b.a.o.j.JpaBaseConfiguration$JpaWebConfiguration - spring.jpa.open-in-view is enabled by default. Therefore, database queries may be performed during view rendering. Explicitly configure spring.jpa.open-in-view to disable this warning
2026-08-17 10:16:00.547 [main] INFO  o.s.s.web.DefaultSecurityFilterChain - Will secure any request with [org.springframework.security.web.context.request.async.WebAsyncManagerIntegrationFilter@4f944ff5, org.springframework.security.web.context.SecurityContextPersistenceFilter@42d060f1, org.springframework.security.web.header.HeaderWriterFilter@61ce4af8, org.springframework.security.web.csrf.CsrfFilter@29963f9a, org.springframework.security.web.authentication.logout.LogoutFilter@595f803, org.springframework.security.oauth2.server.resource.web.BearerTokenAuthenticationFilter@66604e6f, org.springframework.security.web.savedrequest.RequestCacheAwareFilter@1a9064b7, org.springframework.security.web.servletapi.SecurityContextHolderAwareRequestFilter@91a7497, org.springframework.security.web.authentication.AnonymousAuthenticationFilter@1776a497, org.springframework.security.web.session.SessionManagementFilter@5a22eec0, org.springframework.security.web.access.ExceptionTranslationFilter@3abc4498, org.springframework.security.web.access.intercept.FilterSecurityInterceptor@36072e34]
2026-08-17 10:16:00.636 [main] INFO  o.s.s.c.ThreadPoolTaskExecutor - Initializing ExecutorService 'applicationTaskExecutor'
2026-08-17 10:16:00.817 [main] INFO  o.s.s.c.ThreadPoolTaskScheduler - Initializing ExecutorService 'taskScheduler'
2026-08-17 10:16:00.852 [main] INFO  o.s.b.t.m.w.SpringBootMockServletContext - Initializing Spring TestDispatcherServlet ''
2026-08-17 10:16:00.852 [main] INFO  o.s.t.w.s.TestDispatcherServlet - Initializing Servlet ''
2026-08-17 10:16:00.859 [main] INFO  o.s.b.a.e.web.EndpointLinksResolver - Exposing 1 endpoint(s) beneath base path '/actuator'
2026-08-17 10:16:00.879 [main] INFO  o.s.t.w.s.TestDispatcherServlet - Completed initialization in 27 ms
2026-08-17 10:16:00.893 [main] INFO  c.v.f.EndToEndIntegrationTest - Started EndToEndIntegrationTest in 1.008 seconds (JVM running for 8.083)
2026-08-17 10:16:00.894 [main] INFO  c.v.f.s.KeycloakUserSyncCronjob - Starting Keycloak user synchronization...
2026-08-17 10:16:00.952 [main] INFO  c.v.f.aspect.LoggingAspect - [[BEFORE]] [2026-08-17T03:16:00.952435Z] method: UserServiceImpl.createUser(..), params: [com.viettelsoftware.firstspringboot.entity.User@6c53ce34]
2026-08-17 10:16:00.993 [main] INFO  c.v.f.aspect.LoggingAspect - [[AFTER]] [2026-08-17T03:16:00.993719Z] method: UserServiceImpl.createUser(..), params: [com.viettelsoftware.firstspringboot.entity.User@6c53ce34]
2026-08-17 10:16:00.993 [main] INFO  c.v.f.aspect.LoggingAspect - [[BEFORE]] [2026-08-17T03:16:00.993810Z] method: UserServiceImpl.createUser(..), params: [com.viettelsoftware.firstspringboot.entity.User@55623ed5]
2026-08-17 10:16:01.033 [main] INFO  c.v.f.aspect.LoggingAspect - [[AFTER]] [2026-08-17T03:16:01.033133Z] method: UserServiceImpl.createUser(..), params: [com.viettelsoftware.firstspringboot.entity.User@55623ed5]
2026-08-17 10:16:01.033 [main] INFO  c.v.f.s.KeycloakUserSyncCronjob - Keycloak user synchronization completed successfully. Synced 2 users.
2026-08-17 10:16:01.056 [main] INFO  c.v.f.aspect.LoggingAspect - [[BEFORE]] [2026-08-17T03:16:01.056727Z] method: TaskController.getTasks(), params: []
2026-08-17 10:16:01.060 [main] INFO  c.v.f.aspect.LoggingAspect - [[BEFORE]] [2026-08-17T03:16:01.060693Z] method: TaskServiceImpl.getTasks(), params: []
2026-08-17 10:16:01.072 [main] INFO  c.v.f.aspect.LoggingAspect - [[AFTER]] [2026-08-17T03:16:01.072105Z] method: TaskServiceImpl.getTasks(), params: []
2026-08-17 10:16:01.072 [main] INFO  c.v.f.aspect.LoggingAspect - [[AFTER]] [2026-08-17T03:16:01.072211Z] method: TaskController.getTasks(), params: []
2026-08-17 10:16:01.105 [main] INFO  c.v.f.aspect.LoggingAspect - [[BEFORE]] [2026-08-17T03:16:01.105180Z] method: TaskController.exportTasks(), params: []
2026-08-17 10:16:01.105 [main] INFO  c.v.f.aspect.LoggingAspect - [[BEFORE]] [2026-08-17T03:16:01.105291Z] method: TaskServiceImpl.getTasks(), params: []
2026-08-17 10:16:01.106 [main] INFO  c.v.f.aspect.LoggingAspect - [[AFTER]] [2026-08-17T03:16:01.106684Z] method: TaskServiceImpl.getTasks(), params: []
2026-08-17 10:16:01.106 [main] INFO  c.v.f.aspect.LoggingAspect - [[BEFORE]] [2026-08-17T03:16:01.106788Z] method: TaskExportServiceImpl.exportTasks(..), params: [[com.viettelsoftware.firstspringboot.entity.Task@414c63f1, com.viettelsoftware.firstspringboot.entity.Task@e6522bd, com.viettelsoftware.firstspringboot.entity.Task@3f471e59]]
2026-08-17 10:16:01.108 [main] INFO  org.jxls.util.TransformerFactory - Loading transformer by class org.jxls.transform.poi.PoiTransformer
2026-08-17 10:16:01.134 [main] INFO  c.v.f.aspect.LoggingAspect - [[AFTER]] [2026-08-17T03:16:01.134109Z] method: TaskExportServiceImpl.exportTasks(..), params: [[com.viettelsoftware.firstspringboot.entity.Task@414c63f1, com.viettelsoftware.firstspringboot.entity.Task@e6522bd, com.viettelsoftware.firstspringboot.entity.Task@3f471e59]]
2026-08-17 10:16:01.134 [main] INFO  c.v.f.aspect.LoggingAspect - [[AFTER]] [2026-08-17T03:16:01.134912Z] method: TaskController.exportTasks(), params: []
2026-08-17 10:16:01.177 [main] WARN  o.s.w.s.m.s.DefaultHandlerExceptionResolver - Resolved [org.springframework.web.bind.MethodArgumentNotValidException: Validation failed for argument [0] in public com.viettelsoftware.firstspringboot.entity.Task com.viettelsoftware.firstspringboot.controller.TaskController.createTask(com.viettelsoftware.firstspringboot.dto.CreateTaskRequest): [Field error in object 'createTaskRequest' on field 'description': rejected value [ Invalid Description ]; codes [ValidTaskDescription.createTaskRequest.description,ValidTaskDescription.description,ValidTaskDescription.java.lang.String,ValidTaskDescription]; arguments [org.springframework.context.support.DefaultMessageSourceResolvable: codes [createTaskRequest.description,description]; arguments []; default message [description]]; default message [Invalid task description (must be `@NotBlank + @Size(max = 255) + @Pattern(regexp = "^\S(?:.*\S)?$")`)]] ]
2026-08-17 10:16:01.182 [main] INFO  c.v.f.aspect.LoggingAspect - [[BEFORE]] [2026-08-17T03:16:01.182309Z] method: UserController.profile(..), params: [JwtAuthenticationToken [Principal=org.springframework.security.oauth2.jwt.Jwt@bbd01fb9, Credentials=[PROTECTED], Authenticated=true, Details=null, Granted Authorities=[REALM_ROLE_GET]]]
2026-08-17 10:16:01.185 [main] INFO  c.v.f.aspect.LoggingAspect - [[AFTER]] [2026-08-17T03:16:01.185202Z] method: UserController.profile(..), params: [JwtAuthenticationToken [Principal=org.springframework.security.oauth2.jwt.Jwt@bbd01fb9, Credentials=[PROTECTED], Authenticated=true, Details=null, Granted Authorities=[REALM_ROLE_GET]]]
2026-08-17 10:16:01.203 [main] INFO  c.v.f.aspect.LoggingAspect - [[BEFORE]] [2026-08-17T03:16:01.203565Z] method: UserController.createUser(..), params: [com.viettelsoftware.firstspringboot.dto.CreateUserRequest@3f95bc9d]
2026-08-17 10:16:01.203 [main] INFO  c.v.f.aspect.LoggingAspect - [[BEFORE]] [2026-08-17T03:16:01.203689Z] method: UserServiceImpl.createUser(..), params: [com.viettelsoftware.firstspringboot.entity.User@f1349ce]
2026-08-17 10:16:01.237 [main] INFO  c.v.f.aspect.LoggingAspect - [[AFTER]] [2026-08-17T03:16:01.237280Z] method: UserServiceImpl.createUser(..), params: [com.viettelsoftware.firstspringboot.entity.User@f1349ce]
2026-08-17 10:16:01.237 [main] INFO  c.v.f.aspect.LoggingAspect - [[AFTER]] [2026-08-17T03:16:01.237361Z] method: UserController.createUser(..), params: [com.viettelsoftware.firstspringboot.dto.CreateUserRequest@3f95bc9d]
2026-08-17 10:16:01.240 [main] INFO  c.v.f.aspect.LoggingAspect - [[BEFORE]] [2026-08-17T03:16:01.240091Z] method: UserController.getUsers(), params: []
2026-08-17 10:16:01.240 [main] INFO  c.v.f.aspect.LoggingAspect - [[BEFORE]] [2026-08-17T03:16:01.240213Z] method: UserServiceImpl.getUsers(), params: []
2026-08-17 10:16:01.243 [main] INFO  c.v.f.aspect.LoggingAspect - [[AFTER]] [2026-08-17T03:16:01.243004Z] method: UserServiceImpl.getUsers(), params: []
2026-08-17 10:16:01.243 [main] INFO  c.v.f.aspect.LoggingAspect - [[AFTER]] [2026-08-17T03:16:01.243085Z] method: UserController.getUsers(), params: []
2026-08-17 10:16:01.245 [main] INFO  c.v.f.aspect.LoggingAspect - [[BEFORE]] [2026-08-17T03:16:01.245135Z] method: UserController.exportUsers(), params: []
2026-08-17 10:16:01.245 [main] INFO  c.v.f.aspect.LoggingAspect - [[BEFORE]] [2026-08-17T03:16:01.245481Z] method: UserServiceImpl.getUsers(), params: []
2026-08-17 10:16:01.247 [main] INFO  c.v.f.aspect.LoggingAspect - [[AFTER]] [2026-08-17T03:16:01.247250Z] method: UserServiceImpl.getUsers(), params: []
2026-08-17 10:16:01.247 [main] INFO  c.v.f.aspect.LoggingAspect - [[BEFORE]] [2026-08-17T03:16:01.247342Z] method: UserExportServiceImpl.exportUsers(..), params: [[com.viettelsoftware.firstspringboot.entity.User@404c8c9d, com.viettelsoftware.firstspringboot.entity.User@2cdd3638, com.viettelsoftware.firstspringboot.entity.User@5150ba5a, com.viettelsoftware.firstspringboot.entity.User@1bc90b56]]
2026-08-17 10:16:01.249 [main] INFO  org.jxls.util.TransformerFactory - Loading transformer by class org.jxls.transform.poi.PoiTransformer
2026-08-17 10:16:01.271 [main] INFO  c.v.f.aspect.LoggingAspect - [[AFTER]] [2026-08-17T03:16:01.271268Z] method: UserExportServiceImpl.exportUsers(..), params: [[com.viettelsoftware.firstspringboot.entity.User@404c8c9d, com.viettelsoftware.firstspringboot.entity.User@2cdd3638, com.viettelsoftware.firstspringboot.entity.User@5150ba5a, com.viettelsoftware.firstspringboot.entity.User@1bc90b56]]
2026-08-17 10:16:01.271 [main] INFO  c.v.f.aspect.LoggingAspect - [[AFTER]] [2026-08-17T03:16:01.271661Z] method: UserController.exportUsers(), params: []
2026-08-17 10:16:01.287 [main] INFO  c.v.f.aspect.LoggingAspect - [[BEFORE]] [2026-08-17T03:16:01.287619Z] method: TestService.testMethod(), params: [arg1]
2026-08-17 10:16:01.287 [main] INFO  c.v.f.aspect.LoggingAspect - [[AFTER]] [2026-08-17T03:16:01.287796Z] method: TestService.testMethod(), params: [arg1]
2026-08-17 10:16:01.513 [main] INFO  c.v.f.s.KeycloakUserSyncCronjob - Starting Keycloak user synchronization...
2026-08-17 10:16:01.515 [main] ERROR c.v.f.s.KeycloakUserSyncCronjob - Error occurred while syncing Keycloak users: I/O error on POST request for "http://localhost:9999/realms/master/protocol/openid-connect/token": Connection refused (Connection refused); nested exception is java.net.ConnectException: Connection refused (Connection refused)
org.springframework.web.client.ResourceAccessException: I/O error on POST request for "http://localhost:9999/realms/master/protocol/openid-connect/token": Connection refused (Connection refused); nested exception is java.net.ConnectException: Connection refused (Connection refused)
	at org.springframework.web.client.RestTemplate.doExecute(RestTemplate.java:784)
	at org.springframework.web.client.RestTemplate.execute(RestTemplate.java:710)
	at org.springframework.web.client.RestTemplate.exchange(RestTemplate.java:630)
	at com.viettelsoftware.firstspringboot.scheduler.KeycloakUserSyncCronjob.getAdminAccessToken(KeycloakUserSyncCronjob.java:114)
	at com.viettelsoftware.firstspringboot.scheduler.KeycloakUserSyncCronjob.syncKeycloakUsers(KeycloakUserSyncCronjob.java:56)
	at com.viettelsoftware.firstspringboot.scheduler.KeycloakUserSyncCronjobTest.lambda$testSyncKeycloakUsersHandledGracefullyWhenServerDown$0(KeycloakUserSyncCronjobTest.java:33)
	at org.junit.jupiter.api.AssertDoesNotThrow.assertDoesNotThrow(AssertDoesNotThrow.java:50)
	at org.junit.jupiter.api.AssertDoesNotThrow.assertDoesNotThrow(AssertDoesNotThrow.java:37)
	at org.junit.jupiter.api.Assertions.assertDoesNotThrow(Assertions.java:3060)
	at com.viettelsoftware.firstspringboot.scheduler.KeycloakUserSyncCronjobTest.testSyncKeycloakUsersHandledGracefullyWhenServerDown(KeycloakUserSyncCronjobTest.java:33)
	at java.base/jdk.internal.reflect.NativeMethodAccessorImpl.invoke0(Native Method)
	at java.base/jdk.internal.reflect.NativeMethodAccessorImpl.invoke(NativeMethodAccessorImpl.java:62)
	at java.base/jdk.internal.reflect.DelegatingMethodAccessorImpl.invoke(DelegatingMethodAccessorImpl.java:43)
	at java.base/java.lang.reflect.Method.invoke(Method.java:566)
	at org.junit.platform.commons.util.ReflectionUtils.invokeMethod(ReflectionUtils.java:688)
	at org.junit.jupiter.engine.execution.MethodInvocation.proceed(MethodInvocation.java:60)
	at org.junit.jupiter.engine.execution.InvocationInterceptorChain$ValidatingInvocation.proceed(InvocationInterceptorChain.java:131)
	at org.junit.jupiter.engine.extension.TimeoutExtension.intercept(TimeoutExtension.java:149)
	at org.junit.jupiter.engine.extension.TimeoutExtension.interceptTestableMethod(TimeoutExtension.java:140)
	at org.junit.jupiter.engine.extension.TimeoutExtension.interceptTestMethod(TimeoutExtension.java:84)
	at org.junit.jupiter.engine.execution.ExecutableInvoker$ReflectiveInterceptorCall.lambda$ofVoidMethod$0(ExecutableInvoker.java:115)
	at org.junit.jupiter.engine.execution.ExecutableInvoker.lambda$invoke$0(ExecutableInvoker.java:105)
	at org.junit.jupiter.engine.execution.InvocationInterceptorChain$InterceptedInvocation.proceed(InvocationInterceptorChain.java:106)
	at org.junit.jupiter.engine.execution.InvocationInterceptorChain.proceed(InvocationInterceptorChain.java:64)
	at org.junit.jupiter.engine.execution.InvocationInterceptorChain.chainAndInvoke(InvocationInterceptorChain.java:45)
	at org.junit.jupiter.engine.execution.InvocationInterceptorChain.invoke(InvocationInterceptorChain.java:37)
	at org.junit.jupiter.engine.execution.ExecutableInvoker.invoke(ExecutableInvoker.java:104)
	at org.junit.jupiter.engine.execution.ExecutableInvoker.invoke(ExecutableInvoker.java:98)
	at org.junit.jupiter.engine.descriptor.TestMethodTestDescriptor.lambda$invokeTestMethod$6(TestMethodTestDescriptor.java:210)
	at org.junit.platform.engine.support.hierarchical.ThrowableCollector.execute(ThrowableCollector.java:73)
	at org.junit.jupiter.engine.descriptor.TestMethodTestDescriptor.invokeTestMethod(TestMethodTestDescriptor.java:206)
	at org.junit.jupiter.engine.descriptor.TestMethodTestDescriptor.execute(TestMethodTestDescriptor.java:131)
	at org.junit.jupiter.engine.descriptor.TestMethodTestDescriptor.execute(TestMethodTestDescriptor.java:65)
	at org.junit.platform.engine.support.hierarchical.NodeTestTask.lambda$executeRecursively$5(NodeTestTask.java:139)
	at org.junit.platform.engine.support.hierarchical.ThrowableCollector.execute(ThrowableCollector.java:73)
	at org.junit.platform.engine.support.hierarchical.NodeTestTask.lambda$executeRecursively$7(NodeTestTask.java:129)
	at org.junit.platform.engine.support.hierarchical.Node.around(Node.java:137)
	at org.junit.platform.engine.support.hierarchical.NodeTestTask.lambda$executeRecursively$8(NodeTestTask.java:127)
	at org.junit.platform.engine.support.hierarchical.ThrowableCollector.execute(ThrowableCollector.java:73)
	at org.junit.platform.engine.support.hierarchical.NodeTestTask.executeRecursively(NodeTestTask.java:126)
	at org.junit.platform.engine.support.hierarchical.NodeTestTask.execute(NodeTestTask.java:84)
	at java.base/java.util.ArrayList.forEach(ArrayList.java:1541)
	at org.junit.platform.engine.support.hierarchical.SameThreadHierarchicalTestExecutorService.invokeAll(SameThreadHierarchicalTestExecutorService.java:38)
	at org.junit.platform.engine.support.hierarchical.NodeTestTask.lambda$executeRecursively$5(NodeTestTask.java:143)
	at org.junit.platform.engine.support.hierarchical.ThrowableCollector.execute(ThrowableCollector.java:73)
	at org.junit.platform.engine.support.hierarchical.NodeTestTask.lambda$executeRecursively$7(NodeTestTask.java:129)
	at org.junit.platform.engine.support.hierarchical.Node.around(Node.java:137)
	at org.junit.platform.engine.support.hierarchical.NodeTestTask.lambda$executeRecursively$8(NodeTestTask.java:127)
	at org.junit.platform.engine.support.hierarchical.ThrowableCollector.execute(ThrowableCollector.java:73)
	at org.junit.platform.engine.support.hierarchical.NodeTestTask.executeRecursively(NodeTestTask.java:126)
	at org.junit.platform.engine.support.hierarchical.NodeTestTask.execute(NodeTestTask.java:84)
	at java.base/java.util.ArrayList.forEach(ArrayList.java:1541)
	at org.junit.platform.engine.support.hierarchical.SameThreadHierarchicalTestExecutorService.invokeAll(SameThreadHierarchicalTestExecutorService.java:38)
	at org.junit.platform.engine.support.hierarchical.NodeTestTask.lambda$executeRecursively$5(NodeTestTask.java:143)
	at org.junit.platform.engine.support.hierarchical.ThrowableCollector.execute(ThrowableCollector.java:73)
	at org.junit.platform.engine.support.hierarchical.NodeTestTask.lambda$executeRecursively$7(NodeTestTask.java:129)
	at org.junit.platform.engine.support.hierarchical.Node.around(Node.java:137)
	at org.junit.platform.engine.support.hierarchical.NodeTestTask.lambda$executeRecursively$8(NodeTestTask.java:127)
	at org.junit.platform.engine.support.hierarchical.ThrowableCollector.execute(ThrowableCollector.java:73)
	at org.junit.platform.engine.support.hierarchical.NodeTestTask.executeRecursively(NodeTestTask.java:126)
	at org.junit.platform.engine.support.hierarchical.NodeTestTask.execute(NodeTestTask.java:84)
	at org.junit.platform.engine.support.hierarchical.SameThreadHierarchicalTestExecutorService.submit(SameThreadHierarchicalTestExecutorService.java:32)
	at org.junit.platform.engine.support.hierarchical.HierarchicalTestExecutor.execute(HierarchicalTestExecutor.java:57)
	at org.junit.platform.engine.support.hierarchical.HierarchicalTestEngine.execute(HierarchicalTestEngine.java:51)
	at org.junit.platform.launcher.core.DefaultLauncher.execute(DefaultLauncher.java:220)
	at org.junit.platform.launcher.core.DefaultLauncher.lambda$execute$6(DefaultLauncher.java:188)
	at org.junit.platform.launcher.core.DefaultLauncher.withInterceptedStreams(DefaultLauncher.java:202)
	at org.junit.platform.launcher.core.DefaultLauncher.execute(DefaultLauncher.java:181)
	at org.junit.platform.launcher.core.DefaultLauncher.execute(DefaultLauncher.java:128)
	at org.apache.maven.surefire.junitplatform.JUnitPlatformProvider.invokeAllTests(JUnitPlatformProvider.java:150)
	at org.apache.maven.surefire.junitplatform.JUnitPlatformProvider.invoke(JUnitPlatformProvider.java:124)
	at org.apache.maven.surefire.booter.ForkedBooter.invokeProviderInSameClassLoader(ForkedBooter.java:384)
	at org.apache.maven.surefire.booter.ForkedBooter.runSuitesInProcess(ForkedBooter.java:345)
	at org.apache.maven.surefire.booter.ForkedBooter.execute(ForkedBooter.java:126)
	at org.apache.maven.surefire.booter.ForkedBooter.main(ForkedBooter.java:418)
Caused by: java.net.ConnectException: Connection refused (Connection refused)
	at java.base/java.net.PlainSocketImpl.socketConnect(Native Method)
	at java.base/java.net.AbstractPlainSocketImpl.doConnect(AbstractPlainSocketImpl.java:412)
	at java.base/java.net.AbstractPlainSocketImpl.connectToAddress(AbstractPlainSocketImpl.java:255)
	at java.base/java.net.AbstractPlainSocketImpl.connect(AbstractPlainSocketImpl.java:237)
	at java.base/java.net.Socket.connect(Socket.java:609)
	at java.base/java.net.Socket.connect(Socket.java:558)
	at java.base/sun.net.NetworkClient.doConnect(NetworkClient.java:182)
	at java.base/sun.net.www.http.HttpClient.openServer(HttpClient.java:509)
	at java.base/sun.net.www.http.HttpClient.openServer(HttpClient.java:604)
	at java.base/sun.net.www.http.HttpClient.<init>(HttpClient.java:279)
	at java.base/sun.net.www.http.HttpClient.New(HttpClient.java:376)
	at java.base/sun.net.www.http.HttpClient.New(HttpClient.java:397)
	at java.base/sun.net.www.protocol.http.HttpURLConnection.getNewHttpClient(HttpURLConnection.java:1270)
	at java.base/sun.net.www.protocol.http.HttpURLConnection.plainConnect0(HttpURLConnection.java:1204)
	at java.base/sun.net.www.protocol.http.HttpURLConnection.plainConnect(HttpURLConnection.java:1098)
	at java.base/sun.net.www.protocol.http.HttpURLConnection.connect(HttpURLConnection.java:1032)
	at org.springframework.http.client.SimpleBufferingClientHttpRequest.executeInternal(SimpleBufferingClientHttpRequest.java:76)
	at org.springframework.http.client.AbstractBufferingClientHttpRequest.executeInternal(AbstractBufferingClientHttpRequest.java:48)
	at org.springframework.http.client.AbstractClientHttpRequest.execute(AbstractClientHttpRequest.java:66)
	at org.springframework.web.client.RestTemplate.doExecute(RestTemplate.java:775)
	... 74 common frames omitted
2026-08-17 10:16:01.521 [SpringContextShutdownHook] INFO  o.s.s.c.ThreadPoolTaskScheduler - Shutting down ExecutorService 'taskScheduler'
2026-08-17 10:16:01.521 [SpringContextShutdownHook] INFO  o.s.s.c.ThreadPoolTaskScheduler - Shutting down ExecutorService 'taskScheduler'
2026-08-17 10:16:01.523 [SpringContextShutdownHook] INFO  o.s.s.c.ThreadPoolTaskExecutor - Shutting down ExecutorService 'applicationTaskExecutor'
2026-08-17 10:16:01.523 [SpringContextShutdownHook] INFO  o.s.s.c.ThreadPoolTaskExecutor - Shutting down ExecutorService 'applicationTaskExecutor'
2026-08-17 10:16:01.526 [SpringContextShutdownHook] INFO  o.s.o.j.LocalContainerEntityManagerFactoryBean - Closing JPA EntityManagerFactory for persistence unit 'default'
2026-08-17 10:16:01.526 [SpringContextShutdownHook] INFO  o.s.o.j.LocalContainerEntityManagerFactoryBean - Closing JPA EntityManagerFactory for persistence unit 'default'
2026-08-17 10:16:01.528 [SpringContextShutdownHook] INFO  com.zaxxer.hikari.HikariDataSource - HikariPool-2 - Shutdown initiated...
2026-08-17 10:16:01.528 [SpringContextShutdownHook] INFO  com.zaxxer.hikari.HikariDataSource - HikariPool-1 - Shutdown initiated...
2026-08-17 10:16:01.532 [SpringContextShutdownHook] INFO  com.zaxxer.hikari.HikariDataSource - HikariPool-2 - Shutdown completed.
2026-08-17 10:16:01.532 [SpringContextShutdownHook] INFO  com.zaxxer.hikari.HikariDataSource - HikariPool-1 - Shutdown completed.
2026-08-17 10:16:25.064 [main] INFO  c.v.f.FirstspringbootApplicationTests - Starting FirstspringbootApplicationTests using Java 11.0.32 on lenovo-legion-16iah7h-PF3XJ8SP with PID 113525 (started by ayin in /home/ayin/projs/firstspringboot)
2026-08-17 10:16:25.065 [main] INFO  c.v.f.FirstspringbootApplicationTests - No active profile set, falling back to default profiles: default
2026-08-17 10:16:25.671 [main] INFO  o.s.d.r.c.RepositoryConfigurationDelegate - Bootstrapping Spring Data JPA repositories in DEFAULT mode.
2026-08-17 10:16:25.700 [main] INFO  o.s.d.r.c.RepositoryConfigurationDelegate - Finished Spring Data repository scanning in 25 ms. Found 2 JPA repository interfaces.
2026-08-17 10:16:25.982 [main] INFO  o.s.c.s.PostProcessorRegistrationDelegate$BeanPostProcessorChecker - Bean 'org.springframework.security.access.expression.method.DefaultMethodSecurityExpressionHandler@70b630d' of type [org.springframework.security.access.expression.method.DefaultMethodSecurityExpressionHandler] is not eligible for getting processed by all BeanPostProcessors (for example: not eligible for auto-proxying)
2026-08-17 10:16:25.991 [main] INFO  o.s.c.s.PostProcessorRegistrationDelegate$BeanPostProcessorChecker - Bean 'methodSecurityMetadataSource' of type [org.springframework.security.access.method.DelegatingMethodSecurityMetadataSource] is not eligible for getting processed by all BeanPostProcessors (for example: not eligible for auto-proxying)
2026-08-17 10:16:26.138 [main] INFO  com.zaxxer.hikari.HikariDataSource - HikariPool-1 - Starting...
2026-08-17 10:16:26.186 [main] INFO  com.zaxxer.hikari.HikariDataSource - HikariPool-1 - Start completed.
2026-08-17 10:16:26.583 [main] INFO  liquibase.changelog - Reading from firstspringboot.DATABASECHANGELOG
2026-08-17 10:16:26.610 [main] INFO  liquibase.ui - Database is up to date, no changesets to execute
2026-08-17 10:16:26.611 [main] INFO  liquibase.changelog - Reading from firstspringboot.DATABASECHANGELOG
2026-08-17 10:16:26.616 [main] INFO  liquibase.util - UPDATE SUMMARY
2026-08-17 10:16:26.616 [main] INFO  liquibase.util - Run:                          0
2026-08-17 10:16:26.616 [main] INFO  liquibase.util - Previously run:               2
2026-08-17 10:16:26.616 [main] INFO  liquibase.util - Filtered out:                 0
2026-08-17 10:16:26.616 [main] INFO  liquibase.util - -------------------------------
2026-08-17 10:16:26.616 [main] INFO  liquibase.util - Total change sets:            2
2026-08-17 10:16:26.617 [main] INFO  liquibase.util - Update summary generated
2026-08-17 10:16:26.617 [main] INFO  liquibase.command - Command execution complete
2026-08-17 10:16:27.814 [main] INFO  o.h.jpa.internal.util.LogHelper - HHH000204: Processing PersistenceUnitInfo [name: default]
2026-08-17 10:16:27.843 [main] INFO  org.hibernate.Version - HHH000412: Hibernate ORM core version 5.4.25.Final
2026-08-17 10:16:27.866 [main] INFO  o.h.annotations.common.Version - HCANN000001: Hibernate Commons Annotations {5.1.2.Final}
2026-08-17 10:16:27.941 [main] INFO  org.hibernate.dialect.Dialect - HHH000400: Using dialect: org.hibernate.dialect.MariaDB53Dialect
2026-08-17 10:16:28.155 [main] INFO  o.h.e.t.j.p.i.JtaPlatformInitiator - HHH000490: Using JtaPlatform implementation: [org.hibernate.engine.transaction.jta.platform.internal.NoJtaPlatform]
2026-08-17 10:16:28.159 [main] INFO  o.s.o.j.LocalContainerEntityManagerFactoryBean - Initialized JPA EntityManagerFactory for persistence unit 'default'
2026-08-17 10:16:28.204 [main] WARN  o.s.b.a.o.j.JpaBaseConfiguration$JpaWebConfiguration - spring.jpa.open-in-view is enabled by default. Therefore, database queries may be performed during view rendering. Explicitly configure spring.jpa.open-in-view to disable this warning
2026-08-17 10:16:28.940 [main] INFO  o.s.s.web.DefaultSecurityFilterChain - Will secure any request with [org.springframework.security.web.context.request.async.WebAsyncManagerIntegrationFilter@e870441, org.springframework.security.web.context.SecurityContextPersistenceFilter@f64ce35, org.springframework.security.web.header.HeaderWriterFilter@2fb3c642, org.springframework.security.web.csrf.CsrfFilter@7cc7769d, org.springframework.security.web.authentication.logout.LogoutFilter@43c76550, org.springframework.security.oauth2.server.resource.web.BearerTokenAuthenticationFilter@1c724957, org.springframework.security.web.savedrequest.RequestCacheAwareFilter@5e5d26e4, org.springframework.security.web.servletapi.SecurityContextHolderAwareRequestFilter@77614e7c, org.springframework.security.web.authentication.AnonymousAuthenticationFilter@14fe2e62, org.springframework.security.web.session.SessionManagementFilter@15c46930, org.springframework.security.web.access.ExceptionTranslationFilter@1380a19b, org.springframework.security.web.access.intercept.FilterSecurityInterceptor@7b276a08]
2026-08-17 10:16:29.162 [main] INFO  o.s.s.c.ThreadPoolTaskExecutor - Initializing ExecutorService 'applicationTaskExecutor'
2026-08-17 10:16:29.493 [main] INFO  o.s.s.c.ThreadPoolTaskScheduler - Initializing ExecutorService 'taskScheduler'
2026-08-17 10:16:29.514 [main] INFO  o.s.b.a.e.web.EndpointLinksResolver - Exposing 1 endpoint(s) beneath base path '/actuator'
2026-08-17 10:16:29.548 [main] INFO  c.v.f.FirstspringbootApplicationTests - Started FirstspringbootApplicationTests in 4.635 seconds (JVM running for 6.187)
2026-08-17 10:16:29.574 [main] INFO  c.v.f.s.KeycloakUserSyncCronjob - Starting Keycloak user synchronization...
2026-08-17 10:16:29.613 [main] INFO  c.v.f.aspect.LoggingAspect - [[BEFORE]] [2026-08-17T03:16:29.612765Z] method: UserServiceImpl.createUser(..), params: [com.viettelsoftware.firstspringboot.entity.User@3e590067]
2026-08-17 10:16:29.752 [main] INFO  c.v.f.aspect.LoggingAspect - [[AFTER]] [2026-08-17T03:16:29.752267Z] method: UserServiceImpl.createUser(..), params: [com.viettelsoftware.firstspringboot.entity.User@3e590067]
2026-08-17 10:16:29.752 [main] INFO  c.v.f.aspect.LoggingAspect - [[BEFORE]] [2026-08-17T03:16:29.752373Z] method: UserServiceImpl.createUser(..), params: [com.viettelsoftware.firstspringboot.entity.User@5eab3eac]
2026-08-17 10:16:29.781 [main] INFO  c.v.f.aspect.LoggingAspect - [[AFTER]] [2026-08-17T03:16:29.781664Z] method: UserServiceImpl.createUser(..), params: [com.viettelsoftware.firstspringboot.entity.User@5eab3eac]
2026-08-17 10:16:29.781 [main] INFO  c.v.f.s.KeycloakUserSyncCronjob - Keycloak user synchronization completed successfully. Synced 2 users.
2026-08-17 10:16:29.831 [main] INFO  o.s.b.t.c.SpringBootTestContextBootstrapper - Neither @ContextConfiguration nor @ContextHierarchy found for test class [com.viettelsoftware.firstspringboot.EndToEndIntegrationTest], using SpringBootContextLoader
2026-08-17 10:16:29.832 [main] INFO  o.s.t.c.s.AbstractContextLoader - Could not detect default resource locations for test class [com.viettelsoftware.firstspringboot.EndToEndIntegrationTest]: no resource found for suffixes {-context.xml, Context.groovy}.
2026-08-17 10:16:29.832 [main] INFO  o.s.t.c.s.AnnotationConfigContextLoaderUtils - Could not detect default configuration classes for test class [com.viettelsoftware.firstspringboot.EndToEndIntegrationTest]: EndToEndIntegrationTest does not declare any static, non-private, non-final, nested classes annotated with @Configuration.
2026-08-17 10:16:29.836 [main] INFO  o.s.b.t.c.SpringBootTestContextBootstrapper - Found @SpringBootConfiguration com.viettelsoftware.firstspringboot.FirstspringbootApplication for test class com.viettelsoftware.firstspringboot.EndToEndIntegrationTest
2026-08-17 10:16:29.838 [main] INFO  o.s.b.t.c.SpringBootTestContextBootstrapper - Loaded default TestExecutionListener class names from location [META-INF/spring.factories]: [org.springframework.boot.test.mock.mockito.MockitoTestExecutionListener, org.springframework.boot.test.mock.mockito.ResetMocksTestExecutionListener, org.springframework.boot.test.autoconfigure.restdocs.RestDocsTestExecutionListener, org.springframework.boot.test.autoconfigure.web.client.MockRestServiceServerResetTestExecutionListener, org.springframework.boot.test.autoconfigure.web.servlet.MockMvcPrintOnlyOnFailureTestExecutionListener, org.springframework.boot.test.autoconfigure.web.servlet.WebDriverTestExecutionListener, org.springframework.boot.test.autoconfigure.webservices.client.MockWebServiceServerTestExecutionListener, org.springframework.test.context.web.ServletTestExecutionListener, org.springframework.test.context.support.DirtiesContextBeforeModesTestExecutionListener, org.springframework.test.context.support.DependencyInjectionTestExecutionListener, org.springframework.test.context.support.DirtiesContextTestExecutionListener, org.springframework.test.context.transaction.TransactionalTestExecutionListener, org.springframework.test.context.jdbc.SqlScriptsTestExecutionListener, org.springframework.test.context.event.EventPublishingTestExecutionListener, org.springframework.security.test.context.support.WithSecurityContextTestExecutionListener, org.springframework.security.test.context.support.ReactorContextTestExecutionListener]
2026-08-17 10:16:29.839 [main] INFO  o.s.b.t.c.SpringBootTestContextBootstrapper - Using TestExecutionListeners: [org.springframework.test.context.web.ServletTestExecutionListener@75e32c4c, org.springframework.test.context.support.DirtiesContextBeforeModesTestExecutionListener@2945a3c1, org.springframework.boot.test.mock.mockito.MockitoTestExecutionListener@255d68d5, org.springframework.boot.test.autoconfigure.SpringBootDependencyInjectionTestExecutionListener@40a7c0cc, org.springframework.test.context.support.DirtiesContextTestExecutionListener@2cca15d8, org.springframework.test.context.transaction.TransactionalTestExecutionListener@2895e02b, org.springframework.test.context.jdbc.SqlScriptsTestExecutionListener@66403e2c, org.springframework.test.context.event.EventPublishingTestExecutionListener@181f2388, org.springframework.security.test.context.support.WithSecurityContextTestExecutionListener@64079186, org.springframework.security.test.context.support.ReactorContextTestExecutionListener@6314b195, org.springframework.boot.test.mock.mockito.ResetMocksTestExecutionListener@4424285, org.springframework.boot.test.autoconfigure.restdocs.RestDocsTestExecutionListener@65a022e6, org.springframework.boot.test.autoconfigure.web.client.MockRestServiceServerResetTestExecutionListener@3d731475, org.springframework.boot.test.autoconfigure.web.servlet.MockMvcPrintOnlyOnFailureTestExecutionListener@7bad8257, org.springframework.boot.test.autoconfigure.web.servlet.WebDriverTestExecutionListener@6deda1cd, org.springframework.boot.test.autoconfigure.webservices.client.MockWebServiceServerTestExecutionListener@9be1984]
2026-08-17 10:16:29.849 [main] INFO  c.v.f.EndToEndIntegrationTest - Starting EndToEndIntegrationTest using Java 11.0.32 on lenovo-legion-16iah7h-PF3XJ8SP with PID 113525 (started by ayin in /home/ayin/projs/firstspringboot)
2026-08-17 10:16:29.850 [main] INFO  c.v.f.EndToEndIntegrationTest - No active profile set, falling back to default profiles: default
2026-08-17 10:16:29.979 [main] INFO  o.s.d.r.c.RepositoryConfigurationDelegate - Bootstrapping Spring Data JPA repositories in DEFAULT mode.
2026-08-17 10:16:29.986 [main] INFO  o.s.d.r.c.RepositoryConfigurationDelegate - Finished Spring Data repository scanning in 6 ms. Found 2 JPA repository interfaces.
2026-08-17 10:16:30.042 [main] INFO  o.s.c.s.PostProcessorRegistrationDelegate$BeanPostProcessorChecker - Bean 'org.springframework.security.access.expression.method.DefaultMethodSecurityExpressionHandler@52ed42d6' of type [org.springframework.security.access.expression.method.DefaultMethodSecurityExpressionHandler] is not eligible for getting processed by all BeanPostProcessors (for example: not eligible for auto-proxying)
2026-08-17 10:16:30.045 [main] INFO  o.s.c.s.PostProcessorRegistrationDelegate$BeanPostProcessorChecker - Bean 'methodSecurityMetadataSource' of type [org.springframework.security.access.method.DelegatingMethodSecurityMetadataSource] is not eligible for getting processed by all BeanPostProcessors (for example: not eligible for auto-proxying)
2026-08-17 10:16:30.077 [main] INFO  com.zaxxer.hikari.HikariDataSource - HikariPool-2 - Starting...
2026-08-17 10:16:30.079 [main] INFO  com.zaxxer.hikari.HikariDataSource - HikariPool-2 - Start completed.
2026-08-17 10:16:30.109 [main] INFO  liquibase.changelog - Reading from firstspringboot.DATABASECHANGELOG
2026-08-17 10:16:30.114 [main] INFO  liquibase.ui - Database is up to date, no changesets to execute
2026-08-17 10:16:30.115 [main] INFO  liquibase.util - UPDATE SUMMARY
2026-08-17 10:16:30.115 [main] INFO  liquibase.util - Run:                          0
2026-08-17 10:16:30.115 [main] INFO  liquibase.util - Previously run:               2
2026-08-17 10:16:30.115 [main] INFO  liquibase.util - Filtered out:                 0
2026-08-17 10:16:30.115 [main] INFO  liquibase.util - -------------------------------
2026-08-17 10:16:30.115 [main] INFO  liquibase.util - Total change sets:            2
2026-08-17 10:16:30.115 [main] INFO  liquibase.util - Update summary generated
2026-08-17 10:16:30.116 [main] INFO  liquibase.command - Command execution complete
2026-08-17 10:16:30.132 [main] INFO  o.h.jpa.internal.util.LogHelper - HHH000204: Processing PersistenceUnitInfo [name: default]
2026-08-17 10:16:30.135 [main] INFO  org.hibernate.dialect.Dialect - HHH000400: Using dialect: org.hibernate.dialect.MariaDB53Dialect
2026-08-17 10:16:30.162 [main] INFO  o.h.e.t.j.p.i.JtaPlatformInitiator - HHH000490: Using JtaPlatform implementation: [org.hibernate.engine.transaction.jta.platform.internal.NoJtaPlatform]
2026-08-17 10:16:30.162 [main] INFO  o.s.o.j.LocalContainerEntityManagerFactoryBean - Initialized JPA EntityManagerFactory for persistence unit 'default'
2026-08-17 10:16:30.192 [main] WARN  o.s.b.a.o.j.JpaBaseConfiguration$JpaWebConfiguration - spring.jpa.open-in-view is enabled by default. Therefore, database queries may be performed during view rendering. Explicitly configure spring.jpa.open-in-view to disable this warning
2026-08-17 10:16:30.402 [main] INFO  o.s.s.web.DefaultSecurityFilterChain - Will secure any request with [org.springframework.security.web.context.request.async.WebAsyncManagerIntegrationFilter@47b8f783, org.springframework.security.web.context.SecurityContextPersistenceFilter@75d64dc4, org.springframework.security.web.header.HeaderWriterFilter@29307ea4, org.springframework.security.web.csrf.CsrfFilter@4cf7f5d8, org.springframework.security.web.authentication.logout.LogoutFilter@1cfde650, org.springframework.security.oauth2.server.resource.web.BearerTokenAuthenticationFilter@6642ea55, org.springframework.security.web.savedrequest.RequestCacheAwareFilter@16795459, org.springframework.security.web.servletapi.SecurityContextHolderAwareRequestFilter@3c16cd6c, org.springframework.security.web.authentication.AnonymousAuthenticationFilter@4918f4ad, org.springframework.security.web.session.SessionManagementFilter@6fc31f6, org.springframework.security.web.access.ExceptionTranslationFilter@5a172b6c, org.springframework.security.web.access.intercept.FilterSecurityInterceptor@73bd7cca]
2026-08-17 10:16:30.458 [main] INFO  o.s.s.c.ThreadPoolTaskExecutor - Initializing ExecutorService 'applicationTaskExecutor'
2026-08-17 10:16:30.634 [main] INFO  o.s.s.c.ThreadPoolTaskScheduler - Initializing ExecutorService 'taskScheduler'
2026-08-17 10:16:30.659 [main] INFO  o.s.b.t.m.w.SpringBootMockServletContext - Initializing Spring TestDispatcherServlet ''
2026-08-17 10:16:30.659 [main] INFO  o.s.t.w.s.TestDispatcherServlet - Initializing Servlet ''
2026-08-17 10:16:30.663 [main] INFO  o.s.b.a.e.web.EndpointLinksResolver - Exposing 1 endpoint(s) beneath base path '/actuator'
2026-08-17 10:16:30.680 [main] INFO  o.s.t.w.s.TestDispatcherServlet - Completed initialization in 21 ms
2026-08-17 10:16:30.691 [main] INFO  c.v.f.EndToEndIntegrationTest - Started EndToEndIntegrationTest in 0.851 seconds (JVM running for 7.33)
2026-08-17 10:16:30.692 [main] INFO  c.v.f.s.KeycloakUserSyncCronjob - Starting Keycloak user synchronization...
2026-08-17 10:16:30.721 [main] INFO  c.v.f.aspect.LoggingAspect - [[BEFORE]] [2026-08-17T03:16:30.721976Z] method: UserServiceImpl.createUser(..), params: [com.viettelsoftware.firstspringboot.entity.User@2f3809cf]
2026-08-17 10:16:30.756 [main] INFO  c.v.f.aspect.LoggingAspect - [[AFTER]] [2026-08-17T03:16:30.756451Z] method: UserServiceImpl.createUser(..), params: [com.viettelsoftware.firstspringboot.entity.User@2f3809cf]
2026-08-17 10:16:30.756 [main] INFO  c.v.f.aspect.LoggingAspect - [[BEFORE]] [2026-08-17T03:16:30.756564Z] method: UserServiceImpl.createUser(..), params: [com.viettelsoftware.firstspringboot.entity.User@6c82ecbe]
2026-08-17 10:16:30.792 [main] INFO  c.v.f.aspect.LoggingAspect - [[AFTER]] [2026-08-17T03:16:30.792638Z] method: UserServiceImpl.createUser(..), params: [com.viettelsoftware.firstspringboot.entity.User@6c82ecbe]
2026-08-17 10:16:30.792 [main] INFO  c.v.f.s.KeycloakUserSyncCronjob - Keycloak user synchronization completed successfully. Synced 2 users.
2026-08-17 10:16:30.817 [main] INFO  c.v.f.aspect.LoggingAspect - [[BEFORE]] [2026-08-17T03:16:30.817258Z] method: TaskController.getTasks(), params: []
2026-08-17 10:16:30.822 [main] INFO  c.v.f.aspect.LoggingAspect - [[BEFORE]] [2026-08-17T03:16:30.822697Z] method: TaskServiceImpl.getTasks(), params: []
2026-08-17 10:16:30.834 [main] INFO  c.v.f.aspect.LoggingAspect - [[AFTER]] [2026-08-17T03:16:30.834855Z] method: TaskServiceImpl.getTasks(), params: []
2026-08-17 10:16:30.834 [main] INFO  c.v.f.aspect.LoggingAspect - [[AFTER]] [2026-08-17T03:16:30.834961Z] method: TaskController.getTasks(), params: []
2026-08-17 10:16:30.865 [main] INFO  c.v.f.aspect.LoggingAspect - [[BEFORE]] [2026-08-17T03:16:30.865512Z] method: TaskController.exportTasks(), params: []
2026-08-17 10:16:30.865 [main] INFO  c.v.f.aspect.LoggingAspect - [[BEFORE]] [2026-08-17T03:16:30.865645Z] method: TaskServiceImpl.getTasks(), params: []
2026-08-17 10:16:30.868 [main] INFO  c.v.f.aspect.LoggingAspect - [[AFTER]] [2026-08-17T03:16:30.868062Z] method: TaskServiceImpl.getTasks(), params: []
2026-08-17 10:16:30.868 [main] INFO  c.v.f.aspect.LoggingAspect - [[BEFORE]] [2026-08-17T03:16:30.868201Z] method: TaskExportServiceImpl.exportTasks(..), params: [[com.viettelsoftware.firstspringboot.entity.Task@f054e29, com.viettelsoftware.firstspringboot.entity.Task@426ead99, com.viettelsoftware.firstspringboot.entity.Task@6c40bb07]]
2026-08-17 10:16:30.871 [main] INFO  org.jxls.util.TransformerFactory - Loading transformer by class org.jxls.transform.poi.PoiTransformer
2026-08-17 10:16:30.895 [main] INFO  c.v.f.aspect.LoggingAspect - [[AFTER]] [2026-08-17T03:16:30.895035Z] method: TaskExportServiceImpl.exportTasks(..), params: [[com.viettelsoftware.firstspringboot.entity.Task@f054e29, com.viettelsoftware.firstspringboot.entity.Task@426ead99, com.viettelsoftware.firstspringboot.entity.Task@6c40bb07]]
2026-08-17 10:16:30.895 [main] INFO  c.v.f.aspect.LoggingAspect - [[AFTER]] [2026-08-17T03:16:30.895533Z] method: TaskController.exportTasks(), params: []
2026-08-17 10:16:30.935 [main] WARN  o.s.w.s.m.s.DefaultHandlerExceptionResolver - Resolved [org.springframework.web.bind.MethodArgumentNotValidException: Validation failed for argument [0] in public com.viettelsoftware.firstspringboot.entity.Task com.viettelsoftware.firstspringboot.controller.TaskController.createTask(com.viettelsoftware.firstspringboot.dto.CreateTaskRequest): [Field error in object 'createTaskRequest' on field 'description': rejected value [ Invalid Description ]; codes [ValidTaskDescription.createTaskRequest.description,ValidTaskDescription.description,ValidTaskDescription.java.lang.String,ValidTaskDescription]; arguments [org.springframework.context.support.DefaultMessageSourceResolvable: codes [createTaskRequest.description,description]; arguments []; default message [description]]; default message [Invalid task description (must be `@NotBlank + @Size(max = 255) + @Pattern(regexp = "^\S(?:.*\S)?$")`)]] ]
2026-08-17 10:16:30.940 [main] INFO  c.v.f.aspect.LoggingAspect - [[BEFORE]] [2026-08-17T03:16:30.940089Z] method: UserController.profile(..), params: [JwtAuthenticationToken [Principal=org.springframework.security.oauth2.jwt.Jwt@bbd01fb9, Credentials=[PROTECTED], Authenticated=true, Details=null, Granted Authorities=[REALM_ROLE_GET]]]
2026-08-17 10:16:30.942 [main] INFO  c.v.f.aspect.LoggingAspect - [[AFTER]] [2026-08-17T03:16:30.942798Z] method: UserController.profile(..), params: [JwtAuthenticationToken [Principal=org.springframework.security.oauth2.jwt.Jwt@bbd01fb9, Credentials=[PROTECTED], Authenticated=true, Details=null, Granted Authorities=[REALM_ROLE_GET]]]
2026-08-17 10:16:30.959 [main] INFO  c.v.f.aspect.LoggingAspect - [[BEFORE]] [2026-08-17T03:16:30.959514Z] method: UserController.createUser(..), params: [com.viettelsoftware.firstspringboot.dto.CreateUserRequest@62cb645d]
2026-08-17 10:16:30.959 [main] INFO  c.v.f.aspect.LoggingAspect - [[BEFORE]] [2026-08-17T03:16:30.959640Z] method: UserServiceImpl.createUser(..), params: [com.viettelsoftware.firstspringboot.entity.User@7b088db5]
2026-08-17 10:16:30.990 [main] INFO  c.v.f.aspect.LoggingAspect - [[AFTER]] [2026-08-17T03:16:30.990013Z] method: UserServiceImpl.createUser(..), params: [com.viettelsoftware.firstspringboot.entity.User@7b088db5]
2026-08-17 10:16:30.990 [main] INFO  c.v.f.aspect.LoggingAspect - [[AFTER]] [2026-08-17T03:16:30.990150Z] method: UserController.createUser(..), params: [com.viettelsoftware.firstspringboot.dto.CreateUserRequest@62cb645d]
2026-08-17 10:16:30.992 [main] INFO  c.v.f.aspect.LoggingAspect - [[BEFORE]] [2026-08-17T03:16:30.992870Z] method: UserController.getUsers(), params: []
2026-08-17 10:16:30.992 [main] INFO  c.v.f.aspect.LoggingAspect - [[BEFORE]] [2026-08-17T03:16:30.992977Z] method: UserServiceImpl.getUsers(), params: []
2026-08-17 10:16:30.995 [main] INFO  c.v.f.aspect.LoggingAspect - [[AFTER]] [2026-08-17T03:16:30.995600Z] method: UserServiceImpl.getUsers(), params: []
2026-08-17 10:16:30.995 [main] INFO  c.v.f.aspect.LoggingAspect - [[AFTER]] [2026-08-17T03:16:30.995672Z] method: UserController.getUsers(), params: []
2026-08-17 10:16:30.997 [main] INFO  c.v.f.aspect.LoggingAspect - [[BEFORE]] [2026-08-17T03:16:30.997573Z] method: UserController.exportUsers(), params: []
2026-08-17 10:16:30.997 [main] INFO  c.v.f.aspect.LoggingAspect - [[BEFORE]] [2026-08-17T03:16:30.997900Z] method: UserServiceImpl.getUsers(), params: []
2026-08-17 10:16:30.999 [main] INFO  c.v.f.aspect.LoggingAspect - [[AFTER]] [2026-08-17T03:16:30.999518Z] method: UserServiceImpl.getUsers(), params: []
2026-08-17 10:16:30.999 [main] INFO  c.v.f.aspect.LoggingAspect - [[BEFORE]] [2026-08-17T03:16:30.999657Z] method: UserExportServiceImpl.exportUsers(..), params: [[com.viettelsoftware.firstspringboot.entity.User@40d2a644, com.viettelsoftware.firstspringboot.entity.User@56fe2233, com.viettelsoftware.firstspringboot.entity.User@6e879a78, com.viettelsoftware.firstspringboot.entity.User@882364e]]
2026-08-17 10:16:31.002 [main] INFO  org.jxls.util.TransformerFactory - Loading transformer by class org.jxls.transform.poi.PoiTransformer
2026-08-17 10:16:31.029 [main] INFO  c.v.f.aspect.LoggingAspect - [[AFTER]] [2026-08-17T03:16:31.029353Z] method: UserExportServiceImpl.exportUsers(..), params: [[com.viettelsoftware.firstspringboot.entity.User@40d2a644, com.viettelsoftware.firstspringboot.entity.User@56fe2233, com.viettelsoftware.firstspringboot.entity.User@6e879a78, com.viettelsoftware.firstspringboot.entity.User@882364e]]
2026-08-17 10:16:31.029 [main] INFO  c.v.f.aspect.LoggingAspect - [[AFTER]] [2026-08-17T03:16:31.029709Z] method: UserController.exportUsers(), params: []
2026-08-17 10:16:31.054 [main] INFO  c.v.f.aspect.LoggingAspect - [[BEFORE]] [2026-08-17T03:16:31.053828Z] method: TestService.testMethod(), params: [arg1]
2026-08-17 10:16:31.054 [main] INFO  c.v.f.aspect.LoggingAspect - [[AFTER]] [2026-08-17T03:16:31.054135Z] method: TestService.testMethod(), params: [arg1]
2026-08-17 10:16:31.279 [main] INFO  c.v.f.s.KeycloakUserSyncCronjob - Starting Keycloak user synchronization...
2026-08-17 10:16:31.281 [main] ERROR c.v.f.s.KeycloakUserSyncCronjob - Error occurred while syncing Keycloak users: I/O error on POST request for "http://localhost:9999/realms/master/protocol/openid-connect/token": Connection refused (Connection refused); nested exception is java.net.ConnectException: Connection refused (Connection refused)
org.springframework.web.client.ResourceAccessException: I/O error on POST request for "http://localhost:9999/realms/master/protocol/openid-connect/token": Connection refused (Connection refused); nested exception is java.net.ConnectException: Connection refused (Connection refused)
	at org.springframework.web.client.RestTemplate.doExecute(RestTemplate.java:784)
	at org.springframework.web.client.RestTemplate.execute(RestTemplate.java:710)
	at org.springframework.web.client.RestTemplate.exchange(RestTemplate.java:630)
	at com.viettelsoftware.firstspringboot.scheduler.KeycloakUserSyncCronjob.getAdminAccessToken(KeycloakUserSyncCronjob.java:114)
	at com.viettelsoftware.firstspringboot.scheduler.KeycloakUserSyncCronjob.syncKeycloakUsers(KeycloakUserSyncCronjob.java:56)
	at com.viettelsoftware.firstspringboot.scheduler.KeycloakUserSyncCronjobTest.lambda$testSyncKeycloakUsersHandledGracefullyWhenServerDown$0(KeycloakUserSyncCronjobTest.java:33)
	at org.junit.jupiter.api.AssertDoesNotThrow.assertDoesNotThrow(AssertDoesNotThrow.java:50)
	at org.junit.jupiter.api.AssertDoesNotThrow.assertDoesNotThrow(AssertDoesNotThrow.java:37)
	at org.junit.jupiter.api.Assertions.assertDoesNotThrow(Assertions.java:3060)
	at com.viettelsoftware.firstspringboot.scheduler.KeycloakUserSyncCronjobTest.testSyncKeycloakUsersHandledGracefullyWhenServerDown(KeycloakUserSyncCronjobTest.java:33)
	at java.base/jdk.internal.reflect.NativeMethodAccessorImpl.invoke0(Native Method)
	at java.base/jdk.internal.reflect.NativeMethodAccessorImpl.invoke(NativeMethodAccessorImpl.java:62)
	at java.base/jdk.internal.reflect.DelegatingMethodAccessorImpl.invoke(DelegatingMethodAccessorImpl.java:43)
	at java.base/java.lang.reflect.Method.invoke(Method.java:566)
	at org.junit.platform.commons.util.ReflectionUtils.invokeMethod(ReflectionUtils.java:688)
	at org.junit.jupiter.engine.execution.MethodInvocation.proceed(MethodInvocation.java:60)
	at org.junit.jupiter.engine.execution.InvocationInterceptorChain$ValidatingInvocation.proceed(InvocationInterceptorChain.java:131)
	at org.junit.jupiter.engine.extension.TimeoutExtension.intercept(TimeoutExtension.java:149)
	at org.junit.jupiter.engine.extension.TimeoutExtension.interceptTestableMethod(TimeoutExtension.java:140)
	at org.junit.jupiter.engine.extension.TimeoutExtension.interceptTestMethod(TimeoutExtension.java:84)
	at org.junit.jupiter.engine.execution.ExecutableInvoker$ReflectiveInterceptorCall.lambda$ofVoidMethod$0(ExecutableInvoker.java:115)
	at org.junit.jupiter.engine.execution.ExecutableInvoker.lambda$invoke$0(ExecutableInvoker.java:105)
	at org.junit.jupiter.engine.execution.InvocationInterceptorChain$InterceptedInvocation.proceed(InvocationInterceptorChain.java:106)
	at org.junit.jupiter.engine.execution.InvocationInterceptorChain.proceed(InvocationInterceptorChain.java:64)
	at org.junit.jupiter.engine.execution.InvocationInterceptorChain.chainAndInvoke(InvocationInterceptorChain.java:45)
	at org.junit.jupiter.engine.execution.InvocationInterceptorChain.invoke(InvocationInterceptorChain.java:37)
	at org.junit.jupiter.engine.execution.ExecutableInvoker.invoke(ExecutableInvoker.java:104)
	at org.junit.jupiter.engine.execution.ExecutableInvoker.invoke(ExecutableInvoker.java:98)
	at org.junit.jupiter.engine.descriptor.TestMethodTestDescriptor.lambda$invokeTestMethod$6(TestMethodTestDescriptor.java:210)
	at org.junit.platform.engine.support.hierarchical.ThrowableCollector.execute(ThrowableCollector.java:73)
	at org.junit.jupiter.engine.descriptor.TestMethodTestDescriptor.invokeTestMethod(TestMethodTestDescriptor.java:206)
	at org.junit.jupiter.engine.descriptor.TestMethodTestDescriptor.execute(TestMethodTestDescriptor.java:131)
	at org.junit.jupiter.engine.descriptor.TestMethodTestDescriptor.execute(TestMethodTestDescriptor.java:65)
	at org.junit.platform.engine.support.hierarchical.NodeTestTask.lambda$executeRecursively$5(NodeTestTask.java:139)
	at org.junit.platform.engine.support.hierarchical.ThrowableCollector.execute(ThrowableCollector.java:73)
	at org.junit.platform.engine.support.hierarchical.NodeTestTask.lambda$executeRecursively$7(NodeTestTask.java:129)
	at org.junit.platform.engine.support.hierarchical.Node.around(Node.java:137)
	at org.junit.platform.engine.support.hierarchical.NodeTestTask.lambda$executeRecursively$8(NodeTestTask.java:127)
	at org.junit.platform.engine.support.hierarchical.ThrowableCollector.execute(ThrowableCollector.java:73)
	at org.junit.platform.engine.support.hierarchical.NodeTestTask.executeRecursively(NodeTestTask.java:126)
	at org.junit.platform.engine.support.hierarchical.NodeTestTask.execute(NodeTestTask.java:84)
	at java.base/java.util.ArrayList.forEach(ArrayList.java:1541)
	at org.junit.platform.engine.support.hierarchical.SameThreadHierarchicalTestExecutorService.invokeAll(SameThreadHierarchicalTestExecutorService.java:38)
	at org.junit.platform.engine.support.hierarchical.NodeTestTask.lambda$executeRecursively$5(NodeTestTask.java:143)
	at org.junit.platform.engine.support.hierarchical.ThrowableCollector.execute(ThrowableCollector.java:73)
	at org.junit.platform.engine.support.hierarchical.NodeTestTask.lambda$executeRecursively$7(NodeTestTask.java:129)
	at org.junit.platform.engine.support.hierarchical.Node.around(Node.java:137)
	at org.junit.platform.engine.support.hierarchical.NodeTestTask.lambda$executeRecursively$8(NodeTestTask.java:127)
	at org.junit.platform.engine.support.hierarchical.ThrowableCollector.execute(ThrowableCollector.java:73)
	at org.junit.platform.engine.support.hierarchical.NodeTestTask.executeRecursively(NodeTestTask.java:126)
	at org.junit.platform.engine.support.hierarchical.NodeTestTask.execute(NodeTestTask.java:84)
	at java.base/java.util.ArrayList.forEach(ArrayList.java:1541)
	at org.junit.platform.engine.support.hierarchical.SameThreadHierarchicalTestExecutorService.invokeAll(SameThreadHierarchicalTestExecutorService.java:38)
	at org.junit.platform.engine.support.hierarchical.NodeTestTask.lambda$executeRecursively$5(NodeTestTask.java:143)
	at org.junit.platform.engine.support.hierarchical.ThrowableCollector.execute(ThrowableCollector.java:73)
	at org.junit.platform.engine.support.hierarchical.NodeTestTask.lambda$executeRecursively$7(NodeTestTask.java:129)
	at org.junit.platform.engine.support.hierarchical.Node.around(Node.java:137)
	at org.junit.platform.engine.support.hierarchical.NodeTestTask.lambda$executeRecursively$8(NodeTestTask.java:127)
	at org.junit.platform.engine.support.hierarchical.ThrowableCollector.execute(ThrowableCollector.java:73)
	at org.junit.platform.engine.support.hierarchical.NodeTestTask.executeRecursively(NodeTestTask.java:126)
	at org.junit.platform.engine.support.hierarchical.NodeTestTask.execute(NodeTestTask.java:84)
	at org.junit.platform.engine.support.hierarchical.SameThreadHierarchicalTestExecutorService.submit(SameThreadHierarchicalTestExecutorService.java:32)
	at org.junit.platform.engine.support.hierarchical.HierarchicalTestExecutor.execute(HierarchicalTestExecutor.java:57)
	at org.junit.platform.engine.support.hierarchical.HierarchicalTestEngine.execute(HierarchicalTestEngine.java:51)
	at org.junit.platform.launcher.core.DefaultLauncher.execute(DefaultLauncher.java:220)
	at org.junit.platform.launcher.core.DefaultLauncher.lambda$execute$6(DefaultLauncher.java:188)
	at org.junit.platform.launcher.core.DefaultLauncher.withInterceptedStreams(DefaultLauncher.java:202)
	at org.junit.platform.launcher.core.DefaultLauncher.execute(DefaultLauncher.java:181)
	at org.junit.platform.launcher.core.DefaultLauncher.execute(DefaultLauncher.java:128)
	at org.apache.maven.surefire.junitplatform.JUnitPlatformProvider.invokeAllTests(JUnitPlatformProvider.java:150)
	at org.apache.maven.surefire.junitplatform.JUnitPlatformProvider.invoke(JUnitPlatformProvider.java:124)
	at org.apache.maven.surefire.booter.ForkedBooter.invokeProviderInSameClassLoader(ForkedBooter.java:384)
	at org.apache.maven.surefire.booter.ForkedBooter.runSuitesInProcess(ForkedBooter.java:345)
	at org.apache.maven.surefire.booter.ForkedBooter.execute(ForkedBooter.java:126)
	at org.apache.maven.surefire.booter.ForkedBooter.main(ForkedBooter.java:418)
Caused by: java.net.ConnectException: Connection refused (Connection refused)
	at java.base/java.net.PlainSocketImpl.socketConnect(Native Method)
	at java.base/java.net.AbstractPlainSocketImpl.doConnect(AbstractPlainSocketImpl.java:412)
	at java.base/java.net.AbstractPlainSocketImpl.connectToAddress(AbstractPlainSocketImpl.java:255)
	at java.base/java.net.AbstractPlainSocketImpl.connect(AbstractPlainSocketImpl.java:237)
	at java.base/java.net.Socket.connect(Socket.java:609)
	at java.base/java.net.Socket.connect(Socket.java:558)
	at java.base/sun.net.NetworkClient.doConnect(NetworkClient.java:182)
	at java.base/sun.net.www.http.HttpClient.openServer(HttpClient.java:509)
	at java.base/sun.net.www.http.HttpClient.openServer(HttpClient.java:604)
	at java.base/sun.net.www.http.HttpClient.<init>(HttpClient.java:279)
	at java.base/sun.net.www.http.HttpClient.New(HttpClient.java:376)
	at java.base/sun.net.www.http.HttpClient.New(HttpClient.java:397)
	at java.base/sun.net.www.protocol.http.HttpURLConnection.getNewHttpClient(HttpURLConnection.java:1270)
	at java.base/sun.net.www.protocol.http.HttpURLConnection.plainConnect0(HttpURLConnection.java:1204)
	at java.base/sun.net.www.protocol.http.HttpURLConnection.plainConnect(HttpURLConnection.java:1098)
	at java.base/sun.net.www.protocol.http.HttpURLConnection.connect(HttpURLConnection.java:1032)
	at org.springframework.http.client.SimpleBufferingClientHttpRequest.executeInternal(SimpleBufferingClientHttpRequest.java:76)
	at org.springframework.http.client.AbstractBufferingClientHttpRequest.executeInternal(AbstractBufferingClientHttpRequest.java:48)
	at org.springframework.http.client.AbstractClientHttpRequest.execute(AbstractClientHttpRequest.java:66)
	at org.springframework.web.client.RestTemplate.doExecute(RestTemplate.java:775)
	... 74 common frames omitted
2026-08-17 10:16:31.287 [SpringContextShutdownHook] INFO  o.s.s.c.ThreadPoolTaskScheduler - Shutting down ExecutorService 'taskScheduler'
2026-08-17 10:16:31.288 [SpringContextShutdownHook] INFO  o.s.s.c.ThreadPoolTaskScheduler - Shutting down ExecutorService 'taskScheduler'
2026-08-17 10:16:31.288 [SpringContextShutdownHook] INFO  o.s.s.c.ThreadPoolTaskExecutor - Shutting down ExecutorService 'applicationTaskExecutor'
2026-08-17 10:16:31.289 [SpringContextShutdownHook] INFO  o.s.s.c.ThreadPoolTaskExecutor - Shutting down ExecutorService 'applicationTaskExecutor'
2026-08-17 10:16:31.291 [SpringContextShutdownHook] INFO  o.s.o.j.LocalContainerEntityManagerFactoryBean - Closing JPA EntityManagerFactory for persistence unit 'default'
2026-08-17 10:16:31.292 [SpringContextShutdownHook] INFO  o.s.o.j.LocalContainerEntityManagerFactoryBean - Closing JPA EntityManagerFactory for persistence unit 'default'
2026-08-17 10:16:31.293 [SpringContextShutdownHook] INFO  com.zaxxer.hikari.HikariDataSource - HikariPool-1 - Shutdown initiated...
2026-08-17 10:16:31.293 [SpringContextShutdownHook] INFO  com.zaxxer.hikari.HikariDataSource - HikariPool-2 - Shutdown initiated...
2026-08-17 10:16:31.296 [SpringContextShutdownHook] INFO  com.zaxxer.hikari.HikariDataSource - HikariPool-1 - Shutdown completed.
2026-08-17 10:16:31.296 [SpringContextShutdownHook] INFO  com.zaxxer.hikari.HikariDataSource - HikariPool-2 - Shutdown completed.
2026-08-17 10:17:05.441 [main] INFO  c.v.f.FirstspringbootApplicationTests - Starting FirstspringbootApplicationTests using Java 11.0.32 on lenovo-legion-16iah7h-PF3XJ8SP with PID 114365 (started by ayin in /home/ayin/projs/firstspringboot)
2026-08-17 10:17:05.442 [main] INFO  c.v.f.FirstspringbootApplicationTests - No active profile set, falling back to default profiles: default
2026-08-17 10:17:06.075 [main] INFO  o.s.d.r.c.RepositoryConfigurationDelegate - Bootstrapping Spring Data JPA repositories in DEFAULT mode.
2026-08-17 10:17:06.110 [main] INFO  o.s.d.r.c.RepositoryConfigurationDelegate - Finished Spring Data repository scanning in 29 ms. Found 2 JPA repository interfaces.
2026-08-17 10:17:06.407 [main] INFO  o.s.c.s.PostProcessorRegistrationDelegate$BeanPostProcessorChecker - Bean 'org.springframework.security.access.expression.method.DefaultMethodSecurityExpressionHandler@2190508d' of type [org.springframework.security.access.expression.method.DefaultMethodSecurityExpressionHandler] is not eligible for getting processed by all BeanPostProcessors (for example: not eligible for auto-proxying)
2026-08-17 10:17:06.418 [main] INFO  o.s.c.s.PostProcessorRegistrationDelegate$BeanPostProcessorChecker - Bean 'methodSecurityMetadataSource' of type [org.springframework.security.access.method.DelegatingMethodSecurityMetadataSource] is not eligible for getting processed by all BeanPostProcessors (for example: not eligible for auto-proxying)
2026-08-17 10:17:06.574 [main] INFO  com.zaxxer.hikari.HikariDataSource - HikariPool-1 - Starting...
2026-08-17 10:17:06.641 [main] INFO  com.zaxxer.hikari.HikariDataSource - HikariPool-1 - Start completed.
2026-08-17 10:17:07.083 [main] INFO  liquibase.changelog - Reading from firstspringboot.DATABASECHANGELOG
2026-08-17 10:17:07.109 [main] INFO  liquibase.ui - Database is up to date, no changesets to execute
2026-08-17 10:17:07.111 [main] INFO  liquibase.changelog - Reading from firstspringboot.DATABASECHANGELOG
2026-08-17 10:17:07.119 [main] INFO  liquibase.util - UPDATE SUMMARY
2026-08-17 10:17:07.119 [main] INFO  liquibase.util - Run:                          0
2026-08-17 10:17:07.119 [main] INFO  liquibase.util - Previously run:               2
2026-08-17 10:17:07.119 [main] INFO  liquibase.util - Filtered out:                 0
2026-08-17 10:17:07.119 [main] INFO  liquibase.util - -------------------------------
2026-08-17 10:17:07.119 [main] INFO  liquibase.util - Total change sets:            2
2026-08-17 10:17:07.120 [main] INFO  liquibase.util - Update summary generated
2026-08-17 10:17:07.120 [main] INFO  liquibase.command - Command execution complete
2026-08-17 10:17:08.383 [main] INFO  o.h.jpa.internal.util.LogHelper - HHH000204: Processing PersistenceUnitInfo [name: default]
2026-08-17 10:17:08.421 [main] INFO  org.hibernate.Version - HHH000412: Hibernate ORM core version 5.4.25.Final
2026-08-17 10:17:08.443 [main] INFO  o.h.annotations.common.Version - HCANN000001: Hibernate Commons Annotations {5.1.2.Final}
2026-08-17 10:17:08.511 [main] INFO  org.hibernate.dialect.Dialect - HHH000400: Using dialect: org.hibernate.dialect.MariaDB53Dialect
2026-08-17 10:17:08.722 [main] INFO  o.h.e.t.j.p.i.JtaPlatformInitiator - HHH000490: Using JtaPlatform implementation: [org.hibernate.engine.transaction.jta.platform.internal.NoJtaPlatform]
2026-08-17 10:17:08.726 [main] INFO  o.s.o.j.LocalContainerEntityManagerFactoryBean - Initialized JPA EntityManagerFactory for persistence unit 'default'
2026-08-17 10:17:08.768 [main] WARN  o.s.b.a.o.j.JpaBaseConfiguration$JpaWebConfiguration - spring.jpa.open-in-view is enabled by default. Therefore, database queries may be performed during view rendering. Explicitly configure spring.jpa.open-in-view to disable this warning
2026-08-17 10:17:09.560 [main] INFO  o.s.s.web.DefaultSecurityFilterChain - Will secure any request with [org.springframework.security.web.context.request.async.WebAsyncManagerIntegrationFilter@72c8af69, org.springframework.security.web.context.SecurityContextPersistenceFilter@4d3946b6, org.springframework.security.web.header.HeaderWriterFilter@3de473d9, org.springframework.security.web.csrf.CsrfFilter@69c00140, org.springframework.security.web.authentication.logout.LogoutFilter@5cdf6bb1, org.springframework.security.oauth2.server.resource.web.BearerTokenAuthenticationFilter@4a9fdffe, org.springframework.security.web.savedrequest.RequestCacheAwareFilter@330a6b76, org.springframework.security.web.servletapi.SecurityContextHolderAwareRequestFilter@34018757, org.springframework.security.web.authentication.AnonymousAuthenticationFilter@6d921d6b, org.springframework.security.web.session.SessionManagementFilter@1a288163, org.springframework.security.web.access.ExceptionTranslationFilter@688e2e8d, org.springframework.security.web.access.intercept.FilterSecurityInterceptor@1fd2f96d]
2026-08-17 10:17:09.723 [main] INFO  o.s.s.c.ThreadPoolTaskExecutor - Initializing ExecutorService 'applicationTaskExecutor'
2026-08-17 10:17:10.086 [main] INFO  o.s.s.c.ThreadPoolTaskScheduler - Initializing ExecutorService 'taskScheduler'
2026-08-17 10:17:10.118 [main] INFO  o.s.b.a.e.web.EndpointLinksResolver - Exposing 1 endpoint(s) beneath base path '/actuator'
2026-08-17 10:17:10.162 [main] INFO  c.v.f.FirstspringbootApplicationTests - Started FirstspringbootApplicationTests in 4.867 seconds (JVM running for 6.455)
2026-08-17 10:17:10.191 [main] INFO  c.v.f.s.KeycloakUserSyncCronjob - Starting Keycloak user synchronization...
2026-08-17 10:17:10.230 [main] INFO  c.v.f.aspect.LoggingAspect - [[BEFORE]] [2026-08-17T03:17:10.230138Z] method: UserServiceImpl.createUser(..), params: [com.viettelsoftware.firstspringboot.entity.User@2a0c9309]
2026-08-17 10:17:10.382 [main] INFO  c.v.f.aspect.LoggingAspect - [[AFTER]] [2026-08-17T03:17:10.382951Z] method: UserServiceImpl.createUser(..), params: [com.viettelsoftware.firstspringboot.entity.User@2a0c9309]
2026-08-17 10:17:10.383 [main] INFO  c.v.f.aspect.LoggingAspect - [[BEFORE]] [2026-08-17T03:17:10.383067Z] method: UserServiceImpl.createUser(..), params: [com.viettelsoftware.firstspringboot.entity.User@720d5d1b]
2026-08-17 10:17:10.413 [main] INFO  c.v.f.aspect.LoggingAspect - [[AFTER]] [2026-08-17T03:17:10.413180Z] method: UserServiceImpl.createUser(..), params: [com.viettelsoftware.firstspringboot.entity.User@720d5d1b]
2026-08-17 10:17:10.413 [main] INFO  c.v.f.s.KeycloakUserSyncCronjob - Keycloak user synchronization completed successfully. Synced 2 users.
2026-08-17 10:17:10.467 [main] INFO  o.s.b.t.c.SpringBootTestContextBootstrapper - Neither @ContextConfiguration nor @ContextHierarchy found for test class [com.viettelsoftware.firstspringboot.EndToEndIntegrationTest], using SpringBootContextLoader
2026-08-17 10:17:10.467 [main] INFO  o.s.t.c.s.AbstractContextLoader - Could not detect default resource locations for test class [com.viettelsoftware.firstspringboot.EndToEndIntegrationTest]: no resource found for suffixes {-context.xml, Context.groovy}.
2026-08-17 10:17:10.467 [main] INFO  o.s.t.c.s.AnnotationConfigContextLoaderUtils - Could not detect default configuration classes for test class [com.viettelsoftware.firstspringboot.EndToEndIntegrationTest]: EndToEndIntegrationTest does not declare any static, non-private, non-final, nested classes annotated with @Configuration.
2026-08-17 10:17:10.471 [main] INFO  o.s.b.t.c.SpringBootTestContextBootstrapper - Found @SpringBootConfiguration com.viettelsoftware.firstspringboot.FirstspringbootApplication for test class com.viettelsoftware.firstspringboot.EndToEndIntegrationTest
2026-08-17 10:17:10.472 [main] INFO  o.s.b.t.c.SpringBootTestContextBootstrapper - Loaded default TestExecutionListener class names from location [META-INF/spring.factories]: [org.springframework.boot.test.mock.mockito.MockitoTestExecutionListener, org.springframework.boot.test.mock.mockito.ResetMocksTestExecutionListener, org.springframework.boot.test.autoconfigure.restdocs.RestDocsTestExecutionListener, org.springframework.boot.test.autoconfigure.web.client.MockRestServiceServerResetTestExecutionListener, org.springframework.boot.test.autoconfigure.web.servlet.MockMvcPrintOnlyOnFailureTestExecutionListener, org.springframework.boot.test.autoconfigure.web.servlet.WebDriverTestExecutionListener, org.springframework.boot.test.autoconfigure.webservices.client.MockWebServiceServerTestExecutionListener, org.springframework.test.context.web.ServletTestExecutionListener, org.springframework.test.context.support.DirtiesContextBeforeModesTestExecutionListener, org.springframework.test.context.support.DependencyInjectionTestExecutionListener, org.springframework.test.context.support.DirtiesContextTestExecutionListener, org.springframework.test.context.transaction.TransactionalTestExecutionListener, org.springframework.test.context.jdbc.SqlScriptsTestExecutionListener, org.springframework.test.context.event.EventPublishingTestExecutionListener, org.springframework.security.test.context.support.WithSecurityContextTestExecutionListener, org.springframework.security.test.context.support.ReactorContextTestExecutionListener]
2026-08-17 10:17:10.473 [main] INFO  o.s.b.t.c.SpringBootTestContextBootstrapper - Using TestExecutionListeners: [org.springframework.test.context.web.ServletTestExecutionListener@2945a3c1, org.springframework.test.context.support.DirtiesContextBeforeModesTestExecutionListener@255d68d5, org.springframework.boot.test.mock.mockito.MockitoTestExecutionListener@40a7c0cc, org.springframework.boot.test.autoconfigure.SpringBootDependencyInjectionTestExecutionListener@2cca15d8, org.springframework.test.context.support.DirtiesContextTestExecutionListener@2895e02b, org.springframework.test.context.transaction.TransactionalTestExecutionListener@66403e2c, org.springframework.test.context.jdbc.SqlScriptsTestExecutionListener@181f2388, org.springframework.test.context.event.EventPublishingTestExecutionListener@64079186, org.springframework.security.test.context.support.WithSecurityContextTestExecutionListener@6314b195, org.springframework.security.test.context.support.ReactorContextTestExecutionListener@4424285, org.springframework.boot.test.mock.mockito.ResetMocksTestExecutionListener@65a022e6, org.springframework.boot.test.autoconfigure.restdocs.RestDocsTestExecutionListener@3d731475, org.springframework.boot.test.autoconfigure.web.client.MockRestServiceServerResetTestExecutionListener@7bad8257, org.springframework.boot.test.autoconfigure.web.servlet.MockMvcPrintOnlyOnFailureTestExecutionListener@6deda1cd, org.springframework.boot.test.autoconfigure.web.servlet.WebDriverTestExecutionListener@9be1984, org.springframework.boot.test.autoconfigure.webservices.client.MockWebServiceServerTestExecutionListener@2c4b747a]
2026-08-17 10:17:10.483 [main] INFO  c.v.f.EndToEndIntegrationTest - Starting EndToEndIntegrationTest using Java 11.0.32 on lenovo-legion-16iah7h-PF3XJ8SP with PID 114365 (started by ayin in /home/ayin/projs/firstspringboot)
2026-08-17 10:17:10.484 [main] INFO  c.v.f.EndToEndIntegrationTest - No active profile set, falling back to default profiles: default
2026-08-17 10:17:10.613 [main] INFO  o.s.d.r.c.RepositoryConfigurationDelegate - Bootstrapping Spring Data JPA repositories in DEFAULT mode.
2026-08-17 10:17:10.619 [main] INFO  o.s.d.r.c.RepositoryConfigurationDelegate - Finished Spring Data repository scanning in 5 ms. Found 2 JPA repository interfaces.
2026-08-17 10:17:10.666 [main] INFO  o.s.c.s.PostProcessorRegistrationDelegate$BeanPostProcessorChecker - Bean 'org.springframework.security.access.expression.method.DefaultMethodSecurityExpressionHandler@5cf3924c' of type [org.springframework.security.access.expression.method.DefaultMethodSecurityExpressionHandler] is not eligible for getting processed by all BeanPostProcessors (for example: not eligible for auto-proxying)
2026-08-17 10:17:10.669 [main] INFO  o.s.c.s.PostProcessorRegistrationDelegate$BeanPostProcessorChecker - Bean 'methodSecurityMetadataSource' of type [org.springframework.security.access.method.DelegatingMethodSecurityMetadataSource] is not eligible for getting processed by all BeanPostProcessors (for example: not eligible for auto-proxying)
2026-08-17 10:17:10.693 [main] INFO  com.zaxxer.hikari.HikariDataSource - HikariPool-2 - Starting...
2026-08-17 10:17:10.694 [main] INFO  com.zaxxer.hikari.HikariDataSource - HikariPool-2 - Start completed.
2026-08-17 10:17:10.723 [main] INFO  liquibase.changelog - Reading from firstspringboot.DATABASECHANGELOG
2026-08-17 10:17:10.728 [main] INFO  liquibase.ui - Database is up to date, no changesets to execute
2026-08-17 10:17:10.729 [main] INFO  liquibase.util - UPDATE SUMMARY
2026-08-17 10:17:10.729 [main] INFO  liquibase.util - Run:                          0
2026-08-17 10:17:10.729 [main] INFO  liquibase.util - Previously run:               2
2026-08-17 10:17:10.729 [main] INFO  liquibase.util - Filtered out:                 0
2026-08-17 10:17:10.729 [main] INFO  liquibase.util - -------------------------------
2026-08-17 10:17:10.729 [main] INFO  liquibase.util - Total change sets:            2
2026-08-17 10:17:10.729 [main] INFO  liquibase.util - Update summary generated
2026-08-17 10:17:10.729 [main] INFO  liquibase.command - Command execution complete
2026-08-17 10:17:10.746 [main] INFO  o.h.jpa.internal.util.LogHelper - HHH000204: Processing PersistenceUnitInfo [name: default]
2026-08-17 10:17:10.749 [main] INFO  org.hibernate.dialect.Dialect - HHH000400: Using dialect: org.hibernate.dialect.MariaDB53Dialect
2026-08-17 10:17:10.773 [main] INFO  o.h.e.t.j.p.i.JtaPlatformInitiator - HHH000490: Using JtaPlatform implementation: [org.hibernate.engine.transaction.jta.platform.internal.NoJtaPlatform]
2026-08-17 10:17:10.773 [main] INFO  o.s.o.j.LocalContainerEntityManagerFactoryBean - Initialized JPA EntityManagerFactory for persistence unit 'default'
2026-08-17 10:17:10.798 [main] WARN  o.s.b.a.o.j.JpaBaseConfiguration$JpaWebConfiguration - spring.jpa.open-in-view is enabled by default. Therefore, database queries may be performed during view rendering. Explicitly configure spring.jpa.open-in-view to disable this warning
2026-08-17 10:17:10.997 [main] INFO  o.s.s.web.DefaultSecurityFilterChain - Will secure any request with [org.springframework.security.web.context.request.async.WebAsyncManagerIntegrationFilter@450897d, org.springframework.security.web.context.SecurityContextPersistenceFilter@73bd7cca, org.springframework.security.web.header.HeaderWriterFilter@6fc31f6, org.springframework.security.web.csrf.CsrfFilter@5a172b6c, org.springframework.security.web.authentication.logout.LogoutFilter@515b9a68, org.springframework.security.oauth2.server.resource.web.BearerTokenAuthenticationFilter@5556813d, org.springframework.security.web.savedrequest.RequestCacheAwareFilter@6642ea55, org.springframework.security.web.servletapi.SecurityContextHolderAwareRequestFilter@47b8f783, org.springframework.security.web.authentication.AnonymousAuthenticationFilter@425b142e, org.springframework.security.web.session.SessionManagementFilter@1c5fc, org.springframework.security.web.access.ExceptionTranslationFilter@29307ea4, org.springframework.security.web.access.intercept.FilterSecurityInterceptor@23885f6a]
2026-08-17 10:17:11.052 [main] INFO  o.s.s.c.ThreadPoolTaskExecutor - Initializing ExecutorService 'applicationTaskExecutor'
2026-08-17 10:17:11.186 [main] INFO  o.s.s.c.ThreadPoolTaskScheduler - Initializing ExecutorService 'taskScheduler'
2026-08-17 10:17:11.214 [main] INFO  o.s.b.t.m.w.SpringBootMockServletContext - Initializing Spring TestDispatcherServlet ''
2026-08-17 10:17:11.214 [main] INFO  o.s.t.w.s.TestDispatcherServlet - Initializing Servlet ''
2026-08-17 10:17:11.217 [main] INFO  o.s.b.a.e.web.EndpointLinksResolver - Exposing 1 endpoint(s) beneath base path '/actuator'
2026-08-17 10:17:11.234 [main] INFO  o.s.t.w.s.TestDispatcherServlet - Completed initialization in 20 ms
2026-08-17 10:17:11.246 [main] INFO  c.v.f.EndToEndIntegrationTest - Started EndToEndIntegrationTest in 0.772 seconds (JVM running for 7.539)
2026-08-17 10:17:11.247 [main] INFO  c.v.f.s.KeycloakUserSyncCronjob - Starting Keycloak user synchronization...
2026-08-17 10:17:11.276 [main] INFO  c.v.f.aspect.LoggingAspect - [[BEFORE]] [2026-08-17T03:17:11.276710Z] method: UserServiceImpl.createUser(..), params: [com.viettelsoftware.firstspringboot.entity.User@4f8d98d4]
2026-08-17 10:17:11.311 [main] INFO  c.v.f.aspect.LoggingAspect - [[AFTER]] [2026-08-17T03:17:11.311750Z] method: UserServiceImpl.createUser(..), params: [com.viettelsoftware.firstspringboot.entity.User@4f8d98d4]
2026-08-17 10:17:11.311 [main] INFO  c.v.f.aspect.LoggingAspect - [[BEFORE]] [2026-08-17T03:17:11.311842Z] method: UserServiceImpl.createUser(..), params: [com.viettelsoftware.firstspringboot.entity.User@180ee8dd]
2026-08-17 10:17:11.373 [main] INFO  c.v.f.aspect.LoggingAspect - [[AFTER]] [2026-08-17T03:17:11.373205Z] method: UserServiceImpl.createUser(..), params: [com.viettelsoftware.firstspringboot.entity.User@180ee8dd]
2026-08-17 10:17:11.373 [main] INFO  c.v.f.s.KeycloakUserSyncCronjob - Keycloak user synchronization completed successfully. Synced 2 users.
2026-08-17 10:17:11.395 [main] INFO  c.v.f.aspect.LoggingAspect - [[BEFORE]] [2026-08-17T03:17:11.395961Z] method: TaskController.getTasks(), params: []
2026-08-17 10:17:11.398 [main] INFO  c.v.f.aspect.LoggingAspect - [[BEFORE]] [2026-08-17T03:17:11.398819Z] method: TaskServiceImpl.getTasks(), params: []
2026-08-17 10:17:11.406 [main] INFO  c.v.f.aspect.LoggingAspect - [[AFTER]] [2026-08-17T03:17:11.405985Z] method: TaskServiceImpl.getTasks(), params: []
2026-08-17 10:17:11.406 [main] INFO  c.v.f.aspect.LoggingAspect - [[AFTER]] [2026-08-17T03:17:11.406080Z] method: TaskController.getTasks(), params: []
2026-08-17 10:17:11.429 [main] INFO  c.v.f.aspect.LoggingAspect - [[BEFORE]] [2026-08-17T03:17:11.429434Z] method: TaskController.exportTasks(), params: []
2026-08-17 10:17:11.429 [main] INFO  c.v.f.aspect.LoggingAspect - [[BEFORE]] [2026-08-17T03:17:11.429548Z] method: TaskServiceImpl.getTasks(), params: []
2026-08-17 10:17:11.431 [main] INFO  c.v.f.aspect.LoggingAspect - [[AFTER]] [2026-08-17T03:17:11.431259Z] method: TaskServiceImpl.getTasks(), params: []
2026-08-17 10:17:11.431 [main] INFO  c.v.f.aspect.LoggingAspect - [[BEFORE]] [2026-08-17T03:17:11.431362Z] method: TaskExportServiceImpl.exportTasks(..), params: [[com.viettelsoftware.firstspringboot.entity.Task@713d2fe8, com.viettelsoftware.firstspringboot.entity.Task@546c43e0, com.viettelsoftware.firstspringboot.entity.Task@63d93e91]]
2026-08-17 10:17:11.433 [main] INFO  org.jxls.util.TransformerFactory - Loading transformer by class org.jxls.transform.poi.PoiTransformer
2026-08-17 10:17:11.458 [main] INFO  c.v.f.aspect.LoggingAspect - [[AFTER]] [2026-08-17T03:17:11.458158Z] method: TaskExportServiceImpl.exportTasks(..), params: [[com.viettelsoftware.firstspringboot.entity.Task@713d2fe8, com.viettelsoftware.firstspringboot.entity.Task@546c43e0, com.viettelsoftware.firstspringboot.entity.Task@63d93e91]]
2026-08-17 10:17:11.458 [main] INFO  c.v.f.aspect.LoggingAspect - [[AFTER]] [2026-08-17T03:17:11.458902Z] method: TaskController.exportTasks(), params: []
2026-08-17 10:17:11.509 [main] WARN  o.s.w.s.m.s.DefaultHandlerExceptionResolver - Resolved [org.springframework.web.bind.MethodArgumentNotValidException: Validation failed for argument [0] in public com.viettelsoftware.firstspringboot.entity.Task com.viettelsoftware.firstspringboot.controller.TaskController.createTask(com.viettelsoftware.firstspringboot.dto.CreateTaskRequest): [Field error in object 'createTaskRequest' on field 'description': rejected value [ Invalid Description ]; codes [ValidTaskDescription.createTaskRequest.description,ValidTaskDescription.description,ValidTaskDescription.java.lang.String,ValidTaskDescription]; arguments [org.springframework.context.support.DefaultMessageSourceResolvable: codes [createTaskRequest.description,description]; arguments []; default message [description]]; default message [Invalid task description (must be `@NotBlank + @Size(max = 255) + @Pattern(regexp = "^\S(?:.*\S)?$")`)]] ]
2026-08-17 10:17:11.514 [main] INFO  c.v.f.aspect.LoggingAspect - [[BEFORE]] [2026-08-17T03:17:11.514290Z] method: UserController.profile(..), params: [JwtAuthenticationToken [Principal=org.springframework.security.oauth2.jwt.Jwt@bbd01fb9, Credentials=[PROTECTED], Authenticated=true, Details=null, Granted Authorities=[REALM_ROLE_GET]]]
2026-08-17 10:17:11.517 [main] INFO  c.v.f.aspect.LoggingAspect - [[AFTER]] [2026-08-17T03:17:11.517035Z] method: UserController.profile(..), params: [JwtAuthenticationToken [Principal=org.springframework.security.oauth2.jwt.Jwt@bbd01fb9, Credentials=[PROTECTED], Authenticated=true, Details=null, Granted Authorities=[REALM_ROLE_GET]]]
2026-08-17 10:17:11.534 [main] INFO  c.v.f.aspect.LoggingAspect - [[BEFORE]] [2026-08-17T03:17:11.534318Z] method: UserController.createUser(..), params: [com.viettelsoftware.firstspringboot.dto.CreateUserRequest@28aeab8a]
2026-08-17 10:17:11.534 [main] INFO  c.v.f.aspect.LoggingAspect - [[BEFORE]] [2026-08-17T03:17:11.534443Z] method: UserServiceImpl.createUser(..), params: [com.viettelsoftware.firstspringboot.entity.User@76425cc2]
2026-08-17 10:17:11.564 [main] INFO  c.v.f.aspect.LoggingAspect - [[AFTER]] [2026-08-17T03:17:11.564422Z] method: UserServiceImpl.createUser(..), params: [com.viettelsoftware.firstspringboot.entity.User@76425cc2]
2026-08-17 10:17:11.564 [main] INFO  c.v.f.aspect.LoggingAspect - [[AFTER]] [2026-08-17T03:17:11.564498Z] method: UserController.createUser(..), params: [com.viettelsoftware.firstspringboot.dto.CreateUserRequest@28aeab8a]
2026-08-17 10:17:11.567 [main] INFO  c.v.f.aspect.LoggingAspect - [[BEFORE]] [2026-08-17T03:17:11.567098Z] method: UserController.getUsers(), params: []
2026-08-17 10:17:11.567 [main] INFO  c.v.f.aspect.LoggingAspect - [[BEFORE]] [2026-08-17T03:17:11.567205Z] method: UserServiceImpl.getUsers(), params: []
2026-08-17 10:17:11.570 [main] INFO  c.v.f.aspect.LoggingAspect - [[AFTER]] [2026-08-17T03:17:11.570044Z] method: UserServiceImpl.getUsers(), params: []
2026-08-17 10:17:11.570 [main] INFO  c.v.f.aspect.LoggingAspect - [[AFTER]] [2026-08-17T03:17:11.570119Z] method: UserController.getUsers(), params: []
2026-08-17 10:17:11.571 [main] INFO  c.v.f.aspect.LoggingAspect - [[BEFORE]] [2026-08-17T03:17:11.571857Z] method: UserController.exportUsers(), params: []
2026-08-17 10:17:11.572 [main] INFO  c.v.f.aspect.LoggingAspect - [[BEFORE]] [2026-08-17T03:17:11.572159Z] method: UserServiceImpl.getUsers(), params: []
2026-08-17 10:17:11.573 [main] INFO  c.v.f.aspect.LoggingAspect - [[AFTER]] [2026-08-17T03:17:11.573642Z] method: UserServiceImpl.getUsers(), params: []
2026-08-17 10:17:11.573 [main] INFO  c.v.f.aspect.LoggingAspect - [[BEFORE]] [2026-08-17T03:17:11.573729Z] method: UserExportServiceImpl.exportUsers(..), params: [[com.viettelsoftware.firstspringboot.entity.User@28790ede, com.viettelsoftware.firstspringboot.entity.User@31d07dd9, com.viettelsoftware.firstspringboot.entity.User@568c71de, com.viettelsoftware.firstspringboot.entity.User@548c7eab]]
2026-08-17 10:17:11.575 [main] INFO  org.jxls.util.TransformerFactory - Loading transformer by class org.jxls.transform.poi.PoiTransformer
2026-08-17 10:17:11.598 [main] INFO  c.v.f.aspect.LoggingAspect - [[AFTER]] [2026-08-17T03:17:11.598517Z] method: UserExportServiceImpl.exportUsers(..), params: [[com.viettelsoftware.firstspringboot.entity.User@28790ede, com.viettelsoftware.firstspringboot.entity.User@31d07dd9, com.viettelsoftware.firstspringboot.entity.User@568c71de, com.viettelsoftware.firstspringboot.entity.User@548c7eab]]
2026-08-17 10:17:11.598 [main] INFO  c.v.f.aspect.LoggingAspect - [[AFTER]] [2026-08-17T03:17:11.598772Z] method: UserController.exportUsers(), params: []
2026-08-17 10:17:11.612 [main] INFO  c.v.f.aspect.LoggingAspect - [[BEFORE]] [2026-08-17T03:17:11.612258Z] method: TestService.testMethod(), params: [arg1]
2026-08-17 10:17:11.612 [main] INFO  c.v.f.aspect.LoggingAspect - [[AFTER]] [2026-08-17T03:17:11.612436Z] method: TestService.testMethod(), params: [arg1]
2026-08-17 10:17:11.836 [main] INFO  c.v.f.s.KeycloakUserSyncCronjob - Starting Keycloak user synchronization...
2026-08-17 10:17:11.838 [main] ERROR c.v.f.s.KeycloakUserSyncCronjob - Error occurred while syncing Keycloak users: I/O error on POST request for "http://localhost:9999/realms/master/protocol/openid-connect/token": Connection refused (Connection refused); nested exception is java.net.ConnectException: Connection refused (Connection refused)
org.springframework.web.client.ResourceAccessException: I/O error on POST request for "http://localhost:9999/realms/master/protocol/openid-connect/token": Connection refused (Connection refused); nested exception is java.net.ConnectException: Connection refused (Connection refused)
	at org.springframework.web.client.RestTemplate.doExecute(RestTemplate.java:784)
	at org.springframework.web.client.RestTemplate.execute(RestTemplate.java:710)
	at org.springframework.web.client.RestTemplate.exchange(RestTemplate.java:630)
	at com.viettelsoftware.firstspringboot.scheduler.KeycloakUserSyncCronjob.getAdminAccessToken(KeycloakUserSyncCronjob.java:114)
	at com.viettelsoftware.firstspringboot.scheduler.KeycloakUserSyncCronjob.syncKeycloakUsers(KeycloakUserSyncCronjob.java:56)
	at com.viettelsoftware.firstspringboot.scheduler.KeycloakUserSyncCronjobTest.lambda$testSyncKeycloakUsersHandledGracefullyWhenServerDown$0(KeycloakUserSyncCronjobTest.java:33)
	at org.junit.jupiter.api.AssertDoesNotThrow.assertDoesNotThrow(AssertDoesNotThrow.java:50)
	at org.junit.jupiter.api.AssertDoesNotThrow.assertDoesNotThrow(AssertDoesNotThrow.java:37)
	at org.junit.jupiter.api.Assertions.assertDoesNotThrow(Assertions.java:3060)
	at com.viettelsoftware.firstspringboot.scheduler.KeycloakUserSyncCronjobTest.testSyncKeycloakUsersHandledGracefullyWhenServerDown(KeycloakUserSyncCronjobTest.java:33)
	at java.base/jdk.internal.reflect.NativeMethodAccessorImpl.invoke0(Native Method)
	at java.base/jdk.internal.reflect.NativeMethodAccessorImpl.invoke(NativeMethodAccessorImpl.java:62)
	at java.base/jdk.internal.reflect.DelegatingMethodAccessorImpl.invoke(DelegatingMethodAccessorImpl.java:43)
	at java.base/java.lang.reflect.Method.invoke(Method.java:566)
	at org.junit.platform.commons.util.ReflectionUtils.invokeMethod(ReflectionUtils.java:688)
	at org.junit.jupiter.engine.execution.MethodInvocation.proceed(MethodInvocation.java:60)
	at org.junit.jupiter.engine.execution.InvocationInterceptorChain$ValidatingInvocation.proceed(InvocationInterceptorChain.java:131)
	at org.junit.jupiter.engine.extension.TimeoutExtension.intercept(TimeoutExtension.java:149)
	at org.junit.jupiter.engine.extension.TimeoutExtension.interceptTestableMethod(TimeoutExtension.java:140)
	at org.junit.jupiter.engine.extension.TimeoutExtension.interceptTestMethod(TimeoutExtension.java:84)
	at org.junit.jupiter.engine.execution.ExecutableInvoker$ReflectiveInterceptorCall.lambda$ofVoidMethod$0(ExecutableInvoker.java:115)
	at org.junit.jupiter.engine.execution.ExecutableInvoker.lambda$invoke$0(ExecutableInvoker.java:105)
	at org.junit.jupiter.engine.execution.InvocationInterceptorChain$InterceptedInvocation.proceed(InvocationInterceptorChain.java:106)
	at org.junit.jupiter.engine.execution.InvocationInterceptorChain.proceed(InvocationInterceptorChain.java:64)
	at org.junit.jupiter.engine.execution.InvocationInterceptorChain.chainAndInvoke(InvocationInterceptorChain.java:45)
	at org.junit.jupiter.engine.execution.InvocationInterceptorChain.invoke(InvocationInterceptorChain.java:37)
	at org.junit.jupiter.engine.execution.ExecutableInvoker.invoke(ExecutableInvoker.java:104)
	at org.junit.jupiter.engine.execution.ExecutableInvoker.invoke(ExecutableInvoker.java:98)
	at org.junit.jupiter.engine.descriptor.TestMethodTestDescriptor.lambda$invokeTestMethod$6(TestMethodTestDescriptor.java:210)
	at org.junit.platform.engine.support.hierarchical.ThrowableCollector.execute(ThrowableCollector.java:73)
	at org.junit.jupiter.engine.descriptor.TestMethodTestDescriptor.invokeTestMethod(TestMethodTestDescriptor.java:206)
	at org.junit.jupiter.engine.descriptor.TestMethodTestDescriptor.execute(TestMethodTestDescriptor.java:131)
	at org.junit.jupiter.engine.descriptor.TestMethodTestDescriptor.execute(TestMethodTestDescriptor.java:65)
	at org.junit.platform.engine.support.hierarchical.NodeTestTask.lambda$executeRecursively$5(NodeTestTask.java:139)
	at org.junit.platform.engine.support.hierarchical.ThrowableCollector.execute(ThrowableCollector.java:73)
	at org.junit.platform.engine.support.hierarchical.NodeTestTask.lambda$executeRecursively$7(NodeTestTask.java:129)
	at org.junit.platform.engine.support.hierarchical.Node.around(Node.java:137)
	at org.junit.platform.engine.support.hierarchical.NodeTestTask.lambda$executeRecursively$8(NodeTestTask.java:127)
	at org.junit.platform.engine.support.hierarchical.ThrowableCollector.execute(ThrowableCollector.java:73)
	at org.junit.platform.engine.support.hierarchical.NodeTestTask.executeRecursively(NodeTestTask.java:126)
	at org.junit.platform.engine.support.hierarchical.NodeTestTask.execute(NodeTestTask.java:84)
	at java.base/java.util.ArrayList.forEach(ArrayList.java:1541)
	at org.junit.platform.engine.support.hierarchical.SameThreadHierarchicalTestExecutorService.invokeAll(SameThreadHierarchicalTestExecutorService.java:38)
	at org.junit.platform.engine.support.hierarchical.NodeTestTask.lambda$executeRecursively$5(NodeTestTask.java:143)
	at org.junit.platform.engine.support.hierarchical.ThrowableCollector.execute(ThrowableCollector.java:73)
	at org.junit.platform.engine.support.hierarchical.NodeTestTask.lambda$executeRecursively$7(NodeTestTask.java:129)
	at org.junit.platform.engine.support.hierarchical.Node.around(Node.java:137)
	at org.junit.platform.engine.support.hierarchical.NodeTestTask.lambda$executeRecursively$8(NodeTestTask.java:127)
	at org.junit.platform.engine.support.hierarchical.ThrowableCollector.execute(ThrowableCollector.java:73)
	at org.junit.platform.engine.support.hierarchical.NodeTestTask.executeRecursively(NodeTestTask.java:126)
	at org.junit.platform.engine.support.hierarchical.NodeTestTask.execute(NodeTestTask.java:84)
	at java.base/java.util.ArrayList.forEach(ArrayList.java:1541)
	at org.junit.platform.engine.support.hierarchical.SameThreadHierarchicalTestExecutorService.invokeAll(SameThreadHierarchicalTestExecutorService.java:38)
	at org.junit.platform.engine.support.hierarchical.NodeTestTask.lambda$executeRecursively$5(NodeTestTask.java:143)
	at org.junit.platform.engine.support.hierarchical.ThrowableCollector.execute(ThrowableCollector.java:73)
	at org.junit.platform.engine.support.hierarchical.NodeTestTask.lambda$executeRecursively$7(NodeTestTask.java:129)
	at org.junit.platform.engine.support.hierarchical.Node.around(Node.java:137)
	at org.junit.platform.engine.support.hierarchical.NodeTestTask.lambda$executeRecursively$8(NodeTestTask.java:127)
	at org.junit.platform.engine.support.hierarchical.ThrowableCollector.execute(ThrowableCollector.java:73)
	at org.junit.platform.engine.support.hierarchical.NodeTestTask.executeRecursively(NodeTestTask.java:126)
	at org.junit.platform.engine.support.hierarchical.NodeTestTask.execute(NodeTestTask.java:84)
	at org.junit.platform.engine.support.hierarchical.SameThreadHierarchicalTestExecutorService.submit(SameThreadHierarchicalTestExecutorService.java:32)
	at org.junit.platform.engine.support.hierarchical.HierarchicalTestExecutor.execute(HierarchicalTestExecutor.java:57)
	at org.junit.platform.engine.support.hierarchical.HierarchicalTestEngine.execute(HierarchicalTestEngine.java:51)
	at org.junit.platform.launcher.core.DefaultLauncher.execute(DefaultLauncher.java:220)
	at org.junit.platform.launcher.core.DefaultLauncher.lambda$execute$6(DefaultLauncher.java:188)
	at org.junit.platform.launcher.core.DefaultLauncher.withInterceptedStreams(DefaultLauncher.java:202)
	at org.junit.platform.launcher.core.DefaultLauncher.execute(DefaultLauncher.java:181)
	at org.junit.platform.launcher.core.DefaultLauncher.execute(DefaultLauncher.java:128)
	at org.apache.maven.surefire.junitplatform.JUnitPlatformProvider.invokeAllTests(JUnitPlatformProvider.java:150)
	at org.apache.maven.surefire.junitplatform.JUnitPlatformProvider.invoke(JUnitPlatformProvider.java:124)
	at org.apache.maven.surefire.booter.ForkedBooter.invokeProviderInSameClassLoader(ForkedBooter.java:384)
	at org.apache.maven.surefire.booter.ForkedBooter.runSuitesInProcess(ForkedBooter.java:345)
	at org.apache.maven.surefire.booter.ForkedBooter.execute(ForkedBooter.java:126)
	at org.apache.maven.surefire.booter.ForkedBooter.main(ForkedBooter.java:418)
Caused by: java.net.ConnectException: Connection refused (Connection refused)
	at java.base/java.net.PlainSocketImpl.socketConnect(Native Method)
	at java.base/java.net.AbstractPlainSocketImpl.doConnect(AbstractPlainSocketImpl.java:412)
	at java.base/java.net.AbstractPlainSocketImpl.connectToAddress(AbstractPlainSocketImpl.java:255)
	at java.base/java.net.AbstractPlainSocketImpl.connect(AbstractPlainSocketImpl.java:237)
	at java.base/java.net.Socket.connect(Socket.java:609)
	at java.base/java.net.Socket.connect(Socket.java:558)
	at java.base/sun.net.NetworkClient.doConnect(NetworkClient.java:182)
	at java.base/sun.net.www.http.HttpClient.openServer(HttpClient.java:509)
	at java.base/sun.net.www.http.HttpClient.openServer(HttpClient.java:604)
	at java.base/sun.net.www.http.HttpClient.<init>(HttpClient.java:279)
	at java.base/sun.net.www.http.HttpClient.New(HttpClient.java:376)
	at java.base/sun.net.www.http.HttpClient.New(HttpClient.java:397)
	at java.base/sun.net.www.protocol.http.HttpURLConnection.getNewHttpClient(HttpURLConnection.java:1270)
	at java.base/sun.net.www.protocol.http.HttpURLConnection.plainConnect0(HttpURLConnection.java:1204)
	at java.base/sun.net.www.protocol.http.HttpURLConnection.plainConnect(HttpURLConnection.java:1098)
	at java.base/sun.net.www.protocol.http.HttpURLConnection.connect(HttpURLConnection.java:1032)
	at org.springframework.http.client.SimpleBufferingClientHttpRequest.executeInternal(SimpleBufferingClientHttpRequest.java:76)
	at org.springframework.http.client.AbstractBufferingClientHttpRequest.executeInternal(AbstractBufferingClientHttpRequest.java:48)
	at org.springframework.http.client.AbstractClientHttpRequest.execute(AbstractClientHttpRequest.java:66)
	at org.springframework.web.client.RestTemplate.doExecute(RestTemplate.java:775)
	... 74 common frames omitted
2026-08-17 10:17:11.849 [SpringContextShutdownHook] INFO  o.s.s.c.ThreadPoolTaskScheduler - Shutting down ExecutorService 'taskScheduler'
2026-08-17 10:17:11.849 [SpringContextShutdownHook] INFO  o.s.s.c.ThreadPoolTaskScheduler - Shutting down ExecutorService 'taskScheduler'
2026-08-17 10:17:11.850 [SpringContextShutdownHook] INFO  o.s.s.c.ThreadPoolTaskExecutor - Shutting down ExecutorService 'applicationTaskExecutor'
2026-08-17 10:17:11.850 [SpringContextShutdownHook] INFO  o.s.s.c.ThreadPoolTaskExecutor - Shutting down ExecutorService 'applicationTaskExecutor'
2026-08-17 10:17:11.853 [SpringContextShutdownHook] INFO  o.s.o.j.LocalContainerEntityManagerFactoryBean - Closing JPA EntityManagerFactory for persistence unit 'default'
2026-08-17 10:17:11.853 [SpringContextShutdownHook] INFO  o.s.o.j.LocalContainerEntityManagerFactoryBean - Closing JPA EntityManagerFactory for persistence unit 'default'
2026-08-17 10:17:11.855 [SpringContextShutdownHook] INFO  com.zaxxer.hikari.HikariDataSource - HikariPool-1 - Shutdown initiated...
2026-08-17 10:17:11.855 [SpringContextShutdownHook] INFO  com.zaxxer.hikari.HikariDataSource - HikariPool-2 - Shutdown initiated...
2026-08-17 10:17:11.859 [SpringContextShutdownHook] INFO  com.zaxxer.hikari.HikariDataSource - HikariPool-1 - Shutdown completed.
2026-08-17 10:17:11.859 [SpringContextShutdownHook] INFO  com.zaxxer.hikari.HikariDataSource - HikariPool-2 - Shutdown completed.
2026-08-17 10:38:45.425 [main] INFO  c.v.f.FirstspringbootApplicationTests - Starting FirstspringbootApplicationTests using Java 11.0.32 on lenovo-legion-16iah7h-PF3XJ8SP with PID 135151 (started by ayin in /home/ayin/projs/firstspringboot)
2026-08-17 10:38:45.426 [main] INFO  c.v.f.FirstspringbootApplicationTests - No active profile set, falling back to default profiles: default
2026-08-17 10:38:46.113 [main] INFO  o.s.d.r.c.RepositoryConfigurationDelegate - Bootstrapping Spring Data JPA repositories in DEFAULT mode.
2026-08-17 10:38:46.150 [main] INFO  o.s.d.r.c.RepositoryConfigurationDelegate - Finished Spring Data repository scanning in 31 ms. Found 2 JPA repository interfaces.
2026-08-17 10:38:46.501 [main] INFO  o.s.c.s.PostProcessorRegistrationDelegate$BeanPostProcessorChecker - Bean 'org.springframework.security.access.expression.method.DefaultMethodSecurityExpressionHandler@e0d9e3f' of type [org.springframework.security.access.expression.method.DefaultMethodSecurityExpressionHandler] is not eligible for getting processed by all BeanPostProcessors (for example: not eligible for auto-proxying)
2026-08-17 10:38:46.511 [main] INFO  o.s.c.s.PostProcessorRegistrationDelegate$BeanPostProcessorChecker - Bean 'methodSecurityMetadataSource' of type [org.springframework.security.access.method.DelegatingMethodSecurityMetadataSource] is not eligible for getting processed by all BeanPostProcessors (for example: not eligible for auto-proxying)
2026-08-17 10:38:46.664 [main] INFO  com.zaxxer.hikari.HikariDataSource - HikariPool-1 - Starting...
2026-08-17 10:38:46.745 [main] INFO  com.zaxxer.hikari.HikariDataSource - HikariPool-1 - Start completed.
2026-08-17 10:38:47.232 [main] INFO  liquibase.changelog - Reading from firstspringboot.DATABASECHANGELOG
2026-08-17 10:38:47.261 [main] INFO  liquibase.ui - Database is up to date, no changesets to execute
2026-08-17 10:38:47.263 [main] INFO  liquibase.changelog - Reading from firstspringboot.DATABASECHANGELOG
2026-08-17 10:38:47.269 [main] INFO  liquibase.util - UPDATE SUMMARY
2026-08-17 10:38:47.269 [main] INFO  liquibase.util - Run:                          0
2026-08-17 10:38:47.269 [main] INFO  liquibase.util - Previously run:               2
2026-08-17 10:38:47.269 [main] INFO  liquibase.util - Filtered out:                 0
2026-08-17 10:38:47.269 [main] INFO  liquibase.util - -------------------------------
2026-08-17 10:38:47.269 [main] INFO  liquibase.util - Total change sets:            2
2026-08-17 10:38:47.269 [main] INFO  liquibase.util - Update summary generated
2026-08-17 10:38:47.270 [main] INFO  liquibase.command - Command execution complete
2026-08-17 10:38:48.566 [main] INFO  o.h.jpa.internal.util.LogHelper - HHH000204: Processing PersistenceUnitInfo [name: default]
2026-08-17 10:38:48.620 [main] INFO  org.hibernate.Version - HHH000412: Hibernate ORM core version 5.4.25.Final
2026-08-17 10:38:48.655 [main] INFO  o.h.annotations.common.Version - HCANN000001: Hibernate Commons Annotations {5.1.2.Final}
2026-08-17 10:38:48.765 [main] INFO  org.hibernate.dialect.Dialect - HHH000400: Using dialect: org.hibernate.dialect.MariaDB53Dialect
2026-08-17 10:38:48.978 [main] INFO  o.h.e.t.j.p.i.JtaPlatformInitiator - HHH000490: Using JtaPlatform implementation: [org.hibernate.engine.transaction.jta.platform.internal.NoJtaPlatform]
2026-08-17 10:38:48.983 [main] INFO  o.s.o.j.LocalContainerEntityManagerFactoryBean - Initialized JPA EntityManagerFactory for persistence unit 'default'
2026-08-17 10:38:49.023 [main] WARN  o.s.b.a.o.j.JpaBaseConfiguration$JpaWebConfiguration - spring.jpa.open-in-view is enabled by default. Therefore, database queries may be performed during view rendering. Explicitly configure spring.jpa.open-in-view to disable this warning
2026-08-17 10:38:49.886 [main] INFO  o.s.s.web.DefaultSecurityFilterChain - Will secure any request with [org.springframework.security.web.context.request.async.WebAsyncManagerIntegrationFilter@2da16d31, org.springframework.security.web.context.SecurityContextPersistenceFilter@47fb038d, org.springframework.security.web.header.HeaderWriterFilter@6ea48ca1, org.springframework.security.web.csrf.CsrfFilter@6c40ae2d, org.springframework.security.web.authentication.logout.LogoutFilter@2f7765f1, org.springframework.security.oauth2.server.resource.web.BearerTokenAuthenticationFilter@522a9876, org.springframework.security.web.savedrequest.RequestCacheAwareFilter@6ff879e5, org.springframework.security.web.servletapi.SecurityContextHolderAwareRequestFilter@7080e8fc, org.springframework.security.web.authentication.AnonymousAuthenticationFilter@74a15f4, org.springframework.security.web.session.SessionManagementFilter@48515dfc, org.springframework.security.web.access.ExceptionTranslationFilter@7451338e, org.springframework.security.web.access.intercept.FilterSecurityInterceptor@b729651]
2026-08-17 10:38:50.059 [main] INFO  o.s.s.c.ThreadPoolTaskExecutor - Initializing ExecutorService 'applicationTaskExecutor'
2026-08-17 10:38:50.499 [main] INFO  o.s.s.c.ThreadPoolTaskScheduler - Initializing ExecutorService 'taskScheduler'
2026-08-17 10:38:50.528 [main] INFO  o.s.b.a.e.web.EndpointLinksResolver - Exposing 1 endpoint(s) beneath base path '/actuator'
2026-08-17 10:38:50.571 [main] INFO  c.v.f.FirstspringbootApplicationTests - Started FirstspringbootApplicationTests in 5.337 seconds (JVM running for 7.137)
2026-08-17 10:38:50.619 [main] INFO  c.v.f.s.KeycloakUserSyncCronjob - Starting Keycloak user synchronization...
2026-08-17 10:38:50.766 [main] INFO  c.v.f.aspect.LoggingAspect - [[BEFORE]] [2026-08-17T03:38:50.766121Z] method: UserServiceImpl.createUser(..), params: [com.viettelsoftware.firstspringboot.entity.User@371fcc18]
2026-08-17 10:38:50.919 [main] INFO  c.v.f.aspect.LoggingAspect - [[AFTER]] [2026-08-17T03:38:50.919229Z] method: UserServiceImpl.createUser(..), params: [com.viettelsoftware.firstspringboot.entity.User@371fcc18]
2026-08-17 10:38:50.919 [main] INFO  c.v.f.aspect.LoggingAspect - [[BEFORE]] [2026-08-17T03:38:50.919402Z] method: UserServiceImpl.createUser(..), params: [com.viettelsoftware.firstspringboot.entity.User@5f597b1c]
2026-08-17 10:38:50.958 [main] INFO  c.v.f.aspect.LoggingAspect - [[AFTER]] [2026-08-17T03:38:50.958370Z] method: UserServiceImpl.createUser(..), params: [com.viettelsoftware.firstspringboot.entity.User@5f597b1c]
2026-08-17 10:38:50.958 [main] INFO  c.v.f.s.KeycloakUserSyncCronjob - Keycloak user synchronization completed successfully. Synced 2 users.
2026-08-17 10:38:51.026 [main] INFO  o.s.b.t.c.SpringBootTestContextBootstrapper - Neither @ContextConfiguration nor @ContextHierarchy found for test class [com.viettelsoftware.firstspringboot.EndToEndIntegrationTest], using SpringBootContextLoader
2026-08-17 10:38:51.026 [main] INFO  o.s.t.c.s.AbstractContextLoader - Could not detect default resource locations for test class [com.viettelsoftware.firstspringboot.EndToEndIntegrationTest]: no resource found for suffixes {-context.xml, Context.groovy}.
2026-08-17 10:38:51.026 [main] INFO  o.s.t.c.s.AnnotationConfigContextLoaderUtils - Could not detect default configuration classes for test class [com.viettelsoftware.firstspringboot.EndToEndIntegrationTest]: EndToEndIntegrationTest does not declare any static, non-private, non-final, nested classes annotated with @Configuration.
2026-08-17 10:38:51.030 [main] INFO  o.s.b.t.c.SpringBootTestContextBootstrapper - Found @SpringBootConfiguration com.viettelsoftware.firstspringboot.FirstspringbootApplication for test class com.viettelsoftware.firstspringboot.EndToEndIntegrationTest
2026-08-17 10:38:51.031 [main] INFO  o.s.b.t.c.SpringBootTestContextBootstrapper - Loaded default TestExecutionListener class names from location [META-INF/spring.factories]: [org.springframework.boot.test.mock.mockito.MockitoTestExecutionListener, org.springframework.boot.test.mock.mockito.ResetMocksTestExecutionListener, org.springframework.boot.test.autoconfigure.restdocs.RestDocsTestExecutionListener, org.springframework.boot.test.autoconfigure.web.client.MockRestServiceServerResetTestExecutionListener, org.springframework.boot.test.autoconfigure.web.servlet.MockMvcPrintOnlyOnFailureTestExecutionListener, org.springframework.boot.test.autoconfigure.web.servlet.WebDriverTestExecutionListener, org.springframework.boot.test.autoconfigure.webservices.client.MockWebServiceServerTestExecutionListener, org.springframework.test.context.web.ServletTestExecutionListener, org.springframework.test.context.support.DirtiesContextBeforeModesTestExecutionListener, org.springframework.test.context.support.DependencyInjectionTestExecutionListener, org.springframework.test.context.support.DirtiesContextTestExecutionListener, org.springframework.test.context.transaction.TransactionalTestExecutionListener, org.springframework.test.context.jdbc.SqlScriptsTestExecutionListener, org.springframework.test.context.event.EventPublishingTestExecutionListener, org.springframework.security.test.context.support.WithSecurityContextTestExecutionListener, org.springframework.security.test.context.support.ReactorContextTestExecutionListener]
2026-08-17 10:38:51.031 [main] INFO  o.s.b.t.c.SpringBootTestContextBootstrapper - Using TestExecutionListeners: [org.springframework.test.context.web.ServletTestExecutionListener@40b0c9be, org.springframework.test.context.support.DirtiesContextBeforeModesTestExecutionListener@5bae7a7b, org.springframework.boot.test.mock.mockito.MockitoTestExecutionListener@1448e2b6, org.springframework.boot.test.autoconfigure.SpringBootDependencyInjectionTestExecutionListener@2f9b33f1, org.springframework.test.context.support.DirtiesContextTestExecutionListener@69a0e285, org.springframework.test.context.transaction.TransactionalTestExecutionListener@41f53068, org.springframework.test.context.jdbc.SqlScriptsTestExecutionListener@12fb37b2, org.springframework.test.context.event.EventPublishingTestExecutionListener@64898aa7, org.springframework.security.test.context.support.WithSecurityContextTestExecutionListener@a53f879, org.springframework.security.test.context.support.ReactorContextTestExecutionListener@62cdff2b, org.springframework.boot.test.mock.mockito.ResetMocksTestExecutionListener@29400267, org.springframework.boot.test.autoconfigure.restdocs.RestDocsTestExecutionListener@1b4695a, org.springframework.boot.test.autoconfigure.web.client.MockRestServiceServerResetTestExecutionListener@14b1c925, org.springframework.boot.test.autoconfigure.web.servlet.MockMvcPrintOnlyOnFailureTestExecutionListener@1908483f, org.springframework.boot.test.autoconfigure.web.servlet.WebDriverTestExecutionListener@30722243, org.springframework.boot.test.autoconfigure.webservices.client.MockWebServiceServerTestExecutionListener@122e63ae]
2026-08-17 10:38:51.042 [main] INFO  c.v.f.EndToEndIntegrationTest - Starting EndToEndIntegrationTest using Java 11.0.32 on lenovo-legion-16iah7h-PF3XJ8SP with PID 135151 (started by ayin in /home/ayin/projs/firstspringboot)
2026-08-17 10:38:51.042 [main] INFO  c.v.f.EndToEndIntegrationTest - No active profile set, falling back to default profiles: default
2026-08-17 10:38:51.165 [main] INFO  o.s.d.r.c.RepositoryConfigurationDelegate - Bootstrapping Spring Data JPA repositories in DEFAULT mode.
2026-08-17 10:38:51.172 [main] INFO  o.s.d.r.c.RepositoryConfigurationDelegate - Finished Spring Data repository scanning in 6 ms. Found 2 JPA repository interfaces.
2026-08-17 10:38:51.230 [main] INFO  o.s.c.s.PostProcessorRegistrationDelegate$BeanPostProcessorChecker - Bean 'org.springframework.security.access.expression.method.DefaultMethodSecurityExpressionHandler@2488a11' of type [org.springframework.security.access.expression.method.DefaultMethodSecurityExpressionHandler] is not eligible for getting processed by all BeanPostProcessors (for example: not eligible for auto-proxying)
2026-08-17 10:38:51.233 [main] INFO  o.s.c.s.PostProcessorRegistrationDelegate$BeanPostProcessorChecker - Bean 'methodSecurityMetadataSource' of type [org.springframework.security.access.method.DelegatingMethodSecurityMetadataSource] is not eligible for getting processed by all BeanPostProcessors (for example: not eligible for auto-proxying)
2026-08-17 10:38:51.258 [main] INFO  com.zaxxer.hikari.HikariDataSource - HikariPool-2 - Starting...
2026-08-17 10:38:51.260 [main] INFO  com.zaxxer.hikari.HikariDataSource - HikariPool-2 - Start completed.
2026-08-17 10:38:51.292 [main] INFO  liquibase.changelog - Reading from firstspringboot.DATABASECHANGELOG
2026-08-17 10:38:51.300 [main] INFO  liquibase.ui - Database is up to date, no changesets to execute
2026-08-17 10:38:51.302 [main] INFO  liquibase.util - UPDATE SUMMARY
2026-08-17 10:38:51.302 [main] INFO  liquibase.util - Run:                          0
2026-08-17 10:38:51.302 [main] INFO  liquibase.util - Previously run:               2
2026-08-17 10:38:51.302 [main] INFO  liquibase.util - Filtered out:                 0
2026-08-17 10:38:51.302 [main] INFO  liquibase.util - -------------------------------
2026-08-17 10:38:51.302 [main] INFO  liquibase.util - Total change sets:            2
2026-08-17 10:38:51.302 [main] INFO  liquibase.util - Update summary generated
2026-08-17 10:38:51.302 [main] INFO  liquibase.command - Command execution complete
2026-08-17 10:38:51.328 [main] INFO  o.h.jpa.internal.util.LogHelper - HHH000204: Processing PersistenceUnitInfo [name: default]
2026-08-17 10:38:51.332 [main] INFO  org.hibernate.dialect.Dialect - HHH000400: Using dialect: org.hibernate.dialect.MariaDB53Dialect
2026-08-17 10:38:51.363 [main] INFO  o.h.e.t.j.p.i.JtaPlatformInitiator - HHH000490: Using JtaPlatform implementation: [org.hibernate.engine.transaction.jta.platform.internal.NoJtaPlatform]
2026-08-17 10:38:51.363 [main] INFO  o.s.o.j.LocalContainerEntityManagerFactoryBean - Initialized JPA EntityManagerFactory for persistence unit 'default'
2026-08-17 10:38:51.394 [main] WARN  o.s.b.a.o.j.JpaBaseConfiguration$JpaWebConfiguration - spring.jpa.open-in-view is enabled by default. Therefore, database queries may be performed during view rendering. Explicitly configure spring.jpa.open-in-view to disable this warning
2026-08-17 10:38:51.592 [main] INFO  o.s.s.web.DefaultSecurityFilterChain - Will secure any request with [org.springframework.security.web.context.request.async.WebAsyncManagerIntegrationFilter@5a22eec0, org.springframework.security.web.context.SecurityContextPersistenceFilter@3e5a40e7, org.springframework.security.web.header.HeaderWriterFilter@7589cfc4, org.springframework.security.web.csrf.CsrfFilter@157e14f2, org.springframework.security.web.authentication.logout.LogoutFilter@4c2ff77, org.springframework.security.oauth2.server.resource.web.BearerTokenAuthenticationFilter@61ce4af8, org.springframework.security.web.savedrequest.RequestCacheAwareFilter@380567a7, org.springframework.security.web.servletapi.SecurityContextHolderAwareRequestFilter@3c9788c, org.springframework.security.web.authentication.AnonymousAuthenticationFilter@42d060f1, org.springframework.security.web.session.SessionManagementFilter@5b6606fd, org.springframework.security.web.access.ExceptionTranslationFilter@3116e9f2, org.springframework.security.web.access.intercept.FilterSecurityInterceptor@3abc4498]
2026-08-17 10:38:51.645 [main] INFO  o.s.s.c.ThreadPoolTaskExecutor - Initializing ExecutorService 'applicationTaskExecutor'
2026-08-17 10:38:51.783 [main] INFO  o.s.s.c.ThreadPoolTaskScheduler - Initializing ExecutorService 'taskScheduler'
2026-08-17 10:38:51.819 [main] INFO  o.s.b.t.m.w.SpringBootMockServletContext - Initializing Spring TestDispatcherServlet ''
2026-08-17 10:38:51.819 [main] INFO  o.s.t.w.s.TestDispatcherServlet - Initializing Servlet ''
2026-08-17 10:38:51.822 [main] INFO  o.s.b.a.e.web.EndpointLinksResolver - Exposing 1 endpoint(s) beneath base path '/actuator'
2026-08-17 10:38:51.833 [main] INFO  o.s.t.w.s.TestDispatcherServlet - Completed initialization in 14 ms
2026-08-17 10:38:51.851 [main] INFO  c.v.f.EndToEndIntegrationTest - Started EndToEndIntegrationTest in 0.818 seconds (JVM running for 8.417)
2026-08-17 10:38:51.852 [main] INFO  c.v.f.s.KeycloakUserSyncCronjob - Starting Keycloak user synchronization...
2026-08-17 10:38:51.889 [main] INFO  c.v.f.aspect.LoggingAspect - [[BEFORE]] [2026-08-17T03:38:51.889740Z] method: UserServiceImpl.createUser(..), params: [com.viettelsoftware.firstspringboot.entity.User@6a5f05f5]
2026-08-17 10:38:51.931 [main] INFO  c.v.f.aspect.LoggingAspect - [[AFTER]] [2026-08-17T03:38:51.931751Z] method: UserServiceImpl.createUser(..), params: [com.viettelsoftware.firstspringboot.entity.User@6a5f05f5]
2026-08-17 10:38:51.931 [main] INFO  c.v.f.aspect.LoggingAspect - [[BEFORE]] [2026-08-17T03:38:51.931845Z] method: UserServiceImpl.createUser(..), params: [com.viettelsoftware.firstspringboot.entity.User@196ca821]
2026-08-17 10:38:51.970 [main] INFO  c.v.f.aspect.LoggingAspect - [[AFTER]] [2026-08-17T03:38:51.970609Z] method: UserServiceImpl.createUser(..), params: [com.viettelsoftware.firstspringboot.entity.User@196ca821]
2026-08-17 10:38:51.970 [main] INFO  c.v.f.s.KeycloakUserSyncCronjob - Keycloak user synchronization completed successfully. Synced 2 users.
2026-08-17 10:38:51.994 [main] INFO  c.v.f.aspect.LoggingAspect - [[BEFORE]] [2026-08-17T03:38:51.994743Z] method: TaskController.getTasks(), params: []
2026-08-17 10:38:51.999 [main] INFO  c.v.f.aspect.LoggingAspect - [[BEFORE]] [2026-08-17T03:38:51.999367Z] method: TaskServiceImpl.getTasks(), params: []
2026-08-17 10:38:52.018 [main] INFO  c.v.f.aspect.LoggingAspect - [[AFTER]] [2026-08-17T03:38:52.018022Z] method: TaskServiceImpl.getTasks(), params: []
2026-08-17 10:38:52.018 [main] INFO  c.v.f.aspect.LoggingAspect - [[AFTER]] [2026-08-17T03:38:52.018152Z] method: TaskController.getTasks(), params: []
2026-08-17 10:38:52.049 [main] INFO  c.v.f.aspect.LoggingAspect - [[BEFORE]] [2026-08-17T03:38:52.049142Z] method: TaskController.exportTasks(), params: []
2026-08-17 10:38:52.049 [main] INFO  c.v.f.aspect.LoggingAspect - [[BEFORE]] [2026-08-17T03:38:52.049287Z] method: TaskServiceImpl.getTasks(), params: []
2026-08-17 10:38:52.051 [main] INFO  c.v.f.aspect.LoggingAspect - [[AFTER]] [2026-08-17T03:38:52.051182Z] method: TaskServiceImpl.getTasks(), params: []
2026-08-17 10:38:52.051 [main] INFO  c.v.f.aspect.LoggingAspect - [[BEFORE]] [2026-08-17T03:38:52.051327Z] method: TaskExportServiceImpl.exportTasks(..), params: [[com.viettelsoftware.firstspringboot.entity.Task@d57624a, com.viettelsoftware.firstspringboot.entity.Task@15cdc117, com.viettelsoftware.firstspringboot.entity.Task@7f446346]]
2026-08-17 10:38:52.055 [main] INFO  org.jxls.util.TransformerFactory - Loading transformer by class org.jxls.transform.poi.PoiTransformer
2026-08-17 10:38:52.085 [main] INFO  c.v.f.aspect.LoggingAspect - [[AFTER]] [2026-08-17T03:38:52.085464Z] method: TaskExportServiceImpl.exportTasks(..), params: [[com.viettelsoftware.firstspringboot.entity.Task@d57624a, com.viettelsoftware.firstspringboot.entity.Task@15cdc117, com.viettelsoftware.firstspringboot.entity.Task@7f446346]]
2026-08-17 10:38:52.086 [main] INFO  c.v.f.aspect.LoggingAspect - [[AFTER]] [2026-08-17T03:38:52.086157Z] method: TaskController.exportTasks(), params: []
2026-08-17 10:38:52.125 [main] WARN  o.s.w.s.m.s.DefaultHandlerExceptionResolver - Resolved [org.springframework.web.bind.MethodArgumentNotValidException: Validation failed for argument [0] in public com.viettelsoftware.firstspringboot.entity.Task com.viettelsoftware.firstspringboot.controller.TaskController.createTask(com.viettelsoftware.firstspringboot.dto.CreateTaskRequest): [Field error in object 'createTaskRequest' on field 'description': rejected value [ Invalid Description ]; codes [ValidTaskDescription.createTaskRequest.description,ValidTaskDescription.description,ValidTaskDescription.java.lang.String,ValidTaskDescription]; arguments [org.springframework.context.support.DefaultMessageSourceResolvable: codes [createTaskRequest.description,description]; arguments []; default message [description]]; default message [Invalid task description (must be `@NotBlank + @Size(max = 255) + @Pattern(regexp = "^\S(?:.*\S)?$")`)]] ]
2026-08-17 10:38:52.129 [main] INFO  c.v.f.aspect.LoggingAspect - [[BEFORE]] [2026-08-17T03:38:52.129408Z] method: UserController.profile(), params: []
2026-08-17 10:38:52.131 [main] INFO  c.v.f.aspect.LoggingAspect - [[BEFORE]] [2026-08-17T03:38:52.131724Z] method: AuthServiceImpl.getCurrentUser(), params: []
2026-08-17 10:38:52.133 [main] INFO  c.v.f.aspect.LoggingAspect - [[AFTER]] [2026-08-17T03:38:52.133088Z] method: AuthServiceImpl.getCurrentUser(), params: []
2026-08-17 10:38:52.133 [main] INFO  c.v.f.aspect.LoggingAspect - [[AFTER]] [2026-08-17T03:38:52.133379Z] method: UserController.profile(), params: []
2026-08-17 10:38:52.150 [main] INFO  c.v.f.aspect.LoggingAspect - [[BEFORE]] [2026-08-17T03:38:52.150453Z] method: UserController.createUser(..), params: [com.viettelsoftware.firstspringboot.dto.CreateUserRequest@3e57d25c]
2026-08-17 10:38:52.150 [main] INFO  c.v.f.aspect.LoggingAspect - [[BEFORE]] [2026-08-17T03:38:52.150616Z] method: UserServiceImpl.createUser(..), params: [com.viettelsoftware.firstspringboot.entity.User@1d021496]
2026-08-17 10:38:52.190 [main] INFO  c.v.f.aspect.LoggingAspect - [[AFTER]] [2026-08-17T03:38:52.190234Z] method: UserServiceImpl.createUser(..), params: [com.viettelsoftware.firstspringboot.entity.User@1d021496]
2026-08-17 10:38:52.190 [main] INFO  c.v.f.aspect.LoggingAspect - [[AFTER]] [2026-08-17T03:38:52.190319Z] method: UserController.createUser(..), params: [com.viettelsoftware.firstspringboot.dto.CreateUserRequest@3e57d25c]
2026-08-17 10:38:52.193 [main] INFO  c.v.f.aspect.LoggingAspect - [[BEFORE]] [2026-08-17T03:38:52.193252Z] method: UserController.getUsers(), params: []
2026-08-17 10:38:52.193 [main] INFO  c.v.f.aspect.LoggingAspect - [[BEFORE]] [2026-08-17T03:38:52.193356Z] method: UserServiceImpl.getUsers(), params: []
2026-08-17 10:38:52.195 [main] INFO  c.v.f.aspect.LoggingAspect - [[AFTER]] [2026-08-17T03:38:52.195906Z] method: UserServiceImpl.getUsers(), params: []
2026-08-17 10:38:52.195 [main] INFO  c.v.f.aspect.LoggingAspect - [[AFTER]] [2026-08-17T03:38:52.195971Z] method: UserController.getUsers(), params: []
2026-08-17 10:38:52.198 [main] INFO  c.v.f.aspect.LoggingAspect - [[BEFORE]] [2026-08-17T03:38:52.198100Z] method: UserController.exportUsers(), params: []
2026-08-17 10:38:52.198 [main] INFO  c.v.f.aspect.LoggingAspect - [[BEFORE]] [2026-08-17T03:38:52.198222Z] method: UserServiceImpl.getUsers(), params: []
2026-08-17 10:38:52.200 [main] INFO  c.v.f.aspect.LoggingAspect - [[AFTER]] [2026-08-17T03:38:52.200092Z] method: UserServiceImpl.getUsers(), params: []
2026-08-17 10:38:52.200 [main] INFO  c.v.f.aspect.LoggingAspect - [[BEFORE]] [2026-08-17T03:38:52.200201Z] method: UserExportServiceImpl.exportUsers(..), params: [[com.viettelsoftware.firstspringboot.entity.User@314ecfa1, com.viettelsoftware.firstspringboot.entity.User@8d1b425, com.viettelsoftware.firstspringboot.entity.User@5d643896, com.viettelsoftware.firstspringboot.entity.User@3aee9ce3]]
2026-08-17 10:38:52.201 [main] INFO  org.jxls.util.TransformerFactory - Loading transformer by class org.jxls.transform.poi.PoiTransformer
2026-08-17 10:38:52.224 [main] INFO  c.v.f.aspect.LoggingAspect - [[AFTER]] [2026-08-17T03:38:52.224448Z] method: UserExportServiceImpl.exportUsers(..), params: [[com.viettelsoftware.firstspringboot.entity.User@314ecfa1, com.viettelsoftware.firstspringboot.entity.User@8d1b425, com.viettelsoftware.firstspringboot.entity.User@5d643896, com.viettelsoftware.firstspringboot.entity.User@3aee9ce3]]
2026-08-17 10:38:52.224 [main] INFO  c.v.f.aspect.LoggingAspect - [[AFTER]] [2026-08-17T03:38:52.224871Z] method: UserController.exportUsers(), params: []
2026-08-17 10:38:52.247 [main] INFO  c.v.f.aspect.LoggingAspect - [[BEFORE]] [2026-08-17T03:38:52.247304Z] method: TestService.testMethod(), params: [arg1]
2026-08-17 10:38:52.247 [main] INFO  c.v.f.aspect.LoggingAspect - [[AFTER]] [2026-08-17T03:38:52.247579Z] method: TestService.testMethod(), params: [arg1]
2026-08-17 10:38:52.483 [main] INFO  c.v.f.s.KeycloakUserSyncCronjob - Starting Keycloak user synchronization...
2026-08-17 10:38:52.487 [main] ERROR c.v.f.s.KeycloakUserSyncCronjob - Error occurred while syncing Keycloak users: I/O error on POST request for "http://localhost:9999/realms/master/protocol/openid-connect/token": Connection refused (Connection refused); nested exception is java.net.ConnectException: Connection refused (Connection refused)
org.springframework.web.client.ResourceAccessException: I/O error on POST request for "http://localhost:9999/realms/master/protocol/openid-connect/token": Connection refused (Connection refused); nested exception is java.net.ConnectException: Connection refused (Connection refused)
	at org.springframework.web.client.RestTemplate.doExecute(RestTemplate.java:784)
	at org.springframework.web.client.RestTemplate.execute(RestTemplate.java:710)
	at org.springframework.web.client.RestTemplate.exchange(RestTemplate.java:630)
	at com.viettelsoftware.firstspringboot.scheduler.KeycloakUserSyncCronjob.getAdminAccessToken(KeycloakUserSyncCronjob.java:114)
	at com.viettelsoftware.firstspringboot.scheduler.KeycloakUserSyncCronjob.syncKeycloakUsers(KeycloakUserSyncCronjob.java:56)
	at com.viettelsoftware.firstspringboot.scheduler.KeycloakUserSyncCronjobTest.lambda$testSyncKeycloakUsersHandledGracefullyWhenServerDown$0(KeycloakUserSyncCronjobTest.java:33)
	at org.junit.jupiter.api.AssertDoesNotThrow.assertDoesNotThrow(AssertDoesNotThrow.java:50)
	at org.junit.jupiter.api.AssertDoesNotThrow.assertDoesNotThrow(AssertDoesNotThrow.java:37)
	at org.junit.jupiter.api.Assertions.assertDoesNotThrow(Assertions.java:3060)
	at com.viettelsoftware.firstspringboot.scheduler.KeycloakUserSyncCronjobTest.testSyncKeycloakUsersHandledGracefullyWhenServerDown(KeycloakUserSyncCronjobTest.java:33)
	at java.base/jdk.internal.reflect.NativeMethodAccessorImpl.invoke0(Native Method)
	at java.base/jdk.internal.reflect.NativeMethodAccessorImpl.invoke(NativeMethodAccessorImpl.java:62)
	at java.base/jdk.internal.reflect.DelegatingMethodAccessorImpl.invoke(DelegatingMethodAccessorImpl.java:43)
	at java.base/java.lang.reflect.Method.invoke(Method.java:566)
	at org.junit.platform.commons.util.ReflectionUtils.invokeMethod(ReflectionUtils.java:688)
	at org.junit.jupiter.engine.execution.MethodInvocation.proceed(MethodInvocation.java:60)
	at org.junit.jupiter.engine.execution.InvocationInterceptorChain$ValidatingInvocation.proceed(InvocationInterceptorChain.java:131)
	at org.junit.jupiter.engine.extension.TimeoutExtension.intercept(TimeoutExtension.java:149)
	at org.junit.jupiter.engine.extension.TimeoutExtension.interceptTestableMethod(TimeoutExtension.java:140)
	at org.junit.jupiter.engine.extension.TimeoutExtension.interceptTestMethod(TimeoutExtension.java:84)
	at org.junit.jupiter.engine.execution.ExecutableInvoker$ReflectiveInterceptorCall.lambda$ofVoidMethod$0(ExecutableInvoker.java:115)
	at org.junit.jupiter.engine.execution.ExecutableInvoker.lambda$invoke$0(ExecutableInvoker.java:105)
	at org.junit.jupiter.engine.execution.InvocationInterceptorChain$InterceptedInvocation.proceed(InvocationInterceptorChain.java:106)
	at org.junit.jupiter.engine.execution.InvocationInterceptorChain.proceed(InvocationInterceptorChain.java:64)
	at org.junit.jupiter.engine.execution.InvocationInterceptorChain.chainAndInvoke(InvocationInterceptorChain.java:45)
	at org.junit.jupiter.engine.execution.InvocationInterceptorChain.invoke(InvocationInterceptorChain.java:37)
	at org.junit.jupiter.engine.execution.ExecutableInvoker.invoke(ExecutableInvoker.java:104)
	at org.junit.jupiter.engine.execution.ExecutableInvoker.invoke(ExecutableInvoker.java:98)
	at org.junit.jupiter.engine.descriptor.TestMethodTestDescriptor.lambda$invokeTestMethod$6(TestMethodTestDescriptor.java:210)
	at org.junit.platform.engine.support.hierarchical.ThrowableCollector.execute(ThrowableCollector.java:73)
	at org.junit.jupiter.engine.descriptor.TestMethodTestDescriptor.invokeTestMethod(TestMethodTestDescriptor.java:206)
	at org.junit.jupiter.engine.descriptor.TestMethodTestDescriptor.execute(TestMethodTestDescriptor.java:131)
	at org.junit.jupiter.engine.descriptor.TestMethodTestDescriptor.execute(TestMethodTestDescriptor.java:65)
	at org.junit.platform.engine.support.hierarchical.NodeTestTask.lambda$executeRecursively$5(NodeTestTask.java:139)
	at org.junit.platform.engine.support.hierarchical.ThrowableCollector.execute(ThrowableCollector.java:73)
	at org.junit.platform.engine.support.hierarchical.NodeTestTask.lambda$executeRecursively$7(NodeTestTask.java:129)
	at org.junit.platform.engine.support.hierarchical.Node.around(Node.java:137)
	at org.junit.platform.engine.support.hierarchical.NodeTestTask.lambda$executeRecursively$8(NodeTestTask.java:127)
	at org.junit.platform.engine.support.hierarchical.ThrowableCollector.execute(ThrowableCollector.java:73)
	at org.junit.platform.engine.support.hierarchical.NodeTestTask.executeRecursively(NodeTestTask.java:126)
	at org.junit.platform.engine.support.hierarchical.NodeTestTask.execute(NodeTestTask.java:84)
	at java.base/java.util.ArrayList.forEach(ArrayList.java:1541)
	at org.junit.platform.engine.support.hierarchical.SameThreadHierarchicalTestExecutorService.invokeAll(SameThreadHierarchicalTestExecutorService.java:38)
	at org.junit.platform.engine.support.hierarchical.NodeTestTask.lambda$executeRecursively$5(NodeTestTask.java:143)
	at org.junit.platform.engine.support.hierarchical.ThrowableCollector.execute(ThrowableCollector.java:73)
	at org.junit.platform.engine.support.hierarchical.NodeTestTask.lambda$executeRecursively$7(NodeTestTask.java:129)
	at org.junit.platform.engine.support.hierarchical.Node.around(Node.java:137)
	at org.junit.platform.engine.support.hierarchical.NodeTestTask.lambda$executeRecursively$8(NodeTestTask.java:127)
	at org.junit.platform.engine.support.hierarchical.ThrowableCollector.execute(ThrowableCollector.java:73)
	at org.junit.platform.engine.support.hierarchical.NodeTestTask.executeRecursively(NodeTestTask.java:126)
	at org.junit.platform.engine.support.hierarchical.NodeTestTask.execute(NodeTestTask.java:84)
	at java.base/java.util.ArrayList.forEach(ArrayList.java:1541)
	at org.junit.platform.engine.support.hierarchical.SameThreadHierarchicalTestExecutorService.invokeAll(SameThreadHierarchicalTestExecutorService.java:38)
	at org.junit.platform.engine.support.hierarchical.NodeTestTask.lambda$executeRecursively$5(NodeTestTask.java:143)
	at org.junit.platform.engine.support.hierarchical.ThrowableCollector.execute(ThrowableCollector.java:73)
	at org.junit.platform.engine.support.hierarchical.NodeTestTask.lambda$executeRecursively$7(NodeTestTask.java:129)
	at org.junit.platform.engine.support.hierarchical.Node.around(Node.java:137)
	at org.junit.platform.engine.support.hierarchical.NodeTestTask.lambda$executeRecursively$8(NodeTestTask.java:127)
	at org.junit.platform.engine.support.hierarchical.ThrowableCollector.execute(ThrowableCollector.java:73)
	at org.junit.platform.engine.support.hierarchical.NodeTestTask.executeRecursively(NodeTestTask.java:126)
	at org.junit.platform.engine.support.hierarchical.NodeTestTask.execute(NodeTestTask.java:84)
	at org.junit.platform.engine.support.hierarchical.SameThreadHierarchicalTestExecutorService.submit(SameThreadHierarchicalTestExecutorService.java:32)
	at org.junit.platform.engine.support.hierarchical.HierarchicalTestExecutor.execute(HierarchicalTestExecutor.java:57)
	at org.junit.platform.engine.support.hierarchical.HierarchicalTestEngine.execute(HierarchicalTestEngine.java:51)
	at org.junit.platform.launcher.core.DefaultLauncher.execute(DefaultLauncher.java:220)
	at org.junit.platform.launcher.core.DefaultLauncher.lambda$execute$6(DefaultLauncher.java:188)
	at org.junit.platform.launcher.core.DefaultLauncher.withInterceptedStreams(DefaultLauncher.java:202)
	at org.junit.platform.launcher.core.DefaultLauncher.execute(DefaultLauncher.java:181)
	at org.junit.platform.launcher.core.DefaultLauncher.execute(DefaultLauncher.java:128)
	at org.apache.maven.surefire.junitplatform.JUnitPlatformProvider.invokeAllTests(JUnitPlatformProvider.java:150)
	at org.apache.maven.surefire.junitplatform.JUnitPlatformProvider.invoke(JUnitPlatformProvider.java:124)
	at org.apache.maven.surefire.booter.ForkedBooter.invokeProviderInSameClassLoader(ForkedBooter.java:384)
	at org.apache.maven.surefire.booter.ForkedBooter.runSuitesInProcess(ForkedBooter.java:345)
	at org.apache.maven.surefire.booter.ForkedBooter.execute(ForkedBooter.java:126)
	at org.apache.maven.surefire.booter.ForkedBooter.main(ForkedBooter.java:418)
Caused by: java.net.ConnectException: Connection refused (Connection refused)
	at java.base/java.net.PlainSocketImpl.socketConnect(Native Method)
	at java.base/java.net.AbstractPlainSocketImpl.doConnect(AbstractPlainSocketImpl.java:412)
	at java.base/java.net.AbstractPlainSocketImpl.connectToAddress(AbstractPlainSocketImpl.java:255)
	at java.base/java.net.AbstractPlainSocketImpl.connect(AbstractPlainSocketImpl.java:237)
	at java.base/java.net.Socket.connect(Socket.java:609)
	at java.base/java.net.Socket.connect(Socket.java:558)
	at java.base/sun.net.NetworkClient.doConnect(NetworkClient.java:182)
	at java.base/sun.net.www.http.HttpClient.openServer(HttpClient.java:509)
	at java.base/sun.net.www.http.HttpClient.openServer(HttpClient.java:604)
	at java.base/sun.net.www.http.HttpClient.<init>(HttpClient.java:279)
	at java.base/sun.net.www.http.HttpClient.New(HttpClient.java:376)
	at java.base/sun.net.www.http.HttpClient.New(HttpClient.java:397)
	at java.base/sun.net.www.protocol.http.HttpURLConnection.getNewHttpClient(HttpURLConnection.java:1270)
	at java.base/sun.net.www.protocol.http.HttpURLConnection.plainConnect0(HttpURLConnection.java:1204)
	at java.base/sun.net.www.protocol.http.HttpURLConnection.plainConnect(HttpURLConnection.java:1098)
	at java.base/sun.net.www.protocol.http.HttpURLConnection.connect(HttpURLConnection.java:1032)
	at org.springframework.http.client.SimpleBufferingClientHttpRequest.executeInternal(SimpleBufferingClientHttpRequest.java:76)
	at org.springframework.http.client.AbstractBufferingClientHttpRequest.executeInternal(AbstractBufferingClientHttpRequest.java:48)
	at org.springframework.http.client.AbstractClientHttpRequest.execute(AbstractClientHttpRequest.java:66)
	at org.springframework.web.client.RestTemplate.doExecute(RestTemplate.java:775)
	... 74 common frames omitted
2026-08-17 10:38:52.496 [SpringContextShutdownHook] INFO  o.s.s.c.ThreadPoolTaskScheduler - Shutting down ExecutorService 'taskScheduler'
2026-08-17 10:38:52.496 [SpringContextShutdownHook] INFO  o.s.s.c.ThreadPoolTaskScheduler - Shutting down ExecutorService 'taskScheduler'
2026-08-17 10:38:52.497 [SpringContextShutdownHook] INFO  o.s.s.c.ThreadPoolTaskExecutor - Shutting down ExecutorService 'applicationTaskExecutor'
2026-08-17 10:38:52.497 [SpringContextShutdownHook] INFO  o.s.s.c.ThreadPoolTaskExecutor - Shutting down ExecutorService 'applicationTaskExecutor'
2026-08-17 10:38:52.501 [SpringContextShutdownHook] INFO  o.s.o.j.LocalContainerEntityManagerFactoryBean - Closing JPA EntityManagerFactory for persistence unit 'default'
2026-08-17 10:38:52.501 [SpringContextShutdownHook] INFO  o.s.o.j.LocalContainerEntityManagerFactoryBean - Closing JPA EntityManagerFactory for persistence unit 'default'
2026-08-17 10:38:52.503 [SpringContextShutdownHook] INFO  com.zaxxer.hikari.HikariDataSource - HikariPool-1 - Shutdown initiated...
2026-08-17 10:38:52.503 [SpringContextShutdownHook] INFO  com.zaxxer.hikari.HikariDataSource - HikariPool-2 - Shutdown initiated...
2026-08-17 10:38:52.508 [SpringContextShutdownHook] INFO  com.zaxxer.hikari.HikariDataSource - HikariPool-1 - Shutdown completed.
2026-08-17 10:38:52.508 [SpringContextShutdownHook] INFO  com.zaxxer.hikari.HikariDataSource - HikariPool-2 - Shutdown completed.
2026-08-17 11:16:00.974 [main] INFO  c.v.f.FirstspringbootApplicationTests - Starting FirstspringbootApplicationTests using Java 11.0.32 on lenovo-legion-16iah7h-PF3XJ8SP with PID 183149 (started by ayin in /home/ayin/projs/firstspringboot)
2026-08-17 11:16:00.975 [main] INFO  c.v.f.FirstspringbootApplicationTests - No active profile set, falling back to default profiles: default
2026-08-17 11:16:01.649 [main] INFO  o.s.d.r.c.RepositoryConfigurationDelegate - Bootstrapping Spring Data JPA repositories in DEFAULT mode.
2026-08-17 11:16:01.680 [main] INFO  o.s.d.r.c.RepositoryConfigurationDelegate - Finished Spring Data repository scanning in 26 ms. Found 2 JPA repository interfaces.
2026-08-17 11:16:01.995 [main] INFO  o.s.c.s.PostProcessorRegistrationDelegate$BeanPostProcessorChecker - Bean 'org.springframework.security.access.expression.method.DefaultMethodSecurityExpressionHandler@29d29657' of type [org.springframework.security.access.expression.method.DefaultMethodSecurityExpressionHandler] is not eligible for getting processed by all BeanPostProcessors (for example: not eligible for auto-proxying)
2026-08-17 11:16:02.004 [main] INFO  o.s.c.s.PostProcessorRegistrationDelegate$BeanPostProcessorChecker - Bean 'methodSecurityMetadataSource' of type [org.springframework.security.access.method.DelegatingMethodSecurityMetadataSource] is not eligible for getting processed by all BeanPostProcessors (for example: not eligible for auto-proxying)
2026-08-17 11:16:02.129 [main] INFO  com.zaxxer.hikari.HikariDataSource - HikariPool-1 - Starting...
2026-08-17 11:16:02.191 [main] INFO  com.zaxxer.hikari.HikariDataSource - HikariPool-1 - Start completed.
2026-08-17 11:16:02.606 [main] INFO  liquibase.changelog - Reading from firstspringboot.DATABASECHANGELOG
2026-08-17 11:16:02.673 [main] INFO  liquibase.lockservice - Successfully acquired change log lock
2026-08-17 11:16:02.673 [main] INFO  liquibase.command - Using deploymentId: 6940162109
2026-08-17 11:16:02.675 [main] INFO  liquibase.changelog - Reading from firstspringboot.DATABASECHANGELOG
2026-08-17 11:16:02.689 [main] INFO  liquibase.ui - Running Changeset: db/changelog/changes/01-create-tasks-table.xml::1::firstspringbootmariadbuser
2026-08-17 11:16:02.698 [main] ERROR liquibase.changelog - ChangeSet db/changelog/changes/01-create-tasks-table.xml::1::firstspringbootmariadbuser encountered an exception.
liquibase.exception.DatabaseException: (conn=1365) Table 'tasks' already exists [Failed SQL: (1050) CREATE TABLE firstspringboot.tasks (id BIGINT AUTO_INCREMENT NOT NULL, task VARCHAR(255) NOT NULL, CONSTRAINT PK_TASKS PRIMARY KEY (id))]
	at liquibase.executor.jvm.JdbcExecutor$ExecuteStatementCallback.doInStatement(JdbcExecutor.java:497)
	at liquibase.executor.jvm.JdbcExecutor.execute(JdbcExecutor.java:83)
	at liquibase.executor.jvm.JdbcExecutor.execute(JdbcExecutor.java:185)
	at liquibase.executor.AbstractExecutor.execute(AbstractExecutor.java:141)
	at liquibase.database.AbstractJdbcDatabase.executeStatements(AbstractJdbcDatabase.java:1189)
	at liquibase.changelog.ChangeSet.execute(ChangeSet.java:790)
	at liquibase.changelog.visitor.UpdateVisitor.executeAcceptedChange(UpdateVisitor.java:126)
	at liquibase.changelog.visitor.UpdateVisitor.visit(UpdateVisitor.java:70)
	at liquibase.changelog.ChangeLogIterator.lambda$run$0(ChangeLogIterator.java:133)
	at liquibase.Scope.lambda$child$0(Scope.java:201)
	at liquibase.Scope.child(Scope.java:210)
	at liquibase.Scope.child(Scope.java:200)
	at liquibase.Scope.child(Scope.java:179)
	at liquibase.changelog.ChangeLogIterator.lambda$run$1(ChangeLogIterator.java:122)
	at liquibase.Scope.lambda$child$0(Scope.java:201)
	at liquibase.Scope.child(Scope.java:210)
	at liquibase.Scope.child(Scope.java:200)
	at liquibase.Scope.child(Scope.java:179)
	at liquibase.Scope.child(Scope.java:267)
	at liquibase.Scope.child(Scope.java:271)
	at liquibase.changelog.ChangeLogIterator.run(ChangeLogIterator.java:91)
	at liquibase.command.core.AbstractUpdateCommandStep.lambda$run$0(AbstractUpdateCommandStep.java:114)
	at liquibase.Scope.lambda$child$0(Scope.java:201)
	at liquibase.Scope.child(Scope.java:210)
	at liquibase.Scope.child(Scope.java:200)
	at liquibase.Scope.child(Scope.java:179)
	at liquibase.command.core.AbstractUpdateCommandStep.run(AbstractUpdateCommandStep.java:112)
	at liquibase.command.core.UpdateCommandStep.run(UpdateCommandStep.java:100)
	at liquibase.command.CommandScope.lambda$execute$6(CommandScope.java:253)
	at liquibase.Scope.child(Scope.java:210)
	at liquibase.Scope.child(Scope.java:186)
	at liquibase.command.CommandScope.execute(CommandScope.java:241)
	at liquibase.Liquibase.lambda$update$0(Liquibase.java:216)
	at liquibase.Scope.lambda$child$0(Scope.java:201)
	at liquibase.Scope.child(Scope.java:210)
	at liquibase.Scope.child(Scope.java:200)
	at liquibase.Scope.child(Scope.java:179)
	at liquibase.Liquibase.runInScope(Liquibase.java:1333)
	at liquibase.Liquibase.update(Liquibase.java:205)
	at liquibase.Liquibase.update(Liquibase.java:188)
	at liquibase.integration.spring.SpringLiquibase.performUpdate(SpringLiquibase.java:326)
	at liquibase.integration.spring.SpringLiquibase.lambda$afterPropertiesSet$0(SpringLiquibase.java:278)
	at liquibase.Scope.lambda$child$0(Scope.java:201)
	at liquibase.Scope.child(Scope.java:210)
	at liquibase.Scope.child(Scope.java:200)
	at liquibase.Scope.child(Scope.java:179)
	at liquibase.integration.spring.SpringLiquibase.afterPropertiesSet(SpringLiquibase.java:271)
	at org.springframework.beans.factory.support.AbstractAutowireCapableBeanFactory.invokeInitMethods(AbstractAutowireCapableBeanFactory.java:1847)
	at org.springframework.beans.factory.support.AbstractAutowireCapableBeanFactory.initializeBean(AbstractAutowireCapableBeanFactory.java:1784)
	at org.springframework.beans.factory.support.AbstractAutowireCapableBeanFactory.doCreateBean(AbstractAutowireCapableBeanFactory.java:609)
	at org.springframework.beans.factory.support.AbstractAutowireCapableBeanFactory.createBean(AbstractAutowireCapableBeanFactory.java:531)
	at org.springframework.beans.factory.support.AbstractBeanFactory.lambda$doGetBean$0(AbstractBeanFactory.java:335)
	at org.springframework.beans.factory.support.DefaultSingletonBeanRegistry.getSingleton(DefaultSingletonBeanRegistry.java:234)
	at org.springframework.beans.factory.support.AbstractBeanFactory.doGetBean(AbstractBeanFactory.java:333)
	at org.springframework.beans.factory.support.AbstractBeanFactory.getBean(AbstractBeanFactory.java:208)
	at org.springframework.beans.factory.support.AbstractBeanFactory.doGetBean(AbstractBeanFactory.java:322)
	at org.springframework.beans.factory.support.AbstractBeanFactory.getBean(AbstractBeanFactory.java:208)
	at org.springframework.context.support.AbstractApplicationContext.getBean(AbstractApplicationContext.java:1159)
	at org.springframework.context.support.AbstractApplicationContext.finishBeanFactoryInitialization(AbstractApplicationContext.java:913)
	at org.springframework.context.support.AbstractApplicationContext.refresh(AbstractApplicationContext.java:588)
	at org.springframework.boot.SpringApplication.refresh(SpringApplication.java:767)
	at org.springframework.boot.SpringApplication.refresh(SpringApplication.java:759)
	at org.springframework.boot.SpringApplication.refreshContext(SpringApplication.java:426)
	at org.springframework.boot.SpringApplication.run(SpringApplication.java:326)
	at org.springframework.boot.test.context.SpringBootContextLoader.loadContext(SpringBootContextLoader.java:122)
	at org.springframework.test.context.cache.DefaultCacheAwareContextLoaderDelegate.loadContextInternal(DefaultCacheAwareContextLoaderDelegate.java:99)
	at org.springframework.test.context.cache.DefaultCacheAwareContextLoaderDelegate.loadContext(DefaultCacheAwareContextLoaderDelegate.java:124)
	at org.springframework.test.context.support.DefaultTestContext.getApplicationContext(DefaultTestContext.java:123)
	at org.springframework.test.context.web.ServletTestExecutionListener.setUpRequestContextIfNecessary(ServletTestExecutionListener.java:190)
	at org.springframework.test.context.web.ServletTestExecutionListener.prepareTestInstance(ServletTestExecutionListener.java:132)
	at org.springframework.test.context.TestContextManager.prepareTestInstance(TestContextManager.java:244)
	at org.springframework.test.context.junit.jupiter.SpringExtension.postProcessTestInstance(SpringExtension.java:137)
	at org.junit.jupiter.engine.descriptor.ClassBasedTestDescriptor.lambda$invokeTestInstancePostProcessors$6(ClassBasedTestDescriptor.java:350)
	at org.junit.jupiter.engine.descriptor.ClassBasedTestDescriptor.executeAndMaskThrowable(ClassBasedTestDescriptor.java:355)
	at org.junit.jupiter.engine.descriptor.ClassBasedTestDescriptor.lambda$invokeTestInstancePostProcessors$7(ClassBasedTestDescriptor.java:350)
	at java.base/java.util.stream.ReferencePipeline$3$1.accept(ReferencePipeline.java:195)
	at java.base/java.util.stream.ReferencePipeline$2$1.accept(ReferencePipeline.java:177)
	at java.base/java.util.ArrayList$ArrayListSpliterator.forEachRemaining(ArrayList.java:1655)
	at java.base/java.util.stream.AbstractPipeline.copyInto(AbstractPipeline.java:484)
	at java.base/java.util.stream.AbstractPipeline.wrapAndCopyInto(AbstractPipeline.java:474)
	at java.base/java.util.stream.StreamSpliterators$WrappingSpliterator.forEachRemaining(StreamSpliterators.java:312)
	at java.base/java.util.stream.Streams$ConcatSpliterator.forEachRemaining(Streams.java:735)
	at java.base/java.util.stream.Streams$ConcatSpliterator.forEachRemaining(Streams.java:734)
	at java.base/java.util.stream.ReferencePipeline$Head.forEach(ReferencePipeline.java:658)
	at org.junit.jupiter.engine.descriptor.ClassBasedTestDescriptor.invokeTestInstancePostProcessors(ClassBasedTestDescriptor.java:349)
	at org.junit.jupiter.engine.descriptor.ClassBasedTestDescriptor.lambda$instantiateAndPostProcessTestInstance$4(ClassBasedTestDescriptor.java:270)
	at org.junit.platform.engine.support.hierarchical.ThrowableCollector.execute(ThrowableCollector.java:73)
	at org.junit.jupiter.engine.descriptor.ClassBasedTestDescriptor.instantiateAndPostProcessTestInstance(ClassBasedTestDescriptor.java:269)
	at org.junit.jupiter.engine.descriptor.ClassBasedTestDescriptor.lambda$testInstancesProvider$2(ClassBasedTestDescriptor.java:259)
	at java.base/java.util.Optional.orElseGet(Optional.java:369)
	at org.junit.jupiter.engine.descriptor.ClassBasedTestDescriptor.lambda$testInstancesProvider$3(ClassBasedTestDescriptor.java:258)
	at org.junit.jupiter.engine.execution.TestInstancesProvider.getTestInstances(TestInstancesProvider.java:31)
	at org.junit.jupiter.engine.descriptor.TestMethodTestDescriptor.lambda$prepare$0(TestMethodTestDescriptor.java:101)
	at org.junit.platform.engine.support.hierarchical.ThrowableCollector.execute(ThrowableCollector.java:73)
	at org.junit.jupiter.engine.descriptor.TestMethodTestDescriptor.prepare(TestMethodTestDescriptor.java:100)
	at org.junit.jupiter.engine.descriptor.TestMethodTestDescriptor.prepare(TestMethodTestDescriptor.java:65)
	at org.junit.platform.engine.support.hierarchical.NodeTestTask.lambda$prepare$1(NodeTestTask.java:111)
	at org.junit.platform.engine.support.hierarchical.ThrowableCollector.execute(ThrowableCollector.java:73)
	at org.junit.platform.engine.support.hierarchical.NodeTestTask.prepare(NodeTestTask.java:111)
	at org.junit.platform.engine.support.hierarchical.NodeTestTask.execute(NodeTestTask.java:79)
	at java.base/java.util.ArrayList.forEach(ArrayList.java:1541)
	at org.junit.platform.engine.support.hierarchical.SameThreadHierarchicalTestExecutorService.invokeAll(SameThreadHierarchicalTestExecutorService.java:38)
	at org.junit.platform.engine.support.hierarchical.NodeTestTask.lambda$executeRecursively$5(NodeTestTask.java:143)
	at org.junit.platform.engine.support.hierarchical.ThrowableCollector.execute(ThrowableCollector.java:73)
	at org.junit.platform.engine.support.hierarchical.NodeTestTask.lambda$executeRecursively$7(NodeTestTask.java:129)
	at org.junit.platform.engine.support.hierarchical.Node.around(Node.java:137)
	at org.junit.platform.engine.support.hierarchical.NodeTestTask.lambda$executeRecursively$8(NodeTestTask.java:127)
	at org.junit.platform.engine.support.hierarchical.ThrowableCollector.execute(ThrowableCollector.java:73)
	at org.junit.platform.engine.support.hierarchical.NodeTestTask.executeRecursively(NodeTestTask.java:126)
	at org.junit.platform.engine.support.hierarchical.NodeTestTask.execute(NodeTestTask.java:84)
	at java.base/java.util.ArrayList.forEach(ArrayList.java:1541)
	at org.junit.platform.engine.support.hierarchical.SameThreadHierarchicalTestExecutorService.invokeAll(SameThreadHierarchicalTestExecutorService.java:38)
	at org.junit.platform.engine.support.hierarchical.NodeTestTask.lambda$executeRecursively$5(NodeTestTask.java:143)
	at org.junit.platform.engine.support.hierarchical.ThrowableCollector.execute(ThrowableCollector.java:73)
	at org.junit.platform.engine.support.hierarchical.NodeTestTask.lambda$executeRecursively$7(NodeTestTask.java:129)
	at org.junit.platform.engine.support.hierarchical.Node.around(Node.java:137)
	at org.junit.platform.engine.support.hierarchical.NodeTestTask.lambda$executeRecursively$8(NodeTestTask.java:127)
	at org.junit.platform.engine.support.hierarchical.ThrowableCollector.execute(ThrowableCollector.java:73)
	at org.junit.platform.engine.support.hierarchical.NodeTestTask.executeRecursively(NodeTestTask.java:126)
	at org.junit.platform.engine.support.hierarchical.NodeTestTask.execute(NodeTestTask.java:84)
	at org.junit.platform.engine.support.hierarchical.SameThreadHierarchicalTestExecutorService.submit(SameThreadHierarchicalTestExecutorService.java:32)
	at org.junit.platform.engine.support.hierarchical.HierarchicalTestExecutor.execute(HierarchicalTestExecutor.java:57)
	at org.junit.platform.engine.support.hierarchical.HierarchicalTestEngine.execute(HierarchicalTestEngine.java:51)
	at org.junit.platform.launcher.core.DefaultLauncher.execute(DefaultLauncher.java:220)
	at org.junit.platform.launcher.core.DefaultLauncher.lambda$execute$6(DefaultLauncher.java:188)
	at org.junit.platform.launcher.core.DefaultLauncher.withInterceptedStreams(DefaultLauncher.java:202)
	at org.junit.platform.launcher.core.DefaultLauncher.execute(DefaultLauncher.java:181)
	at org.junit.platform.launcher.core.DefaultLauncher.execute(DefaultLauncher.java:128)
	at org.apache.maven.surefire.junitplatform.JUnitPlatformProvider.invokeAllTests(JUnitPlatformProvider.java:150)
	at org.apache.maven.surefire.junitplatform.JUnitPlatformProvider.invoke(JUnitPlatformProvider.java:124)
	at org.apache.maven.surefire.booter.ForkedBooter.invokeProviderInSameClassLoader(ForkedBooter.java:384)
	at org.apache.maven.surefire.booter.ForkedBooter.runSuitesInProcess(ForkedBooter.java:345)
	at org.apache.maven.surefire.booter.ForkedBooter.execute(ForkedBooter.java:126)
	at org.apache.maven.surefire.booter.ForkedBooter.main(ForkedBooter.java:418)
Caused by: java.sql.SQLSyntaxErrorException: (conn=1365) Table 'tasks' already exists
	at org.mariadb.jdbc.internal.util.exceptions.ExceptionFactory.createException(ExceptionFactory.java:62)
	at org.mariadb.jdbc.internal.util.exceptions.ExceptionFactory.create(ExceptionFactory.java:153)
	at org.mariadb.jdbc.MariaDbStatement.executeExceptionEpilogue(MariaDbStatement.java:274)
	at org.mariadb.jdbc.MariaDbStatement.executeInternal(MariaDbStatement.java:363)
	at org.mariadb.jdbc.MariaDbStatement.execute(MariaDbStatement.java:501)
	at com.zaxxer.hikari.pool.ProxyStatement.execute(ProxyStatement.java:95)
	at com.zaxxer.hikari.pool.HikariProxyStatement.execute(HikariProxyStatement.java)
	at liquibase.executor.jvm.JdbcExecutor$ExecuteStatementCallback.doInStatement(JdbcExecutor.java:491)
	... 133 common frames omitted
Caused by: org.mariadb.jdbc.internal.util.exceptions.MariaDbSqlException: Table 'tasks' already exists
	at org.mariadb.jdbc.internal.util.exceptions.MariaDbSqlException.of(MariaDbSqlException.java:34)
	at org.mariadb.jdbc.internal.protocol.AbstractQueryProtocol.exceptionWithQuery(AbstractQueryProtocol.java:194)
	at org.mariadb.jdbc.internal.protocol.AbstractQueryProtocol.executeQuery(AbstractQueryProtocol.java:262)
	at org.mariadb.jdbc.MariaDbStatement.executeInternal(MariaDbStatement.java:357)
	... 137 common frames omitted
Caused by: java.sql.SQLException: Table 'tasks' already exists
	at org.mariadb.jdbc.internal.protocol.AbstractQueryProtocol.readErrorPacket(AbstractQueryProtocol.java:1688)
	at org.mariadb.jdbc.internal.protocol.AbstractQueryProtocol.readPacket(AbstractQueryProtocol.java:1550)
	at org.mariadb.jdbc.internal.protocol.AbstractQueryProtocol.getResult(AbstractQueryProtocol.java:1513)
	at org.mariadb.jdbc.internal.protocol.AbstractQueryProtocol.executeQuery(AbstractQueryProtocol.java:256)
	... 138 common frames omitted
2026-08-17 11:16:02.703 [main] INFO  liquibase.util - UPDATE SUMMARY
2026-08-17 11:16:02.704 [main] INFO  liquibase.util - Run:                          0
2026-08-17 11:16:02.704 [main] INFO  liquibase.util - Previously run:               0
2026-08-17 11:16:02.704 [main] INFO  liquibase.util - Filtered out:                 0
2026-08-17 11:16:02.704 [main] INFO  liquibase.util - -------------------------------
2026-08-17 11:16:02.704 [main] INFO  liquibase.util - Total change sets:            2
2026-08-17 11:16:02.704 [main] INFO  liquibase.util - Update summary generated
2026-08-17 11:16:02.706 [main] INFO  liquibase.command - Update command encountered an exception.
2026-08-17 11:16:02.714 [main] INFO  liquibase.lockservice - Successfully released change log lock
2026-08-17 11:16:02.716 [main] INFO  liquibase.command - Logging exception.
2026-08-17 11:16:02.716 [main] INFO  liquibase.ui - ERROR: Exception Details
2026-08-17 11:16:02.716 [main] INFO  liquibase.ui - ERROR: Exception Primary Class:  SQLException
2026-08-17 11:16:02.716 [main] INFO  liquibase.ui - ERROR: Exception Primary Reason:  Table 'tasks' already exists
2026-08-17 11:16:02.716 [main] INFO  liquibase.ui - ERROR: Exception Primary Source:  MariaDB 11.8.8-MariaDB
2026-08-17 11:16:02.716 [main] INFO  liquibase.command - Command execution complete
2026-08-17 11:16:03.972 [main] WARN  o.s.w.c.s.GenericWebApplicationContext - Exception encountered during context initialization - cancelling refresh attempt: org.springframework.beans.factory.BeanCreationException: Error creating bean with name 'liquibase' defined in class path resource [org/springframework/boot/autoconfigure/liquibase/LiquibaseAutoConfiguration$LiquibaseConfiguration.class]: Invocation of init method failed; nested exception is liquibase.exception.LiquibaseException: liquibase.exception.CommandExecutionException: liquibase.exception.LiquibaseException: liquibase.exception.MigrationFailedException: Migration failed for changeset db/changelog/changes/01-create-tasks-table.xml::1::firstspringbootmariadbuser:
     Reason: liquibase.exception.DatabaseException: (conn=1365) Table 'tasks' already exists [Failed SQL: (1050) CREATE TABLE firstspringboot.tasks (id BIGINT AUTO_INCREMENT NOT NULL, task VARCHAR(255) NOT NULL, CONSTRAINT PK_TASKS PRIMARY KEY (id))]
2026-08-17 11:16:03.972 [main] INFO  com.zaxxer.hikari.HikariDataSource - HikariPool-1 - Shutdown initiated...
2026-08-17 11:16:03.976 [main] INFO  com.zaxxer.hikari.HikariDataSource - HikariPool-1 - Shutdown completed.
2026-08-17 11:16:03.983 [main] INFO  o.s.b.a.l.ConditionEvaluationReportLoggingListener - 

Error starting ApplicationContext. To display the conditions report re-run your application with 'debug' enabled.
2026-08-17 11:16:03.992 [main] ERROR o.s.boot.SpringApplication - Application run failed
org.springframework.beans.factory.BeanCreationException: Error creating bean with name 'liquibase' defined in class path resource [org/springframework/boot/autoconfigure/liquibase/LiquibaseAutoConfiguration$LiquibaseConfiguration.class]: Invocation of init method failed; nested exception is liquibase.exception.LiquibaseException: liquibase.exception.CommandExecutionException: liquibase.exception.LiquibaseException: liquibase.exception.MigrationFailedException: Migration failed for changeset db/changelog/changes/01-create-tasks-table.xml::1::firstspringbootmariadbuser:
     Reason: liquibase.exception.DatabaseException: (conn=1365) Table 'tasks' already exists [Failed SQL: (1050) CREATE TABLE firstspringboot.tasks (id BIGINT AUTO_INCREMENT NOT NULL, task VARCHAR(255) NOT NULL, CONSTRAINT PK_TASKS PRIMARY KEY (id))]
	at org.springframework.beans.factory.support.AbstractAutowireCapableBeanFactory.initializeBean(AbstractAutowireCapableBeanFactory.java:1788)
	at org.springframework.beans.factory.support.AbstractAutowireCapableBeanFactory.doCreateBean(AbstractAutowireCapableBeanFactory.java:609)
	at org.springframework.beans.factory.support.AbstractAutowireCapableBeanFactory.createBean(AbstractAutowireCapableBeanFactory.java:531)
	at org.springframework.beans.factory.support.AbstractBeanFactory.lambda$doGetBean$0(AbstractBeanFactory.java:335)
	at org.springframework.beans.factory.support.DefaultSingletonBeanRegistry.getSingleton(DefaultSingletonBeanRegistry.java:234)
	at org.springframework.beans.factory.support.AbstractBeanFactory.doGetBean(AbstractBeanFactory.java:333)
	at org.springframework.beans.factory.support.AbstractBeanFactory.getBean(AbstractBeanFactory.java:208)
	at org.springframework.beans.factory.support.AbstractBeanFactory.doGetBean(AbstractBeanFactory.java:322)
	at org.springframework.beans.factory.support.AbstractBeanFactory.getBean(AbstractBeanFactory.java:208)
	at org.springframework.context.support.AbstractApplicationContext.getBean(AbstractApplicationContext.java:1159)
	at org.springframework.context.support.AbstractApplicationContext.finishBeanFactoryInitialization(AbstractApplicationContext.java:913)
	at org.springframework.context.support.AbstractApplicationContext.refresh(AbstractApplicationContext.java:588)
	at org.springframework.boot.SpringApplication.refresh(SpringApplication.java:767)
	at org.springframework.boot.SpringApplication.refresh(SpringApplication.java:759)
	at org.springframework.boot.SpringApplication.refreshContext(SpringApplication.java:426)
	at org.springframework.boot.SpringApplication.run(SpringApplication.java:326)
	at org.springframework.boot.test.context.SpringBootContextLoader.loadContext(SpringBootContextLoader.java:122)
	at org.springframework.test.context.cache.DefaultCacheAwareContextLoaderDelegate.loadContextInternal(DefaultCacheAwareContextLoaderDelegate.java:99)
	at org.springframework.test.context.cache.DefaultCacheAwareContextLoaderDelegate.loadContext(DefaultCacheAwareContextLoaderDelegate.java:124)
	at org.springframework.test.context.support.DefaultTestContext.getApplicationContext(DefaultTestContext.java:123)
	at org.springframework.test.context.web.ServletTestExecutionListener.setUpRequestContextIfNecessary(ServletTestExecutionListener.java:190)
	at org.springframework.test.context.web.ServletTestExecutionListener.prepareTestInstance(ServletTestExecutionListener.java:132)
	at org.springframework.test.context.TestContextManager.prepareTestInstance(TestContextManager.java:244)
	at org.springframework.test.context.junit.jupiter.SpringExtension.postProcessTestInstance(SpringExtension.java:137)
	at org.junit.jupiter.engine.descriptor.ClassBasedTestDescriptor.lambda$invokeTestInstancePostProcessors$6(ClassBasedTestDescriptor.java:350)
	at org.junit.jupiter.engine.descriptor.ClassBasedTestDescriptor.executeAndMaskThrowable(ClassBasedTestDescriptor.java:355)
	at org.junit.jupiter.engine.descriptor.ClassBasedTestDescriptor.lambda$invokeTestInstancePostProcessors$7(ClassBasedTestDescriptor.java:350)
	at java.base/java.util.stream.ReferencePipeline$3$1.accept(ReferencePipeline.java:195)
	at java.base/java.util.stream.ReferencePipeline$2$1.accept(ReferencePipeline.java:177)
	at java.base/java.util.ArrayList$ArrayListSpliterator.forEachRemaining(ArrayList.java:1655)
	at java.base/java.util.stream.AbstractPipeline.copyInto(AbstractPipeline.java:484)
	at java.base/java.util.stream.AbstractPipeline.wrapAndCopyInto(AbstractPipeline.java:474)
	at java.base/java.util.stream.StreamSpliterators$WrappingSpliterator.forEachRemaining(StreamSpliterators.java:312)
	at java.base/java.util.stream.Streams$ConcatSpliterator.forEachRemaining(Streams.java:735)
	at java.base/java.util.stream.Streams$ConcatSpliterator.forEachRemaining(Streams.java:734)
	at java.base/java.util.stream.ReferencePipeline$Head.forEach(ReferencePipeline.java:658)
	at org.junit.jupiter.engine.descriptor.ClassBasedTestDescriptor.invokeTestInstancePostProcessors(ClassBasedTestDescriptor.java:349)
	at org.junit.jupiter.engine.descriptor.ClassBasedTestDescriptor.lambda$instantiateAndPostProcessTestInstance$4(ClassBasedTestDescriptor.java:270)
	at org.junit.platform.engine.support.hierarchical.ThrowableCollector.execute(ThrowableCollector.java:73)
	at org.junit.jupiter.engine.descriptor.ClassBasedTestDescriptor.instantiateAndPostProcessTestInstance(ClassBasedTestDescriptor.java:269)
	at org.junit.jupiter.engine.descriptor.ClassBasedTestDescriptor.lambda$testInstancesProvider$2(ClassBasedTestDescriptor.java:259)
	at java.base/java.util.Optional.orElseGet(Optional.java:369)
	at org.junit.jupiter.engine.descriptor.ClassBasedTestDescriptor.lambda$testInstancesProvider$3(ClassBasedTestDescriptor.java:258)
	at org.junit.jupiter.engine.execution.TestInstancesProvider.getTestInstances(TestInstancesProvider.java:31)
	at org.junit.jupiter.engine.descriptor.TestMethodTestDescriptor.lambda$prepare$0(TestMethodTestDescriptor.java:101)
	at org.junit.platform.engine.support.hierarchical.ThrowableCollector.execute(ThrowableCollector.java:73)
	at org.junit.jupiter.engine.descriptor.TestMethodTestDescriptor.prepare(TestMethodTestDescriptor.java:100)
	at org.junit.jupiter.engine.descriptor.TestMethodTestDescriptor.prepare(TestMethodTestDescriptor.java:65)
	at org.junit.platform.engine.support.hierarchical.NodeTestTask.lambda$prepare$1(NodeTestTask.java:111)
	at org.junit.platform.engine.support.hierarchical.ThrowableCollector.execute(ThrowableCollector.java:73)
	at org.junit.platform.engine.support.hierarchical.NodeTestTask.prepare(NodeTestTask.java:111)
	at org.junit.platform.engine.support.hierarchical.NodeTestTask.execute(NodeTestTask.java:79)
	at java.base/java.util.ArrayList.forEach(ArrayList.java:1541)
	at org.junit.platform.engine.support.hierarchical.SameThreadHierarchicalTestExecutorService.invokeAll(SameThreadHierarchicalTestExecutorService.java:38)
	at org.junit.platform.engine.support.hierarchical.NodeTestTask.lambda$executeRecursively$5(NodeTestTask.java:143)
	at org.junit.platform.engine.support.hierarchical.ThrowableCollector.execute(ThrowableCollector.java:73)
	at org.junit.platform.engine.support.hierarchical.NodeTestTask.lambda$executeRecursively$7(NodeTestTask.java:129)
	at org.junit.platform.engine.support.hierarchical.Node.around(Node.java:137)
	at org.junit.platform.engine.support.hierarchical.NodeTestTask.lambda$executeRecursively$8(NodeTestTask.java:127)
	at org.junit.platform.engine.support.hierarchical.ThrowableCollector.execute(ThrowableCollector.java:73)
	at org.junit.platform.engine.support.hierarchical.NodeTestTask.executeRecursively(NodeTestTask.java:126)
	at org.junit.platform.engine.support.hierarchical.NodeTestTask.execute(NodeTestTask.java:84)
	at java.base/java.util.ArrayList.forEach(ArrayList.java:1541)
	at org.junit.platform.engine.support.hierarchical.SameThreadHierarchicalTestExecutorService.invokeAll(SameThreadHierarchicalTestExecutorService.java:38)
	at org.junit.platform.engine.support.hierarchical.NodeTestTask.lambda$executeRecursively$5(NodeTestTask.java:143)
	at org.junit.platform.engine.support.hierarchical.ThrowableCollector.execute(ThrowableCollector.java:73)
	at org.junit.platform.engine.support.hierarchical.NodeTestTask.lambda$executeRecursively$7(NodeTestTask.java:129)
	at org.junit.platform.engine.support.hierarchical.Node.around(Node.java:137)
	at org.junit.platform.engine.support.hierarchical.NodeTestTask.lambda$executeRecursively$8(NodeTestTask.java:127)
	at org.junit.platform.engine.support.hierarchical.ThrowableCollector.execute(ThrowableCollector.java:73)
	at org.junit.platform.engine.support.hierarchical.NodeTestTask.executeRecursively(NodeTestTask.java:126)
	at org.junit.platform.engine.support.hierarchical.NodeTestTask.execute(NodeTestTask.java:84)
	at org.junit.platform.engine.support.hierarchical.SameThreadHierarchicalTestExecutorService.submit(SameThreadHierarchicalTestExecutorService.java:32)
	at org.junit.platform.engine.support.hierarchical.HierarchicalTestExecutor.execute(HierarchicalTestExecutor.java:57)
	at org.junit.platform.engine.support.hierarchical.HierarchicalTestEngine.execute(HierarchicalTestEngine.java:51)
	at org.junit.platform.launcher.core.DefaultLauncher.execute(DefaultLauncher.java:220)
	at org.junit.platform.launcher.core.DefaultLauncher.lambda$execute$6(DefaultLauncher.java:188)
	at org.junit.platform.launcher.core.DefaultLauncher.withInterceptedStreams(DefaultLauncher.java:202)
	at org.junit.platform.launcher.core.DefaultLauncher.execute(DefaultLauncher.java:181)
	at org.junit.platform.launcher.core.DefaultLauncher.execute(DefaultLauncher.java:128)
	at org.apache.maven.surefire.junitplatform.JUnitPlatformProvider.invokeAllTests(JUnitPlatformProvider.java:150)
	at org.apache.maven.surefire.junitplatform.JUnitPlatformProvider.invoke(JUnitPlatformProvider.java:124)
	at org.apache.maven.surefire.booter.ForkedBooter.invokeProviderInSameClassLoader(ForkedBooter.java:384)
	at org.apache.maven.surefire.booter.ForkedBooter.runSuitesInProcess(ForkedBooter.java:345)
	at org.apache.maven.surefire.booter.ForkedBooter.execute(ForkedBooter.java:126)
	at org.apache.maven.surefire.booter.ForkedBooter.main(ForkedBooter.java:418)
Caused by: liquibase.exception.LiquibaseException: liquibase.exception.CommandExecutionException: liquibase.exception.LiquibaseException: liquibase.exception.MigrationFailedException: Migration failed for changeset db/changelog/changes/01-create-tasks-table.xml::1::firstspringbootmariadbuser:
     Reason: liquibase.exception.DatabaseException: (conn=1365) Table 'tasks' already exists [Failed SQL: (1050) CREATE TABLE firstspringboot.tasks (id BIGINT AUTO_INCREMENT NOT NULL, task VARCHAR(255) NOT NULL, CONSTRAINT PK_TASKS PRIMARY KEY (id))]
	at liquibase.integration.spring.SpringLiquibase.afterPropertiesSet(SpringLiquibase.java:288)
	at org.springframework.beans.factory.support.AbstractAutowireCapableBeanFactory.invokeInitMethods(AbstractAutowireCapableBeanFactory.java:1847)
	at org.springframework.beans.factory.support.AbstractAutowireCapableBeanFactory.initializeBean(AbstractAutowireCapableBeanFactory.java:1784)
	... 85 common frames omitted
Caused by: liquibase.exception.CommandExecutionException: liquibase.exception.LiquibaseException: liquibase.exception.MigrationFailedException: Migration failed for changeset db/changelog/changes/01-create-tasks-table.xml::1::firstspringbootmariadbuser:
     Reason: liquibase.exception.DatabaseException: (conn=1365) Table 'tasks' already exists [Failed SQL: (1050) CREATE TABLE firstspringboot.tasks (id BIGINT AUTO_INCREMENT NOT NULL, task VARCHAR(255) NOT NULL, CONSTRAINT PK_TASKS PRIMARY KEY (id))]
	at liquibase.command.CommandScope.lambda$execute$6(CommandScope.java:300)
	at liquibase.Scope.child(Scope.java:210)
	at liquibase.Scope.child(Scope.java:186)
	at liquibase.command.CommandScope.execute(CommandScope.java:241)
	at liquibase.Liquibase.lambda$update$0(Liquibase.java:216)
	at liquibase.Scope.lambda$child$0(Scope.java:201)
	at liquibase.Scope.child(Scope.java:210)
	at liquibase.Scope.child(Scope.java:200)
	at liquibase.Scope.child(Scope.java:179)
	at liquibase.Liquibase.runInScope(Liquibase.java:1333)
	at liquibase.Liquibase.update(Liquibase.java:205)
	at liquibase.Liquibase.update(Liquibase.java:188)
	at liquibase.integration.spring.SpringLiquibase.performUpdate(SpringLiquibase.java:326)
	at liquibase.integration.spring.SpringLiquibase.lambda$afterPropertiesSet$0(SpringLiquibase.java:278)
	at liquibase.Scope.lambda$child$0(Scope.java:201)
	at liquibase.Scope.child(Scope.java:210)
	at liquibase.Scope.child(Scope.java:200)
	at liquibase.Scope.child(Scope.java:179)
	at liquibase.integration.spring.SpringLiquibase.afterPropertiesSet(SpringLiquibase.java:271)
	... 87 common frames omitted
Caused by: liquibase.exception.LiquibaseException: liquibase.exception.MigrationFailedException: Migration failed for changeset db/changelog/changes/01-create-tasks-table.xml::1::firstspringbootmariadbuser:
     Reason: liquibase.exception.DatabaseException: (conn=1365) Table 'tasks' already exists [Failed SQL: (1050) CREATE TABLE firstspringboot.tasks (id BIGINT AUTO_INCREMENT NOT NULL, task VARCHAR(255) NOT NULL, CONSTRAINT PK_TASKS PRIMARY KEY (id))]
	at liquibase.changelog.ChangeLogIterator.run(ChangeLogIterator.java:155)
	at liquibase.command.core.AbstractUpdateCommandStep.lambda$run$0(AbstractUpdateCommandStep.java:114)
	at liquibase.Scope.lambda$child$0(Scope.java:201)
	at liquibase.Scope.child(Scope.java:210)
	at liquibase.Scope.child(Scope.java:200)
	at liquibase.Scope.child(Scope.java:179)
	at liquibase.command.core.AbstractUpdateCommandStep.run(AbstractUpdateCommandStep.java:112)
	at liquibase.command.core.UpdateCommandStep.run(UpdateCommandStep.java:100)
	at liquibase.command.CommandScope.lambda$execute$6(CommandScope.java:253)
	... 105 common frames omitted
Caused by: liquibase.exception.MigrationFailedException: Migration failed for changeset db/changelog/changes/01-create-tasks-table.xml::1::firstspringbootmariadbuser:
     Reason: liquibase.exception.DatabaseException: (conn=1365) Table 'tasks' already exists [Failed SQL: (1050) CREATE TABLE firstspringboot.tasks (id BIGINT AUTO_INCREMENT NOT NULL, task VARCHAR(255) NOT NULL, CONSTRAINT PK_TASKS PRIMARY KEY (id))]
	at liquibase.changelog.ChangeSet.execute(ChangeSet.java:840)
	at liquibase.changelog.visitor.UpdateVisitor.executeAcceptedChange(UpdateVisitor.java:126)
	at liquibase.changelog.visitor.UpdateVisitor.visit(UpdateVisitor.java:70)
	at liquibase.changelog.ChangeLogIterator.lambda$run$0(ChangeLogIterator.java:133)
	at liquibase.Scope.lambda$child$0(Scope.java:201)
	at liquibase.Scope.child(Scope.java:210)
	at liquibase.Scope.child(Scope.java:200)
	at liquibase.Scope.child(Scope.java:179)
	at liquibase.changelog.ChangeLogIterator.lambda$run$1(ChangeLogIterator.java:122)
	at liquibase.Scope.lambda$child$0(Scope.java:201)
	at liquibase.Scope.child(Scope.java:210)
	at liquibase.Scope.child(Scope.java:200)
	at liquibase.Scope.child(Scope.java:179)
	at liquibase.Scope.child(Scope.java:267)
	at liquibase.Scope.child(Scope.java:271)
	at liquibase.changelog.ChangeLogIterator.run(ChangeLogIterator.java:91)
	... 113 common frames omitted
Caused by: liquibase.exception.DatabaseException: (conn=1365) Table 'tasks' already exists [Failed SQL: (1050) CREATE TABLE firstspringboot.tasks (id BIGINT AUTO_INCREMENT NOT NULL, task VARCHAR(255) NOT NULL, CONSTRAINT PK_TASKS PRIMARY KEY (id))]
	at liquibase.executor.jvm.JdbcExecutor$ExecuteStatementCallback.doInStatement(JdbcExecutor.java:497)
	at liquibase.executor.jvm.JdbcExecutor.execute(JdbcExecutor.java:83)
	at liquibase.executor.jvm.JdbcExecutor.execute(JdbcExecutor.java:185)
	at liquibase.executor.AbstractExecutor.execute(AbstractExecutor.java:141)
	at liquibase.database.AbstractJdbcDatabase.executeStatements(AbstractJdbcDatabase.java:1189)
	at liquibase.changelog.ChangeSet.execute(ChangeSet.java:790)
	... 128 common frames omitted
Caused by: java.sql.SQLSyntaxErrorException: (conn=1365) Table 'tasks' already exists
	at org.mariadb.jdbc.internal.util.exceptions.ExceptionFactory.createException(ExceptionFactory.java:62)
	at org.mariadb.jdbc.internal.util.exceptions.ExceptionFactory.create(ExceptionFactory.java:153)
	at org.mariadb.jdbc.MariaDbStatement.executeExceptionEpilogue(MariaDbStatement.java:274)
	at org.mariadb.jdbc.MariaDbStatement.executeInternal(MariaDbStatement.java:363)
	at org.mariadb.jdbc.MariaDbStatement.execute(MariaDbStatement.java:501)
	at com.zaxxer.hikari.pool.ProxyStatement.execute(ProxyStatement.java:95)
	at com.zaxxer.hikari.pool.HikariProxyStatement.execute(HikariProxyStatement.java)
	at liquibase.executor.jvm.JdbcExecutor$ExecuteStatementCallback.doInStatement(JdbcExecutor.java:491)
	... 133 common frames omitted
Caused by: org.mariadb.jdbc.internal.util.exceptions.MariaDbSqlException: Table 'tasks' already exists
	at org.mariadb.jdbc.internal.util.exceptions.MariaDbSqlException.of(MariaDbSqlException.java:34)
	at org.mariadb.jdbc.internal.protocol.AbstractQueryProtocol.exceptionWithQuery(AbstractQueryProtocol.java:194)
	at org.mariadb.jdbc.internal.protocol.AbstractQueryProtocol.executeQuery(AbstractQueryProtocol.java:262)
	at org.mariadb.jdbc.MariaDbStatement.executeInternal(MariaDbStatement.java:357)
	... 137 common frames omitted
Caused by: java.sql.SQLException: Table 'tasks' already exists
	at org.mariadb.jdbc.internal.protocol.AbstractQueryProtocol.readErrorPacket(AbstractQueryProtocol.java:1688)
	at org.mariadb.jdbc.internal.protocol.AbstractQueryProtocol.readPacket(AbstractQueryProtocol.java:1550)
	at org.mariadb.jdbc.internal.protocol.AbstractQueryProtocol.getResult(AbstractQueryProtocol.java:1513)
	at org.mariadb.jdbc.internal.protocol.AbstractQueryProtocol.executeQuery(AbstractQueryProtocol.java:256)
	... 138 common frames omitted
2026-08-17 11:16:03.993 [main] ERROR o.s.test.context.TestContextManager - Caught exception while allowing TestExecutionListener [org.springframework.test.context.web.ServletTestExecutionListener@66713605] to prepare test instance [com.viettelsoftware.firstspringboot.FirstspringbootApplicationTests@62fa4a88]
java.lang.IllegalStateException: Failed to load ApplicationContext
	at org.springframework.test.context.cache.DefaultCacheAwareContextLoaderDelegate.loadContext(DefaultCacheAwareContextLoaderDelegate.java:132)
	at org.springframework.test.context.support.DefaultTestContext.getApplicationContext(DefaultTestContext.java:123)
	at org.springframework.test.context.web.ServletTestExecutionListener.setUpRequestContextIfNecessary(ServletTestExecutionListener.java:190)
	at org.springframework.test.context.web.ServletTestExecutionListener.prepareTestInstance(ServletTestExecutionListener.java:132)
	at org.springframework.test.context.TestContextManager.prepareTestInstance(TestContextManager.java:244)
	at org.springframework.test.context.junit.jupiter.SpringExtension.postProcessTestInstance(SpringExtension.java:137)
	at org.junit.jupiter.engine.descriptor.ClassBasedTestDescriptor.lambda$invokeTestInstancePostProcessors$6(ClassBasedTestDescriptor.java:350)
	at org.junit.jupiter.engine.descriptor.ClassBasedTestDescriptor.executeAndMaskThrowable(ClassBasedTestDescriptor.java:355)
	at org.junit.jupiter.engine.descriptor.ClassBasedTestDescriptor.lambda$invokeTestInstancePostProcessors$7(ClassBasedTestDescriptor.java:350)
	at java.base/java.util.stream.ReferencePipeline$3$1.accept(ReferencePipeline.java:195)
	at java.base/java.util.stream.ReferencePipeline$2$1.accept(ReferencePipeline.java:177)
	at java.base/java.util.ArrayList$ArrayListSpliterator.forEachRemaining(ArrayList.java:1655)
	at java.base/java.util.stream.AbstractPipeline.copyInto(AbstractPipeline.java:484)
	at java.base/java.util.stream.AbstractPipeline.wrapAndCopyInto(AbstractPipeline.java:474)
	at java.base/java.util.stream.StreamSpliterators$WrappingSpliterator.forEachRemaining(StreamSpliterators.java:312)
	at java.base/java.util.stream.Streams$ConcatSpliterator.forEachRemaining(Streams.java:735)
	at java.base/java.util.stream.Streams$ConcatSpliterator.forEachRemaining(Streams.java:734)
	at java.base/java.util.stream.ReferencePipeline$Head.forEach(ReferencePipeline.java:658)
	at org.junit.jupiter.engine.descriptor.ClassBasedTestDescriptor.invokeTestInstancePostProcessors(ClassBasedTestDescriptor.java:349)
	at org.junit.jupiter.engine.descriptor.ClassBasedTestDescriptor.lambda$instantiateAndPostProcessTestInstance$4(ClassBasedTestDescriptor.java:270)
	at org.junit.platform.engine.support.hierarchical.ThrowableCollector.execute(ThrowableCollector.java:73)
	at org.junit.jupiter.engine.descriptor.ClassBasedTestDescriptor.instantiateAndPostProcessTestInstance(ClassBasedTestDescriptor.java:269)
	at org.junit.jupiter.engine.descriptor.ClassBasedTestDescriptor.lambda$testInstancesProvider$2(ClassBasedTestDescriptor.java:259)
	at java.base/java.util.Optional.orElseGet(Optional.java:369)
	at org.junit.jupiter.engine.descriptor.ClassBasedTestDescriptor.lambda$testInstancesProvider$3(ClassBasedTestDescriptor.java:258)
	at org.junit.jupiter.engine.execution.TestInstancesProvider.getTestInstances(TestInstancesProvider.java:31)
	at org.junit.jupiter.engine.descriptor.TestMethodTestDescriptor.lambda$prepare$0(TestMethodTestDescriptor.java:101)
	at org.junit.platform.engine.support.hierarchical.ThrowableCollector.execute(ThrowableCollector.java:73)
	at org.junit.jupiter.engine.descriptor.TestMethodTestDescriptor.prepare(TestMethodTestDescriptor.java:100)
	at org.junit.jupiter.engine.descriptor.TestMethodTestDescriptor.prepare(TestMethodTestDescriptor.java:65)
	at org.junit.platform.engine.support.hierarchical.NodeTestTask.lambda$prepare$1(NodeTestTask.java:111)
	at org.junit.platform.engine.support.hierarchical.ThrowableCollector.execute(ThrowableCollector.java:73)
	at org.junit.platform.engine.support.hierarchical.NodeTestTask.prepare(NodeTestTask.java:111)
	at org.junit.platform.engine.support.hierarchical.NodeTestTask.execute(NodeTestTask.java:79)
	at java.base/java.util.ArrayList.forEach(ArrayList.java:1541)
	at org.junit.platform.engine.support.hierarchical.SameThreadHierarchicalTestExecutorService.invokeAll(SameThreadHierarchicalTestExecutorService.java:38)
	at org.junit.platform.engine.support.hierarchical.NodeTestTask.lambda$executeRecursively$5(NodeTestTask.java:143)
	at org.junit.platform.engine.support.hierarchical.ThrowableCollector.execute(ThrowableCollector.java:73)
	at org.junit.platform.engine.support.hierarchical.NodeTestTask.lambda$executeRecursively$7(NodeTestTask.java:129)
	at org.junit.platform.engine.support.hierarchical.Node.around(Node.java:137)
	at org.junit.platform.engine.support.hierarchical.NodeTestTask.lambda$executeRecursively$8(NodeTestTask.java:127)
	at org.junit.platform.engine.support.hierarchical.ThrowableCollector.execute(ThrowableCollector.java:73)
	at org.junit.platform.engine.support.hierarchical.NodeTestTask.executeRecursively(NodeTestTask.java:126)
	at org.junit.platform.engine.support.hierarchical.NodeTestTask.execute(NodeTestTask.java:84)
	at java.base/java.util.ArrayList.forEach(ArrayList.java:1541)
	at org.junit.platform.engine.support.hierarchical.SameThreadHierarchicalTestExecutorService.invokeAll(SameThreadHierarchicalTestExecutorService.java:38)
	at org.junit.platform.engine.support.hierarchical.NodeTestTask.lambda$executeRecursively$5(NodeTestTask.java:143)
	at org.junit.platform.engine.support.hierarchical.ThrowableCollector.execute(ThrowableCollector.java:73)
	at org.junit.platform.engine.support.hierarchical.NodeTestTask.lambda$executeRecursively$7(NodeTestTask.java:129)
	at org.junit.platform.engine.support.hierarchical.Node.around(Node.java:137)
	at org.junit.platform.engine.support.hierarchical.NodeTestTask.lambda$executeRecursively$8(NodeTestTask.java:127)
	at org.junit.platform.engine.support.hierarchical.ThrowableCollector.execute(ThrowableCollector.java:73)
	at org.junit.platform.engine.support.hierarchical.NodeTestTask.executeRecursively(NodeTestTask.java:126)
	at org.junit.platform.engine.support.hierarchical.NodeTestTask.execute(NodeTestTask.java:84)
	at org.junit.platform.engine.support.hierarchical.SameThreadHierarchicalTestExecutorService.submit(SameThreadHierarchicalTestExecutorService.java:32)
	at org.junit.platform.engine.support.hierarchical.HierarchicalTestExecutor.execute(HierarchicalTestExecutor.java:57)
	at org.junit.platform.engine.support.hierarchical.HierarchicalTestEngine.execute(HierarchicalTestEngine.java:51)
	at org.junit.platform.launcher.core.DefaultLauncher.execute(DefaultLauncher.java:220)
	at org.junit.platform.launcher.core.DefaultLauncher.lambda$execute$6(DefaultLauncher.java:188)
	at org.junit.platform.launcher.core.DefaultLauncher.withInterceptedStreams(DefaultLauncher.java:202)
	at org.junit.platform.launcher.core.DefaultLauncher.execute(DefaultLauncher.java:181)
	at org.junit.platform.launcher.core.DefaultLauncher.execute(DefaultLauncher.java:128)
	at org.apache.maven.surefire.junitplatform.JUnitPlatformProvider.invokeAllTests(JUnitPlatformProvider.java:150)
	at org.apache.maven.surefire.junitplatform.JUnitPlatformProvider.invoke(JUnitPlatformProvider.java:124)
	at org.apache.maven.surefire.booter.ForkedBooter.invokeProviderInSameClassLoader(ForkedBooter.java:384)
	at org.apache.maven.surefire.booter.ForkedBooter.runSuitesInProcess(ForkedBooter.java:345)
	at org.apache.maven.surefire.booter.ForkedBooter.execute(ForkedBooter.java:126)
	at org.apache.maven.surefire.booter.ForkedBooter.main(ForkedBooter.java:418)
Caused by: org.springframework.beans.factory.BeanCreationException: Error creating bean with name 'liquibase' defined in class path resource [org/springframework/boot/autoconfigure/liquibase/LiquibaseAutoConfiguration$LiquibaseConfiguration.class]: Invocation of init method failed; nested exception is liquibase.exception.LiquibaseException: liquibase.exception.CommandExecutionException: liquibase.exception.LiquibaseException: liquibase.exception.MigrationFailedException: Migration failed for changeset db/changelog/changes/01-create-tasks-table.xml::1::firstspringbootmariadbuser:
     Reason: liquibase.exception.DatabaseException: (conn=1365) Table 'tasks' already exists [Failed SQL: (1050) CREATE TABLE firstspringboot.tasks (id BIGINT AUTO_INCREMENT NOT NULL, task VARCHAR(255) NOT NULL, CONSTRAINT PK_TASKS PRIMARY KEY (id))]
	at org.springframework.beans.factory.support.AbstractAutowireCapableBeanFactory.initializeBean(AbstractAutowireCapableBeanFactory.java:1788)
	at org.springframework.beans.factory.support.AbstractAutowireCapableBeanFactory.doCreateBean(AbstractAutowireCapableBeanFactory.java:609)
	at org.springframework.beans.factory.support.AbstractAutowireCapableBeanFactory.createBean(AbstractAutowireCapableBeanFactory.java:531)
	at org.springframework.beans.factory.support.AbstractBeanFactory.lambda$doGetBean$0(AbstractBeanFactory.java:335)
	at org.springframework.beans.factory.support.DefaultSingletonBeanRegistry.getSingleton(DefaultSingletonBeanRegistry.java:234)
	at org.springframework.beans.factory.support.AbstractBeanFactory.doGetBean(AbstractBeanFactory.java:333)
	at org.springframework.beans.factory.support.AbstractBeanFactory.getBean(AbstractBeanFactory.java:208)
	at org.springframework.beans.factory.support.AbstractBeanFactory.doGetBean(AbstractBeanFactory.java:322)
	at org.springframework.beans.factory.support.AbstractBeanFactory.getBean(AbstractBeanFactory.java:208)
	at org.springframework.context.support.AbstractApplicationContext.getBean(AbstractApplicationContext.java:1159)
	at org.springframework.context.support.AbstractApplicationContext.finishBeanFactoryInitialization(AbstractApplicationContext.java:913)
	at org.springframework.context.support.AbstractApplicationContext.refresh(AbstractApplicationContext.java:588)
	at org.springframework.boot.SpringApplication.refresh(SpringApplication.java:767)
	at org.springframework.boot.SpringApplication.refresh(SpringApplication.java:759)
	at org.springframework.boot.SpringApplication.refreshContext(SpringApplication.java:426)
	at org.springframework.boot.SpringApplication.run(SpringApplication.java:326)
	at org.springframework.boot.test.context.SpringBootContextLoader.loadContext(SpringBootContextLoader.java:122)
	at org.springframework.test.context.cache.DefaultCacheAwareContextLoaderDelegate.loadContextInternal(DefaultCacheAwareContextLoaderDelegate.java:99)
	at org.springframework.test.context.cache.DefaultCacheAwareContextLoaderDelegate.loadContext(DefaultCacheAwareContextLoaderDelegate.java:124)
	... 67 common frames omitted
Caused by: liquibase.exception.LiquibaseException: liquibase.exception.CommandExecutionException: liquibase.exception.LiquibaseException: liquibase.exception.MigrationFailedException: Migration failed for changeset db/changelog/changes/01-create-tasks-table.xml::1::firstspringbootmariadbuser:
     Reason: liquibase.exception.DatabaseException: (conn=1365) Table 'tasks' already exists [Failed SQL: (1050) CREATE TABLE firstspringboot.tasks (id BIGINT AUTO_INCREMENT NOT NULL, task VARCHAR(255) NOT NULL, CONSTRAINT PK_TASKS PRIMARY KEY (id))]
	at liquibase.integration.spring.SpringLiquibase.afterPropertiesSet(SpringLiquibase.java:288)
	at org.springframework.beans.factory.support.AbstractAutowireCapableBeanFactory.invokeInitMethods(AbstractAutowireCapableBeanFactory.java:1847)
	at org.springframework.beans.factory.support.AbstractAutowireCapableBeanFactory.initializeBean(AbstractAutowireCapableBeanFactory.java:1784)
	... 85 common frames omitted
Caused by: liquibase.exception.CommandExecutionException: liquibase.exception.LiquibaseException: liquibase.exception.MigrationFailedException: Migration failed for changeset db/changelog/changes/01-create-tasks-table.xml::1::firstspringbootmariadbuser:
     Reason: liquibase.exception.DatabaseException: (conn=1365) Table 'tasks' already exists [Failed SQL: (1050) CREATE TABLE firstspringboot.tasks (id BIGINT AUTO_INCREMENT NOT NULL, task VARCHAR(255) NOT NULL, CONSTRAINT PK_TASKS PRIMARY KEY (id))]
	at liquibase.command.CommandScope.lambda$execute$6(CommandScope.java:300)
	at liquibase.Scope.child(Scope.java:210)
	at liquibase.Scope.child(Scope.java:186)
	at liquibase.command.CommandScope.execute(CommandScope.java:241)
	at liquibase.Liquibase.lambda$update$0(Liquibase.java:216)
	at liquibase.Scope.lambda$child$0(Scope.java:201)
	at liquibase.Scope.child(Scope.java:210)
	at liquibase.Scope.child(Scope.java:200)
	at liquibase.Scope.child(Scope.java:179)
	at liquibase.Liquibase.runInScope(Liquibase.java:1333)
	at liquibase.Liquibase.update(Liquibase.java:205)
	at liquibase.Liquibase.update(Liquibase.java:188)
	at liquibase.integration.spring.SpringLiquibase.performUpdate(SpringLiquibase.java:326)
	at liquibase.integration.spring.SpringLiquibase.lambda$afterPropertiesSet$0(SpringLiquibase.java:278)
	at liquibase.Scope.lambda$child$0(Scope.java:201)
	at liquibase.Scope.child(Scope.java:210)
	at liquibase.Scope.child(Scope.java:200)
	at liquibase.Scope.child(Scope.java:179)
	at liquibase.integration.spring.SpringLiquibase.afterPropertiesSet(SpringLiquibase.java:271)
	... 87 common frames omitted
Caused by: liquibase.exception.LiquibaseException: liquibase.exception.MigrationFailedException: Migration failed for changeset db/changelog/changes/01-create-tasks-table.xml::1::firstspringbootmariadbuser:
     Reason: liquibase.exception.DatabaseException: (conn=1365) Table 'tasks' already exists [Failed SQL: (1050) CREATE TABLE firstspringboot.tasks (id BIGINT AUTO_INCREMENT NOT NULL, task VARCHAR(255) NOT NULL, CONSTRAINT PK_TASKS PRIMARY KEY (id))]
	at liquibase.changelog.ChangeLogIterator.run(ChangeLogIterator.java:155)
	at liquibase.command.core.AbstractUpdateCommandStep.lambda$run$0(AbstractUpdateCommandStep.java:114)
	at liquibase.Scope.lambda$child$0(Scope.java:201)
	at liquibase.Scope.child(Scope.java:210)
	at liquibase.Scope.child(Scope.java:200)
	at liquibase.Scope.child(Scope.java:179)
	at liquibase.command.core.AbstractUpdateCommandStep.run(AbstractUpdateCommandStep.java:112)
	at liquibase.command.core.UpdateCommandStep.run(UpdateCommandStep.java:100)
	at liquibase.command.CommandScope.lambda$execute$6(CommandScope.java:253)
	... 105 common frames omitted
Caused by: liquibase.exception.MigrationFailedException: Migration failed for changeset db/changelog/changes/01-create-tasks-table.xml::1::firstspringbootmariadbuser:
     Reason: liquibase.exception.DatabaseException: (conn=1365) Table 'tasks' already exists [Failed SQL: (1050) CREATE TABLE firstspringboot.tasks (id BIGINT AUTO_INCREMENT NOT NULL, task VARCHAR(255) NOT NULL, CONSTRAINT PK_TASKS PRIMARY KEY (id))]
	at liquibase.changelog.ChangeSet.execute(ChangeSet.java:840)
	at liquibase.changelog.visitor.UpdateVisitor.executeAcceptedChange(UpdateVisitor.java:126)
	at liquibase.changelog.visitor.UpdateVisitor.visit(UpdateVisitor.java:70)
	at liquibase.changelog.ChangeLogIterator.lambda$run$0(ChangeLogIterator.java:133)
	at liquibase.Scope.lambda$child$0(Scope.java:201)
	at liquibase.Scope.child(Scope.java:210)
	at liquibase.Scope.child(Scope.java:200)
	at liquibase.Scope.child(Scope.java:179)
	at liquibase.changelog.ChangeLogIterator.lambda$run$1(ChangeLogIterator.java:122)
	at liquibase.Scope.lambda$child$0(Scope.java:201)
	at liquibase.Scope.child(Scope.java:210)
	at liquibase.Scope.child(Scope.java:200)
	at liquibase.Scope.child(Scope.java:179)
	at liquibase.Scope.child(Scope.java:267)
	at liquibase.Scope.child(Scope.java:271)
	at liquibase.changelog.ChangeLogIterator.run(ChangeLogIterator.java:91)
	... 113 common frames omitted
Caused by: liquibase.exception.DatabaseException: (conn=1365) Table 'tasks' already exists [Failed SQL: (1050) CREATE TABLE firstspringboot.tasks (id BIGINT AUTO_INCREMENT NOT NULL, task VARCHAR(255) NOT NULL, CONSTRAINT PK_TASKS PRIMARY KEY (id))]
	at liquibase.executor.jvm.JdbcExecutor$ExecuteStatementCallback.doInStatement(JdbcExecutor.java:497)
	at liquibase.executor.jvm.JdbcExecutor.execute(JdbcExecutor.java:83)
	at liquibase.executor.jvm.JdbcExecutor.execute(JdbcExecutor.java:185)
	at liquibase.executor.AbstractExecutor.execute(AbstractExecutor.java:141)
	at liquibase.database.AbstractJdbcDatabase.executeStatements(AbstractJdbcDatabase.java:1189)
	at liquibase.changelog.ChangeSet.execute(ChangeSet.java:790)
	... 128 common frames omitted
Caused by: java.sql.SQLSyntaxErrorException: (conn=1365) Table 'tasks' already exists
	at org.mariadb.jdbc.internal.util.exceptions.ExceptionFactory.createException(ExceptionFactory.java:62)
	at org.mariadb.jdbc.internal.util.exceptions.ExceptionFactory.create(ExceptionFactory.java:153)
	at org.mariadb.jdbc.MariaDbStatement.executeExceptionEpilogue(MariaDbStatement.java:274)
	at org.mariadb.jdbc.MariaDbStatement.executeInternal(MariaDbStatement.java:363)
	at org.mariadb.jdbc.MariaDbStatement.execute(MariaDbStatement.java:501)
	at com.zaxxer.hikari.pool.ProxyStatement.execute(ProxyStatement.java:95)
	at com.zaxxer.hikari.pool.HikariProxyStatement.execute(HikariProxyStatement.java)
	at liquibase.executor.jvm.JdbcExecutor$ExecuteStatementCallback.doInStatement(JdbcExecutor.java:491)
	... 133 common frames omitted
Caused by: org.mariadb.jdbc.internal.util.exceptions.MariaDbSqlException: Table 'tasks' already exists
	at org.mariadb.jdbc.internal.util.exceptions.MariaDbSqlException.of(MariaDbSqlException.java:34)
	at org.mariadb.jdbc.internal.protocol.AbstractQueryProtocol.exceptionWithQuery(AbstractQueryProtocol.java:194)
	at org.mariadb.jdbc.internal.protocol.AbstractQueryProtocol.executeQuery(AbstractQueryProtocol.java:262)
	at org.mariadb.jdbc.MariaDbStatement.executeInternal(MariaDbStatement.java:357)
	... 137 common frames omitted
Caused by: java.sql.SQLException: Table 'tasks' already exists
	at org.mariadb.jdbc.internal.protocol.AbstractQueryProtocol.readErrorPacket(AbstractQueryProtocol.java:1688)
	at org.mariadb.jdbc.internal.protocol.AbstractQueryProtocol.readPacket(AbstractQueryProtocol.java:1550)
	at org.mariadb.jdbc.internal.protocol.AbstractQueryProtocol.getResult(AbstractQueryProtocol.java:1513)
	at org.mariadb.jdbc.internal.protocol.AbstractQueryProtocol.executeQuery(AbstractQueryProtocol.java:256)
	... 138 common frames omitted
2026-08-17 11:16:04.051 [main] INFO  o.s.b.t.c.SpringBootTestContextBootstrapper - Neither @ContextConfiguration nor @ContextHierarchy found for test class [com.viettelsoftware.firstspringboot.EndToEndIntegrationTest], using SpringBootContextLoader
2026-08-17 11:16:04.052 [main] INFO  o.s.t.c.s.AbstractContextLoader - Could not detect default resource locations for test class [com.viettelsoftware.firstspringboot.EndToEndIntegrationTest]: no resource found for suffixes {-context.xml, Context.groovy}.
2026-08-17 11:16:04.052 [main] INFO  o.s.t.c.s.AnnotationConfigContextLoaderUtils - Could not detect default configuration classes for test class [com.viettelsoftware.firstspringboot.EndToEndIntegrationTest]: EndToEndIntegrationTest does not declare any static, non-private, non-final, nested classes annotated with @Configuration.
2026-08-17 11:16:04.056 [main] INFO  o.s.b.t.c.SpringBootTestContextBootstrapper - Found @SpringBootConfiguration com.viettelsoftware.firstspringboot.FirstspringbootApplication for test class com.viettelsoftware.firstspringboot.EndToEndIntegrationTest
2026-08-17 11:16:04.057 [main] INFO  o.s.b.t.c.SpringBootTestContextBootstrapper - Loaded default TestExecutionListener class names from location [META-INF/spring.factories]: [org.springframework.boot.test.mock.mockito.MockitoTestExecutionListener, org.springframework.boot.test.mock.mockito.ResetMocksTestExecutionListener, org.springframework.boot.test.autoconfigure.restdocs.RestDocsTestExecutionListener, org.springframework.boot.test.autoconfigure.web.client.MockRestServiceServerResetTestExecutionListener, org.springframework.boot.test.autoconfigure.web.servlet.MockMvcPrintOnlyOnFailureTestExecutionListener, org.springframework.boot.test.autoconfigure.web.servlet.WebDriverTestExecutionListener, org.springframework.boot.test.autoconfigure.webservices.client.MockWebServiceServerTestExecutionListener, org.springframework.test.context.web.ServletTestExecutionListener, org.springframework.test.context.support.DirtiesContextBeforeModesTestExecutionListener, org.springframework.test.context.support.DependencyInjectionTestExecutionListener, org.springframework.test.context.support.DirtiesContextTestExecutionListener, org.springframework.test.context.transaction.TransactionalTestExecutionListener, org.springframework.test.context.jdbc.SqlScriptsTestExecutionListener, org.springframework.test.context.event.EventPublishingTestExecutionListener, org.springframework.security.test.context.support.WithSecurityContextTestExecutionListener, org.springframework.security.test.context.support.ReactorContextTestExecutionListener]
2026-08-17 11:16:04.057 [main] INFO  o.s.b.t.c.SpringBootTestContextBootstrapper - Using TestExecutionListeners: [org.springframework.test.context.web.ServletTestExecutionListener@403b7be3, org.springframework.test.context.support.DirtiesContextBeforeModesTestExecutionListener@2a5d9ede, org.springframework.boot.test.mock.mockito.MockitoTestExecutionListener@39e91bda, org.springframework.boot.test.autoconfigure.SpringBootDependencyInjectionTestExecutionListener@2c3f81ef, org.springframework.test.context.support.DirtiesContextTestExecutionListener@374013e8, org.springframework.test.context.transaction.TransactionalTestExecutionListener@712dd0b0, org.springframework.test.context.jdbc.SqlScriptsTestExecutionListener@6b3284, org.springframework.test.context.event.EventPublishingTestExecutionListener@500beb9f, org.springframework.security.test.context.support.WithSecurityContextTestExecutionListener@67e37d25, org.springframework.security.test.context.support.ReactorContextTestExecutionListener@78d49939, org.springframework.boot.test.mock.mockito.ResetMocksTestExecutionListener@21f27bb5, org.springframework.boot.test.autoconfigure.restdocs.RestDocsTestExecutionListener@2e2a2b07, org.springframework.boot.test.autoconfigure.web.client.MockRestServiceServerResetTestExecutionListener@52dc71b2, org.springframework.boot.test.autoconfigure.web.servlet.MockMvcPrintOnlyOnFailureTestExecutionListener@e1d2781, org.springframework.boot.test.autoconfigure.web.servlet.WebDriverTestExecutionListener@3c00da24, org.springframework.boot.test.autoconfigure.webservices.client.MockWebServiceServerTestExecutionListener@430dbcb0]
2026-08-17 11:16:04.079 [main] INFO  c.v.f.EndToEndIntegrationTest - Starting EndToEndIntegrationTest using Java 11.0.32 on lenovo-legion-16iah7h-PF3XJ8SP with PID 183149 (started by ayin in /home/ayin/projs/firstspringboot)
2026-08-17 11:16:04.079 [main] INFO  c.v.f.EndToEndIntegrationTest - No active profile set, falling back to default profiles: default
2026-08-17 11:16:04.195 [main] INFO  o.s.d.r.c.RepositoryConfigurationDelegate - Bootstrapping Spring Data JPA repositories in DEFAULT mode.
2026-08-17 11:16:04.201 [main] INFO  o.s.d.r.c.RepositoryConfigurationDelegate - Finished Spring Data repository scanning in 5 ms. Found 2 JPA repository interfaces.
2026-08-17 11:16:04.266 [main] INFO  o.s.c.s.PostProcessorRegistrationDelegate$BeanPostProcessorChecker - Bean 'org.springframework.security.access.expression.method.DefaultMethodSecurityExpressionHandler@5350a926' of type [org.springframework.security.access.expression.method.DefaultMethodSecurityExpressionHandler] is not eligible for getting processed by all BeanPostProcessors (for example: not eligible for auto-proxying)
2026-08-17 11:16:04.270 [main] INFO  o.s.c.s.PostProcessorRegistrationDelegate$BeanPostProcessorChecker - Bean 'methodSecurityMetadataSource' of type [org.springframework.security.access.method.DelegatingMethodSecurityMetadataSource] is not eligible for getting processed by all BeanPostProcessors (for example: not eligible for auto-proxying)
2026-08-17 11:16:04.309 [main] INFO  com.zaxxer.hikari.HikariDataSource - HikariPool-2 - Starting...
2026-08-17 11:16:04.311 [main] INFO  com.zaxxer.hikari.HikariDataSource - HikariPool-2 - Start completed.
2026-08-17 11:16:04.340 [main] INFO  liquibase.changelog - Reading from firstspringboot.DATABASECHANGELOG
2026-08-17 11:16:04.371 [main] INFO  liquibase.lockservice - Successfully acquired change log lock
2026-08-17 11:16:04.371 [main] INFO  liquibase.command - Using deploymentId: 6940162109
2026-08-17 11:16:04.372 [main] INFO  liquibase.changelog - Reading from firstspringboot.DATABASECHANGELOG
2026-08-17 11:16:04.377 [main] INFO  liquibase.ui - Running Changeset: db/changelog/changes/01-create-tasks-table.xml::1::firstspringbootmariadbuser
2026-08-17 11:16:04.380 [main] ERROR liquibase.changelog - ChangeSet db/changelog/changes/01-create-tasks-table.xml::1::firstspringbootmariadbuser encountered an exception.
liquibase.exception.DatabaseException: (conn=1376) Table 'tasks' already exists [Failed SQL: (1050) CREATE TABLE firstspringboot.tasks (id BIGINT AUTO_INCREMENT NOT NULL, task VARCHAR(255) NOT NULL, CONSTRAINT PK_TASKS PRIMARY KEY (id))]
	at liquibase.executor.jvm.JdbcExecutor$ExecuteStatementCallback.doInStatement(JdbcExecutor.java:497)
	at liquibase.executor.jvm.JdbcExecutor.execute(JdbcExecutor.java:83)
	at liquibase.executor.jvm.JdbcExecutor.execute(JdbcExecutor.java:185)
	at liquibase.executor.AbstractExecutor.execute(AbstractExecutor.java:141)
	at liquibase.database.AbstractJdbcDatabase.executeStatements(AbstractJdbcDatabase.java:1189)
	at liquibase.changelog.ChangeSet.execute(ChangeSet.java:790)
	at liquibase.changelog.visitor.UpdateVisitor.executeAcceptedChange(UpdateVisitor.java:126)
	at liquibase.changelog.visitor.UpdateVisitor.visit(UpdateVisitor.java:70)
	at liquibase.changelog.ChangeLogIterator.lambda$run$0(ChangeLogIterator.java:133)
	at liquibase.Scope.lambda$child$0(Scope.java:201)
	at liquibase.Scope.child(Scope.java:210)
	at liquibase.Scope.child(Scope.java:200)
	at liquibase.Scope.child(Scope.java:179)
	at liquibase.changelog.ChangeLogIterator.lambda$run$1(ChangeLogIterator.java:122)
	at liquibase.Scope.lambda$child$0(Scope.java:201)
	at liquibase.Scope.child(Scope.java:210)
	at liquibase.Scope.child(Scope.java:200)
	at liquibase.Scope.child(Scope.java:179)
	at liquibase.Scope.child(Scope.java:267)
	at liquibase.Scope.child(Scope.java:271)
	at liquibase.changelog.ChangeLogIterator.run(ChangeLogIterator.java:91)
	at liquibase.command.core.AbstractUpdateCommandStep.lambda$run$0(AbstractUpdateCommandStep.java:114)
	at liquibase.Scope.lambda$child$0(Scope.java:201)
	at liquibase.Scope.child(Scope.java:210)
	at liquibase.Scope.child(Scope.java:200)
	at liquibase.Scope.child(Scope.java:179)
	at liquibase.command.core.AbstractUpdateCommandStep.run(AbstractUpdateCommandStep.java:112)
	at liquibase.command.core.UpdateCommandStep.run(UpdateCommandStep.java:100)
	at liquibase.command.CommandScope.lambda$execute$6(CommandScope.java:253)
	at liquibase.Scope.child(Scope.java:210)
	at liquibase.Scope.child(Scope.java:186)
	at liquibase.command.CommandScope.execute(CommandScope.java:241)
	at liquibase.Liquibase.lambda$update$0(Liquibase.java:216)
	at liquibase.Scope.lambda$child$0(Scope.java:201)
	at liquibase.Scope.child(Scope.java:210)
	at liquibase.Scope.child(Scope.java:200)
	at liquibase.Scope.child(Scope.java:179)
	at liquibase.Liquibase.runInScope(Liquibase.java:1333)
	at liquibase.Liquibase.update(Liquibase.java:205)
	at liquibase.Liquibase.update(Liquibase.java:188)
	at liquibase.integration.spring.SpringLiquibase.performUpdate(SpringLiquibase.java:326)
	at liquibase.integration.spring.SpringLiquibase.lambda$afterPropertiesSet$0(SpringLiquibase.java:278)
	at liquibase.Scope.lambda$child$0(Scope.java:201)
	at liquibase.Scope.child(Scope.java:210)
	at liquibase.Scope.child(Scope.java:200)
	at liquibase.Scope.child(Scope.java:179)
	at liquibase.integration.spring.SpringLiquibase.afterPropertiesSet(SpringLiquibase.java:271)
	at org.springframework.beans.factory.support.AbstractAutowireCapableBeanFactory.invokeInitMethods(AbstractAutowireCapableBeanFactory.java:1847)
	at org.springframework.beans.factory.support.AbstractAutowireCapableBeanFactory.initializeBean(AbstractAutowireCapableBeanFactory.java:1784)
	at org.springframework.beans.factory.support.AbstractAutowireCapableBeanFactory.doCreateBean(AbstractAutowireCapableBeanFactory.java:609)
	at org.springframework.beans.factory.support.AbstractAutowireCapableBeanFactory.createBean(AbstractAutowireCapableBeanFactory.java:531)
	at org.springframework.beans.factory.support.AbstractBeanFactory.lambda$doGetBean$0(AbstractBeanFactory.java:335)
	at org.springframework.beans.factory.support.DefaultSingletonBeanRegistry.getSingleton(DefaultSingletonBeanRegistry.java:234)
	at org.springframework.beans.factory.support.AbstractBeanFactory.doGetBean(AbstractBeanFactory.java:333)
	at org.springframework.beans.factory.support.AbstractBeanFactory.getBean(AbstractBeanFactory.java:208)
	at org.springframework.beans.factory.support.AbstractBeanFactory.doGetBean(AbstractBeanFactory.java:322)
	at org.springframework.beans.factory.support.AbstractBeanFactory.getBean(AbstractBeanFactory.java:208)
	at org.springframework.context.support.AbstractApplicationContext.getBean(AbstractApplicationContext.java:1159)
	at org.springframework.context.support.AbstractApplicationContext.finishBeanFactoryInitialization(AbstractApplicationContext.java:913)
	at org.springframework.context.support.AbstractApplicationContext.refresh(AbstractApplicationContext.java:588)
	at org.springframework.boot.SpringApplication.refresh(SpringApplication.java:767)
	at org.springframework.boot.SpringApplication.refresh(SpringApplication.java:759)
	at org.springframework.boot.SpringApplication.refreshContext(SpringApplication.java:426)
	at org.springframework.boot.SpringApplication.run(SpringApplication.java:326)
	at org.springframework.boot.test.context.SpringBootContextLoader.loadContext(SpringBootContextLoader.java:122)
	at org.springframework.test.context.cache.DefaultCacheAwareContextLoaderDelegate.loadContextInternal(DefaultCacheAwareContextLoaderDelegate.java:99)
	at org.springframework.test.context.cache.DefaultCacheAwareContextLoaderDelegate.loadContext(DefaultCacheAwareContextLoaderDelegate.java:124)
	at org.springframework.test.context.support.DefaultTestContext.getApplicationContext(DefaultTestContext.java:123)
	at org.springframework.test.context.web.ServletTestExecutionListener.setUpRequestContextIfNecessary(ServletTestExecutionListener.java:190)
	at org.springframework.test.context.web.ServletTestExecutionListener.prepareTestInstance(ServletTestExecutionListener.java:132)
	at org.springframework.test.context.TestContextManager.prepareTestInstance(TestContextManager.java:244)
	at org.springframework.test.context.junit.jupiter.SpringExtension.postProcessTestInstance(SpringExtension.java:137)
	at org.junit.jupiter.engine.descriptor.ClassBasedTestDescriptor.lambda$invokeTestInstancePostProcessors$6(ClassBasedTestDescriptor.java:350)
	at org.junit.jupiter.engine.descriptor.ClassBasedTestDescriptor.executeAndMaskThrowable(ClassBasedTestDescriptor.java:355)
	at org.junit.jupiter.engine.descriptor.ClassBasedTestDescriptor.lambda$invokeTestInstancePostProcessors$7(ClassBasedTestDescriptor.java:350)
	at java.base/java.util.stream.ReferencePipeline$3$1.accept(ReferencePipeline.java:195)
	at java.base/java.util.stream.ReferencePipeline$2$1.accept(ReferencePipeline.java:177)
	at java.base/java.util.ArrayList$ArrayListSpliterator.forEachRemaining(ArrayList.java:1655)
	at java.base/java.util.stream.AbstractPipeline.copyInto(AbstractPipeline.java:484)
	at java.base/java.util.stream.AbstractPipeline.wrapAndCopyInto(AbstractPipeline.java:474)
	at java.base/java.util.stream.StreamSpliterators$WrappingSpliterator.forEachRemaining(StreamSpliterators.java:312)
	at java.base/java.util.stream.Streams$ConcatSpliterator.forEachRemaining(Streams.java:735)
	at java.base/java.util.stream.Streams$ConcatSpliterator.forEachRemaining(Streams.java:734)
	at java.base/java.util.stream.ReferencePipeline$Head.forEach(ReferencePipeline.java:658)
	at org.junit.jupiter.engine.descriptor.ClassBasedTestDescriptor.invokeTestInstancePostProcessors(ClassBasedTestDescriptor.java:349)
	at org.junit.jupiter.engine.descriptor.ClassBasedTestDescriptor.lambda$instantiateAndPostProcessTestInstance$4(ClassBasedTestDescriptor.java:270)
	at org.junit.platform.engine.support.hierarchical.ThrowableCollector.execute(ThrowableCollector.java:73)
	at org.junit.jupiter.engine.descriptor.ClassBasedTestDescriptor.instantiateAndPostProcessTestInstance(ClassBasedTestDescriptor.java:269)
	at org.junit.jupiter.engine.descriptor.ClassBasedTestDescriptor.lambda$testInstancesProvider$2(ClassBasedTestDescriptor.java:259)
	at java.base/java.util.Optional.orElseGet(Optional.java:369)
	at org.junit.jupiter.engine.descriptor.ClassBasedTestDescriptor.lambda$testInstancesProvider$3(ClassBasedTestDescriptor.java:258)
	at org.junit.jupiter.engine.execution.TestInstancesProvider.getTestInstances(TestInstancesProvider.java:31)
	at org.junit.jupiter.engine.descriptor.TestMethodTestDescriptor.lambda$prepare$0(TestMethodTestDescriptor.java:101)
	at org.junit.platform.engine.support.hierarchical.ThrowableCollector.execute(ThrowableCollector.java:73)
	at org.junit.jupiter.engine.descriptor.TestMethodTestDescriptor.prepare(TestMethodTestDescriptor.java:100)
	at org.junit.jupiter.engine.descriptor.TestMethodTestDescriptor.prepare(TestMethodTestDescriptor.java:65)
	at org.junit.platform.engine.support.hierarchical.NodeTestTask.lambda$prepare$1(NodeTestTask.java:111)
	at org.junit.platform.engine.support.hierarchical.ThrowableCollector.execute(ThrowableCollector.java:73)
	at org.junit.platform.engine.support.hierarchical.NodeTestTask.prepare(NodeTestTask.java:111)
	at org.junit.platform.engine.support.hierarchical.NodeTestTask.execute(NodeTestTask.java:79)
	at java.base/java.util.ArrayList.forEach(ArrayList.java:1541)
	at org.junit.platform.engine.support.hierarchical.SameThreadHierarchicalTestExecutorService.invokeAll(SameThreadHierarchicalTestExecutorService.java:38)
	at org.junit.platform.engine.support.hierarchical.NodeTestTask.lambda$executeRecursively$5(NodeTestTask.java:143)
	at org.junit.platform.engine.support.hierarchical.ThrowableCollector.execute(ThrowableCollector.java:73)
	at org.junit.platform.engine.support.hierarchical.NodeTestTask.lambda$executeRecursively$7(NodeTestTask.java:129)
	at org.junit.platform.engine.support.hierarchical.Node.around(Node.java:137)
	at org.junit.platform.engine.support.hierarchical.NodeTestTask.lambda$executeRecursively$8(NodeTestTask.java:127)
	at org.junit.platform.engine.support.hierarchical.ThrowableCollector.execute(ThrowableCollector.java:73)
	at org.junit.platform.engine.support.hierarchical.NodeTestTask.executeRecursively(NodeTestTask.java:126)
	at org.junit.platform.engine.support.hierarchical.NodeTestTask.execute(NodeTestTask.java:84)
	at java.base/java.util.ArrayList.forEach(ArrayList.java:1541)
	at org.junit.platform.engine.support.hierarchical.SameThreadHierarchicalTestExecutorService.invokeAll(SameThreadHierarchicalTestExecutorService.java:38)
	at org.junit.platform.engine.support.hierarchical.NodeTestTask.lambda$executeRecursively$5(NodeTestTask.java:143)
	at org.junit.platform.engine.support.hierarchical.ThrowableCollector.execute(ThrowableCollector.java:73)
	at org.junit.platform.engine.support.hierarchical.NodeTestTask.lambda$executeRecursively$7(NodeTestTask.java:129)
	at org.junit.platform.engine.support.hierarchical.Node.around(Node.java:137)
	at org.junit.platform.engine.support.hierarchical.NodeTestTask.lambda$executeRecursively$8(NodeTestTask.java:127)
	at org.junit.platform.engine.support.hierarchical.ThrowableCollector.execute(ThrowableCollector.java:73)
	at org.junit.platform.engine.support.hierarchical.NodeTestTask.executeRecursively(NodeTestTask.java:126)
	at org.junit.platform.engine.support.hierarchical.NodeTestTask.execute(NodeTestTask.java:84)
	at org.junit.platform.engine.support.hierarchical.SameThreadHierarchicalTestExecutorService.submit(SameThreadHierarchicalTestExecutorService.java:32)
	at org.junit.platform.engine.support.hierarchical.HierarchicalTestExecutor.execute(HierarchicalTestExecutor.java:57)
	at org.junit.platform.engine.support.hierarchical.HierarchicalTestEngine.execute(HierarchicalTestEngine.java:51)
	at org.junit.platform.launcher.core.DefaultLauncher.execute(DefaultLauncher.java:220)
	at org.junit.platform.launcher.core.DefaultLauncher.lambda$execute$6(DefaultLauncher.java:188)
	at org.junit.platform.launcher.core.DefaultLauncher.withInterceptedStreams(DefaultLauncher.java:202)
	at org.junit.platform.launcher.core.DefaultLauncher.execute(DefaultLauncher.java:181)
	at org.junit.platform.launcher.core.DefaultLauncher.execute(DefaultLauncher.java:128)
	at org.apache.maven.surefire.junitplatform.JUnitPlatformProvider.invokeAllTests(JUnitPlatformProvider.java:150)
	at org.apache.maven.surefire.junitplatform.JUnitPlatformProvider.invoke(JUnitPlatformProvider.java:124)
	at org.apache.maven.surefire.booter.ForkedBooter.invokeProviderInSameClassLoader(ForkedBooter.java:384)
	at org.apache.maven.surefire.booter.ForkedBooter.runSuitesInProcess(ForkedBooter.java:345)
	at org.apache.maven.surefire.booter.ForkedBooter.execute(ForkedBooter.java:126)
	at org.apache.maven.surefire.booter.ForkedBooter.main(ForkedBooter.java:418)
Caused by: java.sql.SQLSyntaxErrorException: (conn=1376) Table 'tasks' already exists
	at org.mariadb.jdbc.internal.util.exceptions.ExceptionFactory.createException(ExceptionFactory.java:62)
	at org.mariadb.jdbc.internal.util.exceptions.ExceptionFactory.create(ExceptionFactory.java:153)
	at org.mariadb.jdbc.MariaDbStatement.executeExceptionEpilogue(MariaDbStatement.java:274)
	at org.mariadb.jdbc.MariaDbStatement.executeInternal(MariaDbStatement.java:363)
	at org.mariadb.jdbc.MariaDbStatement.execute(MariaDbStatement.java:501)
	at com.zaxxer.hikari.pool.ProxyStatement.execute(ProxyStatement.java:95)
	at com.zaxxer.hikari.pool.HikariProxyStatement.execute(HikariProxyStatement.java)
	at liquibase.executor.jvm.JdbcExecutor$ExecuteStatementCallback.doInStatement(JdbcExecutor.java:491)
	... 133 common frames omitted
Caused by: org.mariadb.jdbc.internal.util.exceptions.MariaDbSqlException: Table 'tasks' already exists
	at org.mariadb.jdbc.internal.util.exceptions.MariaDbSqlException.of(MariaDbSqlException.java:34)
	at org.mariadb.jdbc.internal.protocol.AbstractQueryProtocol.exceptionWithQuery(AbstractQueryProtocol.java:194)
	at org.mariadb.jdbc.internal.protocol.AbstractQueryProtocol.executeQuery(AbstractQueryProtocol.java:262)
	at org.mariadb.jdbc.MariaDbStatement.executeInternal(MariaDbStatement.java:357)
	... 137 common frames omitted
Caused by: java.sql.SQLException: Table 'tasks' already exists
	at org.mariadb.jdbc.internal.protocol.AbstractQueryProtocol.readErrorPacket(AbstractQueryProtocol.java:1688)
	at org.mariadb.jdbc.internal.protocol.AbstractQueryProtocol.readPacket(AbstractQueryProtocol.java:1550)
	at org.mariadb.jdbc.internal.protocol.AbstractQueryProtocol.getResult(AbstractQueryProtocol.java:1513)
	at org.mariadb.jdbc.internal.protocol.AbstractQueryProtocol.executeQuery(AbstractQueryProtocol.java:256)
	... 138 common frames omitted
2026-08-17 11:16:04.382 [main] INFO  liquibase.util - UPDATE SUMMARY
2026-08-17 11:16:04.382 [main] INFO  liquibase.util - Run:                          0
2026-08-17 11:16:04.382 [main] INFO  liquibase.util - Previously run:               0
2026-08-17 11:16:04.382 [main] INFO  liquibase.util - Filtered out:                 0
2026-08-17 11:16:04.382 [main] INFO  liquibase.util - -------------------------------
2026-08-17 11:16:04.382 [main] INFO  liquibase.util - Total change sets:            2
2026-08-17 11:16:04.382 [main] INFO  liquibase.util - Update summary generated
2026-08-17 11:16:04.383 [main] INFO  liquibase.command - Update command encountered an exception.
2026-08-17 11:16:04.390 [main] INFO  liquibase.lockservice - Successfully released change log lock
2026-08-17 11:16:04.391 [main] INFO  liquibase.command - Logging exception.
2026-08-17 11:16:04.391 [main] INFO  liquibase.ui - ERROR: Exception Details
2026-08-17 11:16:04.391 [main] INFO  liquibase.ui - ERROR: Exception Primary Class:  SQLException
2026-08-17 11:16:04.391 [main] INFO  liquibase.ui - ERROR: Exception Primary Reason:  Table 'tasks' already exists
2026-08-17 11:16:04.391 [main] INFO  liquibase.ui - ERROR: Exception Primary Source:  MariaDB 11.8.8-MariaDB
2026-08-17 11:16:04.391 [main] INFO  liquibase.command - Command execution complete
2026-08-17 11:16:04.392 [main] WARN  o.s.w.c.s.GenericWebApplicationContext - Exception encountered during context initialization - cancelling refresh attempt: org.springframework.beans.factory.BeanCreationException: Error creating bean with name 'liquibase' defined in class path resource [org/springframework/boot/autoconfigure/liquibase/LiquibaseAutoConfiguration$LiquibaseConfiguration.class]: Invocation of init method failed; nested exception is liquibase.exception.LiquibaseException: liquibase.exception.CommandExecutionException: liquibase.exception.LiquibaseException: liquibase.exception.MigrationFailedException: Migration failed for changeset db/changelog/changes/01-create-tasks-table.xml::1::firstspringbootmariadbuser:
     Reason: liquibase.exception.DatabaseException: (conn=1376) Table 'tasks' already exists [Failed SQL: (1050) CREATE TABLE firstspringboot.tasks (id BIGINT AUTO_INCREMENT NOT NULL, task VARCHAR(255) NOT NULL, CONSTRAINT PK_TASKS PRIMARY KEY (id))]
2026-08-17 11:16:04.392 [main] INFO  com.zaxxer.hikari.HikariDataSource - HikariPool-2 - Shutdown initiated...
2026-08-17 11:16:04.393 [main] INFO  com.zaxxer.hikari.HikariDataSource - HikariPool-2 - Shutdown completed.
2026-08-17 11:16:04.396 [main] INFO  o.s.b.a.l.ConditionEvaluationReportLoggingListener - 

Error starting ApplicationContext. To display the conditions report re-run your application with 'debug' enabled.
2026-08-17 11:16:04.396 [main] ERROR o.s.boot.SpringApplication - Application run failed
org.springframework.beans.factory.BeanCreationException: Error creating bean with name 'liquibase' defined in class path resource [org/springframework/boot/autoconfigure/liquibase/LiquibaseAutoConfiguration$LiquibaseConfiguration.class]: Invocation of init method failed; nested exception is liquibase.exception.LiquibaseException: liquibase.exception.CommandExecutionException: liquibase.exception.LiquibaseException: liquibase.exception.MigrationFailedException: Migration failed for changeset db/changelog/changes/01-create-tasks-table.xml::1::firstspringbootmariadbuser:
     Reason: liquibase.exception.DatabaseException: (conn=1376) Table 'tasks' already exists [Failed SQL: (1050) CREATE TABLE firstspringboot.tasks (id BIGINT AUTO_INCREMENT NOT NULL, task VARCHAR(255) NOT NULL, CONSTRAINT PK_TASKS PRIMARY KEY (id))]
	at org.springframework.beans.factory.support.AbstractAutowireCapableBeanFactory.initializeBean(AbstractAutowireCapableBeanFactory.java:1788)
	at org.springframework.beans.factory.support.AbstractAutowireCapableBeanFactory.doCreateBean(AbstractAutowireCapableBeanFactory.java:609)
	at org.springframework.beans.factory.support.AbstractAutowireCapableBeanFactory.createBean(AbstractAutowireCapableBeanFactory.java:531)
	at org.springframework.beans.factory.support.AbstractBeanFactory.lambda$doGetBean$0(AbstractBeanFactory.java:335)
	at org.springframework.beans.factory.support.DefaultSingletonBeanRegistry.getSingleton(DefaultSingletonBeanRegistry.java:234)
	at org.springframework.beans.factory.support.AbstractBeanFactory.doGetBean(AbstractBeanFactory.java:333)
	at org.springframework.beans.factory.support.AbstractBeanFactory.getBean(AbstractBeanFactory.java:208)
	at org.springframework.beans.factory.support.AbstractBeanFactory.doGetBean(AbstractBeanFactory.java:322)
	at org.springframework.beans.factory.support.AbstractBeanFactory.getBean(AbstractBeanFactory.java:208)
	at org.springframework.context.support.AbstractApplicationContext.getBean(AbstractApplicationContext.java:1159)
	at org.springframework.context.support.AbstractApplicationContext.finishBeanFactoryInitialization(AbstractApplicationContext.java:913)
	at org.springframework.context.support.AbstractApplicationContext.refresh(AbstractApplicationContext.java:588)
	at org.springframework.boot.SpringApplication.refresh(SpringApplication.java:767)
	at org.springframework.boot.SpringApplication.refresh(SpringApplication.java:759)
	at org.springframework.boot.SpringApplication.refreshContext(SpringApplication.java:426)
	at org.springframework.boot.SpringApplication.run(SpringApplication.java:326)
	at org.springframework.boot.test.context.SpringBootContextLoader.loadContext(SpringBootContextLoader.java:122)
	at org.springframework.test.context.cache.DefaultCacheAwareContextLoaderDelegate.loadContextInternal(DefaultCacheAwareContextLoaderDelegate.java:99)
	at org.springframework.test.context.cache.DefaultCacheAwareContextLoaderDelegate.loadContext(DefaultCacheAwareContextLoaderDelegate.java:124)
	at org.springframework.test.context.support.DefaultTestContext.getApplicationContext(DefaultTestContext.java:123)
	at org.springframework.test.context.web.ServletTestExecutionListener.setUpRequestContextIfNecessary(ServletTestExecutionListener.java:190)
	at org.springframework.test.context.web.ServletTestExecutionListener.prepareTestInstance(ServletTestExecutionListener.java:132)
	at org.springframework.test.context.TestContextManager.prepareTestInstance(TestContextManager.java:244)
	at org.springframework.test.context.junit.jupiter.SpringExtension.postProcessTestInstance(SpringExtension.java:137)
	at org.junit.jupiter.engine.descriptor.ClassBasedTestDescriptor.lambda$invokeTestInstancePostProcessors$6(ClassBasedTestDescriptor.java:350)
	at org.junit.jupiter.engine.descriptor.ClassBasedTestDescriptor.executeAndMaskThrowable(ClassBasedTestDescriptor.java:355)
	at org.junit.jupiter.engine.descriptor.ClassBasedTestDescriptor.lambda$invokeTestInstancePostProcessors$7(ClassBasedTestDescriptor.java:350)
	at java.base/java.util.stream.ReferencePipeline$3$1.accept(ReferencePipeline.java:195)
	at java.base/java.util.stream.ReferencePipeline$2$1.accept(ReferencePipeline.java:177)
	at java.base/java.util.ArrayList$ArrayListSpliterator.forEachRemaining(ArrayList.java:1655)
	at java.base/java.util.stream.AbstractPipeline.copyInto(AbstractPipeline.java:484)
	at java.base/java.util.stream.AbstractPipeline.wrapAndCopyInto(AbstractPipeline.java:474)
	at java.base/java.util.stream.StreamSpliterators$WrappingSpliterator.forEachRemaining(StreamSpliterators.java:312)
	at java.base/java.util.stream.Streams$ConcatSpliterator.forEachRemaining(Streams.java:735)
	at java.base/java.util.stream.Streams$ConcatSpliterator.forEachRemaining(Streams.java:734)
	at java.base/java.util.stream.ReferencePipeline$Head.forEach(ReferencePipeline.java:658)
	at org.junit.jupiter.engine.descriptor.ClassBasedTestDescriptor.invokeTestInstancePostProcessors(ClassBasedTestDescriptor.java:349)
	at org.junit.jupiter.engine.descriptor.ClassBasedTestDescriptor.lambda$instantiateAndPostProcessTestInstance$4(ClassBasedTestDescriptor.java:270)
	at org.junit.platform.engine.support.hierarchical.ThrowableCollector.execute(ThrowableCollector.java:73)
	at org.junit.jupiter.engine.descriptor.ClassBasedTestDescriptor.instantiateAndPostProcessTestInstance(ClassBasedTestDescriptor.java:269)
	at org.junit.jupiter.engine.descriptor.ClassBasedTestDescriptor.lambda$testInstancesProvider$2(ClassBasedTestDescriptor.java:259)
	at java.base/java.util.Optional.orElseGet(Optional.java:369)
	at org.junit.jupiter.engine.descriptor.ClassBasedTestDescriptor.lambda$testInstancesProvider$3(ClassBasedTestDescriptor.java:258)
	at org.junit.jupiter.engine.execution.TestInstancesProvider.getTestInstances(TestInstancesProvider.java:31)
	at org.junit.jupiter.engine.descriptor.TestMethodTestDescriptor.lambda$prepare$0(TestMethodTestDescriptor.java:101)
	at org.junit.platform.engine.support.hierarchical.ThrowableCollector.execute(ThrowableCollector.java:73)
	at org.junit.jupiter.engine.descriptor.TestMethodTestDescriptor.prepare(TestMethodTestDescriptor.java:100)
	at org.junit.jupiter.engine.descriptor.TestMethodTestDescriptor.prepare(TestMethodTestDescriptor.java:65)
	at org.junit.platform.engine.support.hierarchical.NodeTestTask.lambda$prepare$1(NodeTestTask.java:111)
	at org.junit.platform.engine.support.hierarchical.ThrowableCollector.execute(ThrowableCollector.java:73)
	at org.junit.platform.engine.support.hierarchical.NodeTestTask.prepare(NodeTestTask.java:111)
	at org.junit.platform.engine.support.hierarchical.NodeTestTask.execute(NodeTestTask.java:79)
	at java.base/java.util.ArrayList.forEach(ArrayList.java:1541)
	at org.junit.platform.engine.support.hierarchical.SameThreadHierarchicalTestExecutorService.invokeAll(SameThreadHierarchicalTestExecutorService.java:38)
	at org.junit.platform.engine.support.hierarchical.NodeTestTask.lambda$executeRecursively$5(NodeTestTask.java:143)
	at org.junit.platform.engine.support.hierarchical.ThrowableCollector.execute(ThrowableCollector.java:73)
	at org.junit.platform.engine.support.hierarchical.NodeTestTask.lambda$executeRecursively$7(NodeTestTask.java:129)
	at org.junit.platform.engine.support.hierarchical.Node.around(Node.java:137)
	at org.junit.platform.engine.support.hierarchical.NodeTestTask.lambda$executeRecursively$8(NodeTestTask.java:127)
	at org.junit.platform.engine.support.hierarchical.ThrowableCollector.execute(ThrowableCollector.java:73)
	at org.junit.platform.engine.support.hierarchical.NodeTestTask.executeRecursively(NodeTestTask.java:126)
	at org.junit.platform.engine.support.hierarchical.NodeTestTask.execute(NodeTestTask.java:84)
	at java.base/java.util.ArrayList.forEach(ArrayList.java:1541)
	at org.junit.platform.engine.support.hierarchical.SameThreadHierarchicalTestExecutorService.invokeAll(SameThreadHierarchicalTestExecutorService.java:38)
	at org.junit.platform.engine.support.hierarchical.NodeTestTask.lambda$executeRecursively$5(NodeTestTask.java:143)
	at org.junit.platform.engine.support.hierarchical.ThrowableCollector.execute(ThrowableCollector.java:73)
	at org.junit.platform.engine.support.hierarchical.NodeTestTask.lambda$executeRecursively$7(NodeTestTask.java:129)
	at org.junit.platform.engine.support.hierarchical.Node.around(Node.java:137)
	at org.junit.platform.engine.support.hierarchical.NodeTestTask.lambda$executeRecursively$8(NodeTestTask.java:127)
	at org.junit.platform.engine.support.hierarchical.ThrowableCollector.execute(ThrowableCollector.java:73)
	at org.junit.platform.engine.support.hierarchical.NodeTestTask.executeRecursively(NodeTestTask.java:126)
	at org.junit.platform.engine.support.hierarchical.NodeTestTask.execute(NodeTestTask.java:84)
	at org.junit.platform.engine.support.hierarchical.SameThreadHierarchicalTestExecutorService.submit(SameThreadHierarchicalTestExecutorService.java:32)
	at org.junit.platform.engine.support.hierarchical.HierarchicalTestExecutor.execute(HierarchicalTestExecutor.java:57)
	at org.junit.platform.engine.support.hierarchical.HierarchicalTestEngine.execute(HierarchicalTestEngine.java:51)
	at org.junit.platform.launcher.core.DefaultLauncher.execute(DefaultLauncher.java:220)
	at org.junit.platform.launcher.core.DefaultLauncher.lambda$execute$6(DefaultLauncher.java:188)
	at org.junit.platform.launcher.core.DefaultLauncher.withInterceptedStreams(DefaultLauncher.java:202)
	at org.junit.platform.launcher.core.DefaultLauncher.execute(DefaultLauncher.java:181)
	at org.junit.platform.launcher.core.DefaultLauncher.execute(DefaultLauncher.java:128)
	at org.apache.maven.surefire.junitplatform.JUnitPlatformProvider.invokeAllTests(JUnitPlatformProvider.java:150)
	at org.apache.maven.surefire.junitplatform.JUnitPlatformProvider.invoke(JUnitPlatformProvider.java:124)
	at org.apache.maven.surefire.booter.ForkedBooter.invokeProviderInSameClassLoader(ForkedBooter.java:384)
	at org.apache.maven.surefire.booter.ForkedBooter.runSuitesInProcess(ForkedBooter.java:345)
	at org.apache.maven.surefire.booter.ForkedBooter.execute(ForkedBooter.java:126)
	at org.apache.maven.surefire.booter.ForkedBooter.main(ForkedBooter.java:418)
Caused by: liquibase.exception.LiquibaseException: liquibase.exception.CommandExecutionException: liquibase.exception.LiquibaseException: liquibase.exception.MigrationFailedException: Migration failed for changeset db/changelog/changes/01-create-tasks-table.xml::1::firstspringbootmariadbuser:
     Reason: liquibase.exception.DatabaseException: (conn=1376) Table 'tasks' already exists [Failed SQL: (1050) CREATE TABLE firstspringboot.tasks (id BIGINT AUTO_INCREMENT NOT NULL, task VARCHAR(255) NOT NULL, CONSTRAINT PK_TASKS PRIMARY KEY (id))]
	at liquibase.integration.spring.SpringLiquibase.afterPropertiesSet(SpringLiquibase.java:288)
	at org.springframework.beans.factory.support.AbstractAutowireCapableBeanFactory.invokeInitMethods(AbstractAutowireCapableBeanFactory.java:1847)
	at org.springframework.beans.factory.support.AbstractAutowireCapableBeanFactory.initializeBean(AbstractAutowireCapableBeanFactory.java:1784)
	... 85 common frames omitted
Caused by: liquibase.exception.CommandExecutionException: liquibase.exception.LiquibaseException: liquibase.exception.MigrationFailedException: Migration failed for changeset db/changelog/changes/01-create-tasks-table.xml::1::firstspringbootmariadbuser:
     Reason: liquibase.exception.DatabaseException: (conn=1376) Table 'tasks' already exists [Failed SQL: (1050) CREATE TABLE firstspringboot.tasks (id BIGINT AUTO_INCREMENT NOT NULL, task VARCHAR(255) NOT NULL, CONSTRAINT PK_TASKS PRIMARY KEY (id))]
	at liquibase.command.CommandScope.lambda$execute$6(CommandScope.java:300)
	at liquibase.Scope.child(Scope.java:210)
	at liquibase.Scope.child(Scope.java:186)
	at liquibase.command.CommandScope.execute(CommandScope.java:241)
	at liquibase.Liquibase.lambda$update$0(Liquibase.java:216)
	at liquibase.Scope.lambda$child$0(Scope.java:201)
	at liquibase.Scope.child(Scope.java:210)
	at liquibase.Scope.child(Scope.java:200)
	at liquibase.Scope.child(Scope.java:179)
	at liquibase.Liquibase.runInScope(Liquibase.java:1333)
	at liquibase.Liquibase.update(Liquibase.java:205)
	at liquibase.Liquibase.update(Liquibase.java:188)
	at liquibase.integration.spring.SpringLiquibase.performUpdate(SpringLiquibase.java:326)
	at liquibase.integration.spring.SpringLiquibase.lambda$afterPropertiesSet$0(SpringLiquibase.java:278)
	at liquibase.Scope.lambda$child$0(Scope.java:201)
	at liquibase.Scope.child(Scope.java:210)
	at liquibase.Scope.child(Scope.java:200)
	at liquibase.Scope.child(Scope.java:179)
	at liquibase.integration.spring.SpringLiquibase.afterPropertiesSet(SpringLiquibase.java:271)
	... 87 common frames omitted
Caused by: liquibase.exception.LiquibaseException: liquibase.exception.MigrationFailedException: Migration failed for changeset db/changelog/changes/01-create-tasks-table.xml::1::firstspringbootmariadbuser:
     Reason: liquibase.exception.DatabaseException: (conn=1376) Table 'tasks' already exists [Failed SQL: (1050) CREATE TABLE firstspringboot.tasks (id BIGINT AUTO_INCREMENT NOT NULL, task VARCHAR(255) NOT NULL, CONSTRAINT PK_TASKS PRIMARY KEY (id))]
	at liquibase.changelog.ChangeLogIterator.run(ChangeLogIterator.java:155)
	at liquibase.command.core.AbstractUpdateCommandStep.lambda$run$0(AbstractUpdateCommandStep.java:114)
	at liquibase.Scope.lambda$child$0(Scope.java:201)
	at liquibase.Scope.child(Scope.java:210)
	at liquibase.Scope.child(Scope.java:200)
	at liquibase.Scope.child(Scope.java:179)
	at liquibase.command.core.AbstractUpdateCommandStep.run(AbstractUpdateCommandStep.java:112)
	at liquibase.command.core.UpdateCommandStep.run(UpdateCommandStep.java:100)
	at liquibase.command.CommandScope.lambda$execute$6(CommandScope.java:253)
	... 105 common frames omitted
Caused by: liquibase.exception.MigrationFailedException: Migration failed for changeset db/changelog/changes/01-create-tasks-table.xml::1::firstspringbootmariadbuser:
     Reason: liquibase.exception.DatabaseException: (conn=1376) Table 'tasks' already exists [Failed SQL: (1050) CREATE TABLE firstspringboot.tasks (id BIGINT AUTO_INCREMENT NOT NULL, task VARCHAR(255) NOT NULL, CONSTRAINT PK_TASKS PRIMARY KEY (id))]
	at liquibase.changelog.ChangeSet.execute(ChangeSet.java:840)
	at liquibase.changelog.visitor.UpdateVisitor.executeAcceptedChange(UpdateVisitor.java:126)
	at liquibase.changelog.visitor.UpdateVisitor.visit(UpdateVisitor.java:70)
	at liquibase.changelog.ChangeLogIterator.lambda$run$0(ChangeLogIterator.java:133)
	at liquibase.Scope.lambda$child$0(Scope.java:201)
	at liquibase.Scope.child(Scope.java:210)
	at liquibase.Scope.child(Scope.java:200)
	at liquibase.Scope.child(Scope.java:179)
	at liquibase.changelog.ChangeLogIterator.lambda$run$1(ChangeLogIterator.java:122)
	at liquibase.Scope.lambda$child$0(Scope.java:201)
	at liquibase.Scope.child(Scope.java:210)
	at liquibase.Scope.child(Scope.java:200)
	at liquibase.Scope.child(Scope.java:179)
	at liquibase.Scope.child(Scope.java:267)
	at liquibase.Scope.child(Scope.java:271)
	at liquibase.changelog.ChangeLogIterator.run(ChangeLogIterator.java:91)
	... 113 common frames omitted
Caused by: liquibase.exception.DatabaseException: (conn=1376) Table 'tasks' already exists [Failed SQL: (1050) CREATE TABLE firstspringboot.tasks (id BIGINT AUTO_INCREMENT NOT NULL, task VARCHAR(255) NOT NULL, CONSTRAINT PK_TASKS PRIMARY KEY (id))]
	at liquibase.executor.jvm.JdbcExecutor$ExecuteStatementCallback.doInStatement(JdbcExecutor.java:497)
	at liquibase.executor.jvm.JdbcExecutor.execute(JdbcExecutor.java:83)
	at liquibase.executor.jvm.JdbcExecutor.execute(JdbcExecutor.java:185)
	at liquibase.executor.AbstractExecutor.execute(AbstractExecutor.java:141)
	at liquibase.database.AbstractJdbcDatabase.executeStatements(AbstractJdbcDatabase.java:1189)
	at liquibase.changelog.ChangeSet.execute(ChangeSet.java:790)
	... 128 common frames omitted
Caused by: java.sql.SQLSyntaxErrorException: (conn=1376) Table 'tasks' already exists
	at org.mariadb.jdbc.internal.util.exceptions.ExceptionFactory.createException(ExceptionFactory.java:62)
	at org.mariadb.jdbc.internal.util.exceptions.ExceptionFactory.create(ExceptionFactory.java:153)
	at org.mariadb.jdbc.MariaDbStatement.executeExceptionEpilogue(MariaDbStatement.java:274)
	at org.mariadb.jdbc.MariaDbStatement.executeInternal(MariaDbStatement.java:363)
	at org.mariadb.jdbc.MariaDbStatement.execute(MariaDbStatement.java:501)
	at com.zaxxer.hikari.pool.ProxyStatement.execute(ProxyStatement.java:95)
	at com.zaxxer.hikari.pool.HikariProxyStatement.execute(HikariProxyStatement.java)
	at liquibase.executor.jvm.JdbcExecutor$ExecuteStatementCallback.doInStatement(JdbcExecutor.java:491)
	... 133 common frames omitted
Caused by: org.mariadb.jdbc.internal.util.exceptions.MariaDbSqlException: Table 'tasks' already exists
	at org.mariadb.jdbc.internal.util.exceptions.MariaDbSqlException.of(MariaDbSqlException.java:34)
	at org.mariadb.jdbc.internal.protocol.AbstractQueryProtocol.exceptionWithQuery(AbstractQueryProtocol.java:194)
	at org.mariadb.jdbc.internal.protocol.AbstractQueryProtocol.executeQuery(AbstractQueryProtocol.java:262)
	at org.mariadb.jdbc.MariaDbStatement.executeInternal(MariaDbStatement.java:357)
	... 137 common frames omitted
Caused by: java.sql.SQLException: Table 'tasks' already exists
	at org.mariadb.jdbc.internal.protocol.AbstractQueryProtocol.readErrorPacket(AbstractQueryProtocol.java:1688)
	at org.mariadb.jdbc.internal.protocol.AbstractQueryProtocol.readPacket(AbstractQueryProtocol.java:1550)
	at org.mariadb.jdbc.internal.protocol.AbstractQueryProtocol.getResult(AbstractQueryProtocol.java:1513)
	at org.mariadb.jdbc.internal.protocol.AbstractQueryProtocol.executeQuery(AbstractQueryProtocol.java:256)
	... 138 common frames omitted
2026-08-17 11:16:04.397 [main] ERROR o.s.test.context.TestContextManager - Caught exception while allowing TestExecutionListener [org.springframework.test.context.web.ServletTestExecutionListener@403b7be3] to prepare test instance [com.viettelsoftware.firstspringboot.EndToEndIntegrationTest@54af9cce]
java.lang.IllegalStateException: Failed to load ApplicationContext
	at org.springframework.test.context.cache.DefaultCacheAwareContextLoaderDelegate.loadContext(DefaultCacheAwareContextLoaderDelegate.java:132)
	at org.springframework.test.context.support.DefaultTestContext.getApplicationContext(DefaultTestContext.java:123)
	at org.springframework.test.context.web.ServletTestExecutionListener.setUpRequestContextIfNecessary(ServletTestExecutionListener.java:190)
	at org.springframework.test.context.web.ServletTestExecutionListener.prepareTestInstance(ServletTestExecutionListener.java:132)
	at org.springframework.test.context.TestContextManager.prepareTestInstance(TestContextManager.java:244)
	at org.springframework.test.context.junit.jupiter.SpringExtension.postProcessTestInstance(SpringExtension.java:137)
	at org.junit.jupiter.engine.descriptor.ClassBasedTestDescriptor.lambda$invokeTestInstancePostProcessors$6(ClassBasedTestDescriptor.java:350)
	at org.junit.jupiter.engine.descriptor.ClassBasedTestDescriptor.executeAndMaskThrowable(ClassBasedTestDescriptor.java:355)
	at org.junit.jupiter.engine.descriptor.ClassBasedTestDescriptor.lambda$invokeTestInstancePostProcessors$7(ClassBasedTestDescriptor.java:350)
	at java.base/java.util.stream.ReferencePipeline$3$1.accept(ReferencePipeline.java:195)
	at java.base/java.util.stream.ReferencePipeline$2$1.accept(ReferencePipeline.java:177)
	at java.base/java.util.ArrayList$ArrayListSpliterator.forEachRemaining(ArrayList.java:1655)
	at java.base/java.util.stream.AbstractPipeline.copyInto(AbstractPipeline.java:484)
	at java.base/java.util.stream.AbstractPipeline.wrapAndCopyInto(AbstractPipeline.java:474)
	at java.base/java.util.stream.StreamSpliterators$WrappingSpliterator.forEachRemaining(StreamSpliterators.java:312)
	at java.base/java.util.stream.Streams$ConcatSpliterator.forEachRemaining(Streams.java:735)
	at java.base/java.util.stream.Streams$ConcatSpliterator.forEachRemaining(Streams.java:734)
	at java.base/java.util.stream.ReferencePipeline$Head.forEach(ReferencePipeline.java:658)
	at org.junit.jupiter.engine.descriptor.ClassBasedTestDescriptor.invokeTestInstancePostProcessors(ClassBasedTestDescriptor.java:349)
	at org.junit.jupiter.engine.descriptor.ClassBasedTestDescriptor.lambda$instantiateAndPostProcessTestInstance$4(ClassBasedTestDescriptor.java:270)
	at org.junit.platform.engine.support.hierarchical.ThrowableCollector.execute(ThrowableCollector.java:73)
	at org.junit.jupiter.engine.descriptor.ClassBasedTestDescriptor.instantiateAndPostProcessTestInstance(ClassBasedTestDescriptor.java:269)
	at org.junit.jupiter.engine.descriptor.ClassBasedTestDescriptor.lambda$testInstancesProvider$2(ClassBasedTestDescriptor.java:259)
	at java.base/java.util.Optional.orElseGet(Optional.java:369)
	at org.junit.jupiter.engine.descriptor.ClassBasedTestDescriptor.lambda$testInstancesProvider$3(ClassBasedTestDescriptor.java:258)
	at org.junit.jupiter.engine.execution.TestInstancesProvider.getTestInstances(TestInstancesProvider.java:31)
	at org.junit.jupiter.engine.descriptor.TestMethodTestDescriptor.lambda$prepare$0(TestMethodTestDescriptor.java:101)
	at org.junit.platform.engine.support.hierarchical.ThrowableCollector.execute(ThrowableCollector.java:73)
	at org.junit.jupiter.engine.descriptor.TestMethodTestDescriptor.prepare(TestMethodTestDescriptor.java:100)
	at org.junit.jupiter.engine.descriptor.TestMethodTestDescriptor.prepare(TestMethodTestDescriptor.java:65)
	at org.junit.platform.engine.support.hierarchical.NodeTestTask.lambda$prepare$1(NodeTestTask.java:111)
	at org.junit.platform.engine.support.hierarchical.ThrowableCollector.execute(ThrowableCollector.java:73)
	at org.junit.platform.engine.support.hierarchical.NodeTestTask.prepare(NodeTestTask.java:111)
	at org.junit.platform.engine.support.hierarchical.NodeTestTask.execute(NodeTestTask.java:79)
	at java.base/java.util.ArrayList.forEach(ArrayList.java:1541)
	at org.junit.platform.engine.support.hierarchical.SameThreadHierarchicalTestExecutorService.invokeAll(SameThreadHierarchicalTestExecutorService.java:38)
	at org.junit.platform.engine.support.hierarchical.NodeTestTask.lambda$executeRecursively$5(NodeTestTask.java:143)
	at org.junit.platform.engine.support.hierarchical.ThrowableCollector.execute(ThrowableCollector.java:73)
	at org.junit.platform.engine.support.hierarchical.NodeTestTask.lambda$executeRecursively$7(NodeTestTask.java:129)
	at org.junit.platform.engine.support.hierarchical.Node.around(Node.java:137)
	at org.junit.platform.engine.support.hierarchical.NodeTestTask.lambda$executeRecursively$8(NodeTestTask.java:127)
	at org.junit.platform.engine.support.hierarchical.ThrowableCollector.execute(ThrowableCollector.java:73)
	at org.junit.platform.engine.support.hierarchical.NodeTestTask.executeRecursively(NodeTestTask.java:126)
	at org.junit.platform.engine.support.hierarchical.NodeTestTask.execute(NodeTestTask.java:84)
	at java.base/java.util.ArrayList.forEach(ArrayList.java:1541)
	at org.junit.platform.engine.support.hierarchical.SameThreadHierarchicalTestExecutorService.invokeAll(SameThreadHierarchicalTestExecutorService.java:38)
	at org.junit.platform.engine.support.hierarchical.NodeTestTask.lambda$executeRecursively$5(NodeTestTask.java:143)
	at org.junit.platform.engine.support.hierarchical.ThrowableCollector.execute(ThrowableCollector.java:73)
	at org.junit.platform.engine.support.hierarchical.NodeTestTask.lambda$executeRecursively$7(NodeTestTask.java:129)
	at org.junit.platform.engine.support.hierarchical.Node.around(Node.java:137)
	at org.junit.platform.engine.support.hierarchical.NodeTestTask.lambda$executeRecursively$8(NodeTestTask.java:127)
	at org.junit.platform.engine.support.hierarchical.ThrowableCollector.execute(ThrowableCollector.java:73)
	at org.junit.platform.engine.support.hierarchical.NodeTestTask.executeRecursively(NodeTestTask.java:126)
	at org.junit.platform.engine.support.hierarchical.NodeTestTask.execute(NodeTestTask.java:84)
	at org.junit.platform.engine.support.hierarchical.SameThreadHierarchicalTestExecutorService.submit(SameThreadHierarchicalTestExecutorService.java:32)
	at org.junit.platform.engine.support.hierarchical.HierarchicalTestExecutor.execute(HierarchicalTestExecutor.java:57)
	at org.junit.platform.engine.support.hierarchical.HierarchicalTestEngine.execute(HierarchicalTestEngine.java:51)
	at org.junit.platform.launcher.core.DefaultLauncher.execute(DefaultLauncher.java:220)
	at org.junit.platform.launcher.core.DefaultLauncher.lambda$execute$6(DefaultLauncher.java:188)
	at org.junit.platform.launcher.core.DefaultLauncher.withInterceptedStreams(DefaultLauncher.java:202)
	at org.junit.platform.launcher.core.DefaultLauncher.execute(DefaultLauncher.java:181)
	at org.junit.platform.launcher.core.DefaultLauncher.execute(DefaultLauncher.java:128)
	at org.apache.maven.surefire.junitplatform.JUnitPlatformProvider.invokeAllTests(JUnitPlatformProvider.java:150)
	at org.apache.maven.surefire.junitplatform.JUnitPlatformProvider.invoke(JUnitPlatformProvider.java:124)
	at org.apache.maven.surefire.booter.ForkedBooter.invokeProviderInSameClassLoader(ForkedBooter.java:384)
	at org.apache.maven.surefire.booter.ForkedBooter.runSuitesInProcess(ForkedBooter.java:345)
	at org.apache.maven.surefire.booter.ForkedBooter.execute(ForkedBooter.java:126)
	at org.apache.maven.surefire.booter.ForkedBooter.main(ForkedBooter.java:418)
Caused by: org.springframework.beans.factory.BeanCreationException: Error creating bean with name 'liquibase' defined in class path resource [org/springframework/boot/autoconfigure/liquibase/LiquibaseAutoConfiguration$LiquibaseConfiguration.class]: Invocation of init method failed; nested exception is liquibase.exception.LiquibaseException: liquibase.exception.CommandExecutionException: liquibase.exception.LiquibaseException: liquibase.exception.MigrationFailedException: Migration failed for changeset db/changelog/changes/01-create-tasks-table.xml::1::firstspringbootmariadbuser:
     Reason: liquibase.exception.DatabaseException: (conn=1376) Table 'tasks' already exists [Failed SQL: (1050) CREATE TABLE firstspringboot.tasks (id BIGINT AUTO_INCREMENT NOT NULL, task VARCHAR(255) NOT NULL, CONSTRAINT PK_TASKS PRIMARY KEY (id))]
	at org.springframework.beans.factory.support.AbstractAutowireCapableBeanFactory.initializeBean(AbstractAutowireCapableBeanFactory.java:1788)
	at org.springframework.beans.factory.support.AbstractAutowireCapableBeanFactory.doCreateBean(AbstractAutowireCapableBeanFactory.java:609)
	at org.springframework.beans.factory.support.AbstractAutowireCapableBeanFactory.createBean(AbstractAutowireCapableBeanFactory.java:531)
	at org.springframework.beans.factory.support.AbstractBeanFactory.lambda$doGetBean$0(AbstractBeanFactory.java:335)
	at org.springframework.beans.factory.support.DefaultSingletonBeanRegistry.getSingleton(DefaultSingletonBeanRegistry.java:234)
	at org.springframework.beans.factory.support.AbstractBeanFactory.doGetBean(AbstractBeanFactory.java:333)
	at org.springframework.beans.factory.support.AbstractBeanFactory.getBean(AbstractBeanFactory.java:208)
	at org.springframework.beans.factory.support.AbstractBeanFactory.doGetBean(AbstractBeanFactory.java:322)
	at org.springframework.beans.factory.support.AbstractBeanFactory.getBean(AbstractBeanFactory.java:208)
	at org.springframework.context.support.AbstractApplicationContext.getBean(AbstractApplicationContext.java:1159)
	at org.springframework.context.support.AbstractApplicationContext.finishBeanFactoryInitialization(AbstractApplicationContext.java:913)
	at org.springframework.context.support.AbstractApplicationContext.refresh(AbstractApplicationContext.java:588)
	at org.springframework.boot.SpringApplication.refresh(SpringApplication.java:767)
	at org.springframework.boot.SpringApplication.refresh(SpringApplication.java:759)
	at org.springframework.boot.SpringApplication.refreshContext(SpringApplication.java:426)
	at org.springframework.boot.SpringApplication.run(SpringApplication.java:326)
	at org.springframework.boot.test.context.SpringBootContextLoader.loadContext(SpringBootContextLoader.java:122)
	at org.springframework.test.context.cache.DefaultCacheAwareContextLoaderDelegate.loadContextInternal(DefaultCacheAwareContextLoaderDelegate.java:99)
	at org.springframework.test.context.cache.DefaultCacheAwareContextLoaderDelegate.loadContext(DefaultCacheAwareContextLoaderDelegate.java:124)
	... 67 common frames omitted
Caused by: liquibase.exception.LiquibaseException: liquibase.exception.CommandExecutionException: liquibase.exception.LiquibaseException: liquibase.exception.MigrationFailedException: Migration failed for changeset db/changelog/changes/01-create-tasks-table.xml::1::firstspringbootmariadbuser:
     Reason: liquibase.exception.DatabaseException: (conn=1376) Table 'tasks' already exists [Failed SQL: (1050) CREATE TABLE firstspringboot.tasks (id BIGINT AUTO_INCREMENT NOT NULL, task VARCHAR(255) NOT NULL, CONSTRAINT PK_TASKS PRIMARY KEY (id))]
	at liquibase.integration.spring.SpringLiquibase.afterPropertiesSet(SpringLiquibase.java:288)
	at org.springframework.beans.factory.support.AbstractAutowireCapableBeanFactory.invokeInitMethods(AbstractAutowireCapableBeanFactory.java:1847)
	at org.springframework.beans.factory.support.AbstractAutowireCapableBeanFactory.initializeBean(AbstractAutowireCapableBeanFactory.java:1784)
	... 85 common frames omitted
Caused by: liquibase.exception.CommandExecutionException: liquibase.exception.LiquibaseException: liquibase.exception.MigrationFailedException: Migration failed for changeset db/changelog/changes/01-create-tasks-table.xml::1::firstspringbootmariadbuser:
     Reason: liquibase.exception.DatabaseException: (conn=1376) Table 'tasks' already exists [Failed SQL: (1050) CREATE TABLE firstspringboot.tasks (id BIGINT AUTO_INCREMENT NOT NULL, task VARCHAR(255) NOT NULL, CONSTRAINT PK_TASKS PRIMARY KEY (id))]
	at liquibase.command.CommandScope.lambda$execute$6(CommandScope.java:300)
	at liquibase.Scope.child(Scope.java:210)
	at liquibase.Scope.child(Scope.java:186)
	at liquibase.command.CommandScope.execute(CommandScope.java:241)
	at liquibase.Liquibase.lambda$update$0(Liquibase.java:216)
	at liquibase.Scope.lambda$child$0(Scope.java:201)
	at liquibase.Scope.child(Scope.java:210)
	at liquibase.Scope.child(Scope.java:200)
	at liquibase.Scope.child(Scope.java:179)
	at liquibase.Liquibase.runInScope(Liquibase.java:1333)
	at liquibase.Liquibase.update(Liquibase.java:205)
	at liquibase.Liquibase.update(Liquibase.java:188)
	at liquibase.integration.spring.SpringLiquibase.performUpdate(SpringLiquibase.java:326)
	at liquibase.integration.spring.SpringLiquibase.lambda$afterPropertiesSet$0(SpringLiquibase.java:278)
	at liquibase.Scope.lambda$child$0(Scope.java:201)
	at liquibase.Scope.child(Scope.java:210)
	at liquibase.Scope.child(Scope.java:200)
	at liquibase.Scope.child(Scope.java:179)
	at liquibase.integration.spring.SpringLiquibase.afterPropertiesSet(SpringLiquibase.java:271)
	... 87 common frames omitted
Caused by: liquibase.exception.LiquibaseException: liquibase.exception.MigrationFailedException: Migration failed for changeset db/changelog/changes/01-create-tasks-table.xml::1::firstspringbootmariadbuser:
     Reason: liquibase.exception.DatabaseException: (conn=1376) Table 'tasks' already exists [Failed SQL: (1050) CREATE TABLE firstspringboot.tasks (id BIGINT AUTO_INCREMENT NOT NULL, task VARCHAR(255) NOT NULL, CONSTRAINT PK_TASKS PRIMARY KEY (id))]
	at liquibase.changelog.ChangeLogIterator.run(ChangeLogIterator.java:155)
	at liquibase.command.core.AbstractUpdateCommandStep.lambda$run$0(AbstractUpdateCommandStep.java:114)
	at liquibase.Scope.lambda$child$0(Scope.java:201)
	at liquibase.Scope.child(Scope.java:210)
	at liquibase.Scope.child(Scope.java:200)
	at liquibase.Scope.child(Scope.java:179)
	at liquibase.command.core.AbstractUpdateCommandStep.run(AbstractUpdateCommandStep.java:112)
	at liquibase.command.core.UpdateCommandStep.run(UpdateCommandStep.java:100)
	at liquibase.command.CommandScope.lambda$execute$6(CommandScope.java:253)
	... 105 common frames omitted
Caused by: liquibase.exception.MigrationFailedException: Migration failed for changeset db/changelog/changes/01-create-tasks-table.xml::1::firstspringbootmariadbuser:
     Reason: liquibase.exception.DatabaseException: (conn=1376) Table 'tasks' already exists [Failed SQL: (1050) CREATE TABLE firstspringboot.tasks (id BIGINT AUTO_INCREMENT NOT NULL, task VARCHAR(255) NOT NULL, CONSTRAINT PK_TASKS PRIMARY KEY (id))]
	at liquibase.changelog.ChangeSet.execute(ChangeSet.java:840)
	at liquibase.changelog.visitor.UpdateVisitor.executeAcceptedChange(UpdateVisitor.java:126)
	at liquibase.changelog.visitor.UpdateVisitor.visit(UpdateVisitor.java:70)
	at liquibase.changelog.ChangeLogIterator.lambda$run$0(ChangeLogIterator.java:133)
	at liquibase.Scope.lambda$child$0(Scope.java:201)
	at liquibase.Scope.child(Scope.java:210)
	at liquibase.Scope.child(Scope.java:200)
	at liquibase.Scope.child(Scope.java:179)
	at liquibase.changelog.ChangeLogIterator.lambda$run$1(ChangeLogIterator.java:122)
	at liquibase.Scope.lambda$child$0(Scope.java:201)
	at liquibase.Scope.child(Scope.java:210)
	at liquibase.Scope.child(Scope.java:200)
	at liquibase.Scope.child(Scope.java:179)
	at liquibase.Scope.child(Scope.java:267)
	at liquibase.Scope.child(Scope.java:271)
	at liquibase.changelog.ChangeLogIterator.run(ChangeLogIterator.java:91)
	... 113 common frames omitted
Caused by: liquibase.exception.DatabaseException: (conn=1376) Table 'tasks' already exists [Failed SQL: (1050) CREATE TABLE firstspringboot.tasks (id BIGINT AUTO_INCREMENT NOT NULL, task VARCHAR(255) NOT NULL, CONSTRAINT PK_TASKS PRIMARY KEY (id))]
	at liquibase.executor.jvm.JdbcExecutor$ExecuteStatementCallback.doInStatement(JdbcExecutor.java:497)
	at liquibase.executor.jvm.JdbcExecutor.execute(JdbcExecutor.java:83)
	at liquibase.executor.jvm.JdbcExecutor.execute(JdbcExecutor.java:185)
	at liquibase.executor.AbstractExecutor.execute(AbstractExecutor.java:141)
	at liquibase.database.AbstractJdbcDatabase.executeStatements(AbstractJdbcDatabase.java:1189)
	at liquibase.changelog.ChangeSet.execute(ChangeSet.java:790)
	... 128 common frames omitted
Caused by: java.sql.SQLSyntaxErrorException: (conn=1376) Table 'tasks' already exists
	at org.mariadb.jdbc.internal.util.exceptions.ExceptionFactory.createException(ExceptionFactory.java:62)
	at org.mariadb.jdbc.internal.util.exceptions.ExceptionFactory.create(ExceptionFactory.java:153)
	at org.mariadb.jdbc.MariaDbStatement.executeExceptionEpilogue(MariaDbStatement.java:274)
	at org.mariadb.jdbc.MariaDbStatement.executeInternal(MariaDbStatement.java:363)
	at org.mariadb.jdbc.MariaDbStatement.execute(MariaDbStatement.java:501)
	at com.zaxxer.hikari.pool.ProxyStatement.execute(ProxyStatement.java:95)
	at com.zaxxer.hikari.pool.HikariProxyStatement.execute(HikariProxyStatement.java)
	at liquibase.executor.jvm.JdbcExecutor$ExecuteStatementCallback.doInStatement(JdbcExecutor.java:491)
	... 133 common frames omitted
Caused by: org.mariadb.jdbc.internal.util.exceptions.MariaDbSqlException: Table 'tasks' already exists
	at org.mariadb.jdbc.internal.util.exceptions.MariaDbSqlException.of(MariaDbSqlException.java:34)
	at org.mariadb.jdbc.internal.protocol.AbstractQueryProtocol.exceptionWithQuery(AbstractQueryProtocol.java:194)
	at org.mariadb.jdbc.internal.protocol.AbstractQueryProtocol.executeQuery(AbstractQueryProtocol.java:262)
	at org.mariadb.jdbc.MariaDbStatement.executeInternal(MariaDbStatement.java:357)
	... 137 common frames omitted
Caused by: java.sql.SQLException: Table 'tasks' already exists
	at org.mariadb.jdbc.internal.protocol.AbstractQueryProtocol.readErrorPacket(AbstractQueryProtocol.java:1688)
	at org.mariadb.jdbc.internal.protocol.AbstractQueryProtocol.readPacket(AbstractQueryProtocol.java:1550)
	at org.mariadb.jdbc.internal.protocol.AbstractQueryProtocol.getResult(AbstractQueryProtocol.java:1513)
	at org.mariadb.jdbc.internal.protocol.AbstractQueryProtocol.executeQuery(AbstractQueryProtocol.java:256)
	... 138 common frames omitted
2026-08-17 11:16:04.415 [main] INFO  c.v.f.EndToEndIntegrationTest - Starting EndToEndIntegrationTest using Java 11.0.32 on lenovo-legion-16iah7h-PF3XJ8SP with PID 183149 (started by ayin in /home/ayin/projs/firstspringboot)
2026-08-17 11:16:04.415 [main] INFO  c.v.f.EndToEndIntegrationTest - No active profile set, falling back to default profiles: default
2026-08-17 11:16:04.527 [main] INFO  o.s.d.r.c.RepositoryConfigurationDelegate - Bootstrapping Spring Data JPA repositories in DEFAULT mode.
2026-08-17 11:16:04.533 [main] INFO  o.s.d.r.c.RepositoryConfigurationDelegate - Finished Spring Data repository scanning in 5 ms. Found 2 JPA repository interfaces.
2026-08-17 11:16:04.581 [main] INFO  o.s.c.s.PostProcessorRegistrationDelegate$BeanPostProcessorChecker - Bean 'org.springframework.security.access.expression.method.DefaultMethodSecurityExpressionHandler@4ee41c66' of type [org.springframework.security.access.expression.method.DefaultMethodSecurityExpressionHandler] is not eligible for getting processed by all BeanPostProcessors (for example: not eligible for auto-proxying)
2026-08-17 11:16:04.585 [main] INFO  o.s.c.s.PostProcessorRegistrationDelegate$BeanPostProcessorChecker - Bean 'methodSecurityMetadataSource' of type [org.springframework.security.access.method.DelegatingMethodSecurityMetadataSource] is not eligible for getting processed by all BeanPostProcessors (for example: not eligible for auto-proxying)
2026-08-17 11:16:04.614 [main] INFO  com.zaxxer.hikari.HikariDataSource - HikariPool-3 - Starting...
2026-08-17 11:16:04.615 [main] INFO  com.zaxxer.hikari.HikariDataSource - HikariPool-3 - Start completed.
2026-08-17 11:16:04.640 [main] INFO  liquibase.changelog - Reading from firstspringboot.DATABASECHANGELOG
2026-08-17 11:16:04.658 [main] INFO  liquibase.lockservice - Successfully acquired change log lock
2026-08-17 11:16:04.659 [main] INFO  liquibase.command - Using deploymentId: 6940162109
2026-08-17 11:16:04.659 [main] INFO  liquibase.changelog - Reading from firstspringboot.DATABASECHANGELOG
2026-08-17 11:16:04.662 [main] INFO  liquibase.ui - Running Changeset: db/changelog/changes/01-create-tasks-table.xml::1::firstspringbootmariadbuser
2026-08-17 11:16:04.664 [main] ERROR liquibase.changelog - ChangeSet db/changelog/changes/01-create-tasks-table.xml::1::firstspringbootmariadbuser encountered an exception.
liquibase.exception.DatabaseException: (conn=1377) Table 'tasks' already exists [Failed SQL: (1050) CREATE TABLE firstspringboot.tasks (id BIGINT AUTO_INCREMENT NOT NULL, task VARCHAR(255) NOT NULL, CONSTRAINT PK_TASKS PRIMARY KEY (id))]
	at liquibase.executor.jvm.JdbcExecutor$ExecuteStatementCallback.doInStatement(JdbcExecutor.java:497)
	at liquibase.executor.jvm.JdbcExecutor.execute(JdbcExecutor.java:83)
	at liquibase.executor.jvm.JdbcExecutor.execute(JdbcExecutor.java:185)
	at liquibase.executor.AbstractExecutor.execute(AbstractExecutor.java:141)
	at liquibase.database.AbstractJdbcDatabase.executeStatements(AbstractJdbcDatabase.java:1189)
	at liquibase.changelog.ChangeSet.execute(ChangeSet.java:790)
	at liquibase.changelog.visitor.UpdateVisitor.executeAcceptedChange(UpdateVisitor.java:126)
	at liquibase.changelog.visitor.UpdateVisitor.visit(UpdateVisitor.java:70)
	at liquibase.changelog.ChangeLogIterator.lambda$run$0(ChangeLogIterator.java:133)
	at liquibase.Scope.lambda$child$0(Scope.java:201)
	at liquibase.Scope.child(Scope.java:210)
	at liquibase.Scope.child(Scope.java:200)
	at liquibase.Scope.child(Scope.java:179)
	at liquibase.changelog.ChangeLogIterator.lambda$run$1(ChangeLogIterator.java:122)
	at liquibase.Scope.lambda$child$0(Scope.java:201)
	at liquibase.Scope.child(Scope.java:210)
	at liquibase.Scope.child(Scope.java:200)
	at liquibase.Scope.child(Scope.java:179)
	at liquibase.Scope.child(Scope.java:267)
	at liquibase.Scope.child(Scope.java:271)
	at liquibase.changelog.ChangeLogIterator.run(ChangeLogIterator.java:91)
	at liquibase.command.core.AbstractUpdateCommandStep.lambda$run$0(AbstractUpdateCommandStep.java:114)
	at liquibase.Scope.lambda$child$0(Scope.java:201)
	at liquibase.Scope.child(Scope.java:210)
	at liquibase.Scope.child(Scope.java:200)
	at liquibase.Scope.child(Scope.java:179)
	at liquibase.command.core.AbstractUpdateCommandStep.run(AbstractUpdateCommandStep.java:112)
	at liquibase.command.core.UpdateCommandStep.run(UpdateCommandStep.java:100)
	at liquibase.command.CommandScope.lambda$execute$6(CommandScope.java:253)
	at liquibase.Scope.child(Scope.java:210)
	at liquibase.Scope.child(Scope.java:186)
	at liquibase.command.CommandScope.execute(CommandScope.java:241)
	at liquibase.Liquibase.lambda$update$0(Liquibase.java:216)
	at liquibase.Scope.lambda$child$0(Scope.java:201)
	at liquibase.Scope.child(Scope.java:210)
	at liquibase.Scope.child(Scope.java:200)
	at liquibase.Scope.child(Scope.java:179)
	at liquibase.Liquibase.runInScope(Liquibase.java:1333)
	at liquibase.Liquibase.update(Liquibase.java:205)
	at liquibase.Liquibase.update(Liquibase.java:188)
	at liquibase.integration.spring.SpringLiquibase.performUpdate(SpringLiquibase.java:326)
	at liquibase.integration.spring.SpringLiquibase.lambda$afterPropertiesSet$0(SpringLiquibase.java:278)
	at liquibase.Scope.lambda$child$0(Scope.java:201)
	at liquibase.Scope.child(Scope.java:210)
	at liquibase.Scope.child(Scope.java:200)
	at liquibase.Scope.child(Scope.java:179)
	at liquibase.integration.spring.SpringLiquibase.afterPropertiesSet(SpringLiquibase.java:271)
	at org.springframework.beans.factory.support.AbstractAutowireCapableBeanFactory.invokeInitMethods(AbstractAutowireCapableBeanFactory.java:1847)
	at org.springframework.beans.factory.support.AbstractAutowireCapableBeanFactory.initializeBean(AbstractAutowireCapableBeanFactory.java:1784)
	at org.springframework.beans.factory.support.AbstractAutowireCapableBeanFactory.doCreateBean(AbstractAutowireCapableBeanFactory.java:609)
	at org.springframework.beans.factory.support.AbstractAutowireCapableBeanFactory.createBean(AbstractAutowireCapableBeanFactory.java:531)
	at org.springframework.beans.factory.support.AbstractBeanFactory.lambda$doGetBean$0(AbstractBeanFactory.java:335)
	at org.springframework.beans.factory.support.DefaultSingletonBeanRegistry.getSingleton(DefaultSingletonBeanRegistry.java:234)
	at org.springframework.beans.factory.support.AbstractBeanFactory.doGetBean(AbstractBeanFactory.java:333)
	at org.springframework.beans.factory.support.AbstractBeanFactory.getBean(AbstractBeanFactory.java:208)
	at org.springframework.beans.factory.support.AbstractBeanFactory.doGetBean(AbstractBeanFactory.java:322)
	at org.springframework.beans.factory.support.AbstractBeanFactory.getBean(AbstractBeanFactory.java:208)
	at org.springframework.context.support.AbstractApplicationContext.getBean(AbstractApplicationContext.java:1159)
	at org.springframework.context.support.AbstractApplicationContext.finishBeanFactoryInitialization(AbstractApplicationContext.java:913)
	at org.springframework.context.support.AbstractApplicationContext.refresh(AbstractApplicationContext.java:588)
	at org.springframework.boot.SpringApplication.refresh(SpringApplication.java:767)
	at org.springframework.boot.SpringApplication.refresh(SpringApplication.java:759)
	at org.springframework.boot.SpringApplication.refreshContext(SpringApplication.java:426)
	at org.springframework.boot.SpringApplication.run(SpringApplication.java:326)
	at org.springframework.boot.test.context.SpringBootContextLoader.loadContext(SpringBootContextLoader.java:122)
	at org.springframework.test.context.cache.DefaultCacheAwareContextLoaderDelegate.loadContextInternal(DefaultCacheAwareContextLoaderDelegate.java:99)
	at org.springframework.test.context.cache.DefaultCacheAwareContextLoaderDelegate.loadContext(DefaultCacheAwareContextLoaderDelegate.java:124)
	at org.springframework.test.context.support.DefaultTestContext.getApplicationContext(DefaultTestContext.java:123)
	at org.springframework.test.context.web.ServletTestExecutionListener.setUpRequestContextIfNecessary(ServletTestExecutionListener.java:190)
	at org.springframework.test.context.web.ServletTestExecutionListener.prepareTestInstance(ServletTestExecutionListener.java:132)
	at org.springframework.test.context.TestContextManager.prepareTestInstance(TestContextManager.java:244)
	at org.springframework.test.context.junit.jupiter.SpringExtension.postProcessTestInstance(SpringExtension.java:137)
	at org.junit.jupiter.engine.descriptor.ClassBasedTestDescriptor.lambda$invokeTestInstancePostProcessors$6(ClassBasedTestDescriptor.java:350)
	at org.junit.jupiter.engine.descriptor.ClassBasedTestDescriptor.executeAndMaskThrowable(ClassBasedTestDescriptor.java:355)
	at org.junit.jupiter.engine.descriptor.ClassBasedTestDescriptor.lambda$invokeTestInstancePostProcessors$7(ClassBasedTestDescriptor.java:350)
	at java.base/java.util.stream.ReferencePipeline$3$1.accept(ReferencePipeline.java:195)
	at java.base/java.util.stream.ReferencePipeline$2$1.accept(ReferencePipeline.java:177)
	at java.base/java.util.ArrayList$ArrayListSpliterator.forEachRemaining(ArrayList.java:1655)
	at java.base/java.util.stream.AbstractPipeline.copyInto(AbstractPipeline.java:484)
	at java.base/java.util.stream.AbstractPipeline.wrapAndCopyInto(AbstractPipeline.java:474)
	at java.base/java.util.stream.StreamSpliterators$WrappingSpliterator.forEachRemaining(StreamSpliterators.java:312)
	at java.base/java.util.stream.Streams$ConcatSpliterator.forEachRemaining(Streams.java:735)
	at java.base/java.util.stream.Streams$ConcatSpliterator.forEachRemaining(Streams.java:734)
	at java.base/java.util.stream.ReferencePipeline$Head.forEach(ReferencePipeline.java:658)
	at org.junit.jupiter.engine.descriptor.ClassBasedTestDescriptor.invokeTestInstancePostProcessors(ClassBasedTestDescriptor.java:349)
	at org.junit.jupiter.engine.descriptor.ClassBasedTestDescriptor.lambda$instantiateAndPostProcessTestInstance$4(ClassBasedTestDescriptor.java:270)
	at org.junit.platform.engine.support.hierarchical.ThrowableCollector.execute(ThrowableCollector.java:73)
	at org.junit.jupiter.engine.descriptor.ClassBasedTestDescriptor.instantiateAndPostProcessTestInstance(ClassBasedTestDescriptor.java:269)
	at org.junit.jupiter.engine.descriptor.ClassBasedTestDescriptor.lambda$testInstancesProvider$2(ClassBasedTestDescriptor.java:259)
	at java.base/java.util.Optional.orElseGet(Optional.java:369)
	at org.junit.jupiter.engine.descriptor.ClassBasedTestDescriptor.lambda$testInstancesProvider$3(ClassBasedTestDescriptor.java:258)
	at org.junit.jupiter.engine.execution.TestInstancesProvider.getTestInstances(TestInstancesProvider.java:31)
	at org.junit.jupiter.engine.descriptor.TestMethodTestDescriptor.lambda$prepare$0(TestMethodTestDescriptor.java:101)
	at org.junit.platform.engine.support.hierarchical.ThrowableCollector.execute(ThrowableCollector.java:73)
	at org.junit.jupiter.engine.descriptor.TestMethodTestDescriptor.prepare(TestMethodTestDescriptor.java:100)
	at org.junit.jupiter.engine.descriptor.TestMethodTestDescriptor.prepare(TestMethodTestDescriptor.java:65)
	at org.junit.platform.engine.support.hierarchical.NodeTestTask.lambda$prepare$1(NodeTestTask.java:111)
	at org.junit.platform.engine.support.hierarchical.ThrowableCollector.execute(ThrowableCollector.java:73)
	at org.junit.platform.engine.support.hierarchical.NodeTestTask.prepare(NodeTestTask.java:111)
	at org.junit.platform.engine.support.hierarchical.NodeTestTask.execute(NodeTestTask.java:79)
	at java.base/java.util.ArrayList.forEach(ArrayList.java:1541)
	at org.junit.platform.engine.support.hierarchical.SameThreadHierarchicalTestExecutorService.invokeAll(SameThreadHierarchicalTestExecutorService.java:38)
	at org.junit.platform.engine.support.hierarchical.NodeTestTask.lambda$executeRecursively$5(NodeTestTask.java:143)
	at org.junit.platform.engine.support.hierarchical.ThrowableCollector.execute(ThrowableCollector.java:73)
	at org.junit.platform.engine.support.hierarchical.NodeTestTask.lambda$executeRecursively$7(NodeTestTask.java:129)
	at org.junit.platform.engine.support.hierarchical.Node.around(Node.java:137)
	at org.junit.platform.engine.support.hierarchical.NodeTestTask.lambda$executeRecursively$8(NodeTestTask.java:127)
	at org.junit.platform.engine.support.hierarchical.ThrowableCollector.execute(ThrowableCollector.java:73)
	at org.junit.platform.engine.support.hierarchical.NodeTestTask.executeRecursively(NodeTestTask.java:126)
	at org.junit.platform.engine.support.hierarchical.NodeTestTask.execute(NodeTestTask.java:84)
	at java.base/java.util.ArrayList.forEach(ArrayList.java:1541)
	at org.junit.platform.engine.support.hierarchical.SameThreadHierarchicalTestExecutorService.invokeAll(SameThreadHierarchicalTestExecutorService.java:38)
	at org.junit.platform.engine.support.hierarchical.NodeTestTask.lambda$executeRecursively$5(NodeTestTask.java:143)
	at org.junit.platform.engine.support.hierarchical.ThrowableCollector.execute(ThrowableCollector.java:73)
	at org.junit.platform.engine.support.hierarchical.NodeTestTask.lambda$executeRecursively$7(NodeTestTask.java:129)
	at org.junit.platform.engine.support.hierarchical.Node.around(Node.java:137)
	at org.junit.platform.engine.support.hierarchical.NodeTestTask.lambda$executeRecursively$8(NodeTestTask.java:127)
	at org.junit.platform.engine.support.hierarchical.ThrowableCollector.execute(ThrowableCollector.java:73)
	at org.junit.platform.engine.support.hierarchical.NodeTestTask.executeRecursively(NodeTestTask.java:126)
	at org.junit.platform.engine.support.hierarchical.NodeTestTask.execute(NodeTestTask.java:84)
	at org.junit.platform.engine.support.hierarchical.SameThreadHierarchicalTestExecutorService.submit(SameThreadHierarchicalTestExecutorService.java:32)
	at org.junit.platform.engine.support.hierarchical.HierarchicalTestExecutor.execute(HierarchicalTestExecutor.java:57)
	at org.junit.platform.engine.support.hierarchical.HierarchicalTestEngine.execute(HierarchicalTestEngine.java:51)
	at org.junit.platform.launcher.core.DefaultLauncher.execute(DefaultLauncher.java:220)
	at org.junit.platform.launcher.core.DefaultLauncher.lambda$execute$6(DefaultLauncher.java:188)
	at org.junit.platform.launcher.core.DefaultLauncher.withInterceptedStreams(DefaultLauncher.java:202)
	at org.junit.platform.launcher.core.DefaultLauncher.execute(DefaultLauncher.java:181)
	at org.junit.platform.launcher.core.DefaultLauncher.execute(DefaultLauncher.java:128)
	at org.apache.maven.surefire.junitplatform.JUnitPlatformProvider.invokeAllTests(JUnitPlatformProvider.java:150)
	at org.apache.maven.surefire.junitplatform.JUnitPlatformProvider.invoke(JUnitPlatformProvider.java:124)
	at org.apache.maven.surefire.booter.ForkedBooter.invokeProviderInSameClassLoader(ForkedBooter.java:384)
	at org.apache.maven.surefire.booter.ForkedBooter.runSuitesInProcess(ForkedBooter.java:345)
	at org.apache.maven.surefire.booter.ForkedBooter.execute(ForkedBooter.java:126)
	at org.apache.maven.surefire.booter.ForkedBooter.main(ForkedBooter.java:418)
Caused by: java.sql.SQLSyntaxErrorException: (conn=1377) Table 'tasks' already exists
	at org.mariadb.jdbc.internal.util.exceptions.ExceptionFactory.createException(ExceptionFactory.java:62)
	at org.mariadb.jdbc.internal.util.exceptions.ExceptionFactory.create(ExceptionFactory.java:153)
	at org.mariadb.jdbc.MariaDbStatement.executeExceptionEpilogue(MariaDbStatement.java:274)
	at org.mariadb.jdbc.MariaDbStatement.executeInternal(MariaDbStatement.java:363)
	at org.mariadb.jdbc.MariaDbStatement.execute(MariaDbStatement.java:501)
	at com.zaxxer.hikari.pool.ProxyStatement.execute(ProxyStatement.java:95)
	at com.zaxxer.hikari.pool.HikariProxyStatement.execute(HikariProxyStatement.java)
	at liquibase.executor.jvm.JdbcExecutor$ExecuteStatementCallback.doInStatement(JdbcExecutor.java:491)
	... 133 common frames omitted
Caused by: org.mariadb.jdbc.internal.util.exceptions.MariaDbSqlException: Table 'tasks' already exists
	at org.mariadb.jdbc.internal.util.exceptions.MariaDbSqlException.of(MariaDbSqlException.java:34)
	at org.mariadb.jdbc.internal.protocol.AbstractQueryProtocol.exceptionWithQuery(AbstractQueryProtocol.java:194)
	at org.mariadb.jdbc.internal.protocol.AbstractQueryProtocol.executeQuery(AbstractQueryProtocol.java:262)
	at org.mariadb.jdbc.MariaDbStatement.executeInternal(MariaDbStatement.java:357)
	... 137 common frames omitted
Caused by: java.sql.SQLException: Table 'tasks' already exists
	at org.mariadb.jdbc.internal.protocol.AbstractQueryProtocol.readErrorPacket(AbstractQueryProtocol.java:1688)
	at org.mariadb.jdbc.internal.protocol.AbstractQueryProtocol.readPacket(AbstractQueryProtocol.java:1550)
	at org.mariadb.jdbc.internal.protocol.AbstractQueryProtocol.getResult(AbstractQueryProtocol.java:1513)
	at org.mariadb.jdbc.internal.protocol.AbstractQueryProtocol.executeQuery(AbstractQueryProtocol.java:256)
	... 138 common frames omitted
2026-08-17 11:16:04.664 [main] INFO  liquibase.util - UPDATE SUMMARY
2026-08-17 11:16:04.664 [main] INFO  liquibase.util - Run:                          0
2026-08-17 11:16:04.664 [main] INFO  liquibase.util - Previously run:               0
2026-08-17 11:16:04.664 [main] INFO  liquibase.util - Filtered out:                 0
2026-08-17 11:16:04.664 [main] INFO  liquibase.util - -------------------------------
2026-08-17 11:16:04.664 [main] INFO  liquibase.util - Total change sets:            2
2026-08-17 11:16:04.665 [main] INFO  liquibase.util - Update summary generated
2026-08-17 11:16:04.665 [main] INFO  liquibase.command - Update command encountered an exception.
2026-08-17 11:16:04.672 [main] INFO  liquibase.lockservice - Successfully released change log lock
2026-08-17 11:16:04.673 [main] INFO  liquibase.command - Logging exception.
2026-08-17 11:16:04.673 [main] INFO  liquibase.ui - ERROR: Exception Details
2026-08-17 11:16:04.673 [main] INFO  liquibase.ui - ERROR: Exception Primary Class:  SQLException
2026-08-17 11:16:04.673 [main] INFO  liquibase.ui - ERROR: Exception Primary Reason:  Table 'tasks' already exists
2026-08-17 11:16:04.673 [main] INFO  liquibase.ui - ERROR: Exception Primary Source:  MariaDB 11.8.8-MariaDB
2026-08-17 11:16:04.673 [main] INFO  liquibase.command - Command execution complete
2026-08-17 11:16:04.674 [main] WARN  o.s.w.c.s.GenericWebApplicationContext - Exception encountered during context initialization - cancelling refresh attempt: org.springframework.beans.factory.BeanCreationException: Error creating bean with name 'liquibase' defined in class path resource [org/springframework/boot/autoconfigure/liquibase/LiquibaseAutoConfiguration$LiquibaseConfiguration.class]: Invocation of init method failed; nested exception is liquibase.exception.LiquibaseException: liquibase.exception.CommandExecutionException: liquibase.exception.LiquibaseException: liquibase.exception.MigrationFailedException: Migration failed for changeset db/changelog/changes/01-create-tasks-table.xml::1::firstspringbootmariadbuser:
     Reason: liquibase.exception.DatabaseException: (conn=1377) Table 'tasks' already exists [Failed SQL: (1050) CREATE TABLE firstspringboot.tasks (id BIGINT AUTO_INCREMENT NOT NULL, task VARCHAR(255) NOT NULL, CONSTRAINT PK_TASKS PRIMARY KEY (id))]
2026-08-17 11:16:04.674 [main] INFO  com.zaxxer.hikari.HikariDataSource - HikariPool-3 - Shutdown initiated...
2026-08-17 11:16:04.675 [main] INFO  com.zaxxer.hikari.HikariDataSource - HikariPool-3 - Shutdown completed.
2026-08-17 11:16:04.679 [main] INFO  o.s.b.a.l.ConditionEvaluationReportLoggingListener - 

Error starting ApplicationContext. To display the conditions report re-run your application with 'debug' enabled.
2026-08-17 11:16:04.680 [main] ERROR o.s.boot.SpringApplication - Application run failed
org.springframework.beans.factory.BeanCreationException: Error creating bean with name 'liquibase' defined in class path resource [org/springframework/boot/autoconfigure/liquibase/LiquibaseAutoConfiguration$LiquibaseConfiguration.class]: Invocation of init method failed; nested exception is liquibase.exception.LiquibaseException: liquibase.exception.CommandExecutionException: liquibase.exception.LiquibaseException: liquibase.exception.MigrationFailedException: Migration failed for changeset db/changelog/changes/01-create-tasks-table.xml::1::firstspringbootmariadbuser:
     Reason: liquibase.exception.DatabaseException: (conn=1377) Table 'tasks' already exists [Failed SQL: (1050) CREATE TABLE firstspringboot.tasks (id BIGINT AUTO_INCREMENT NOT NULL, task VARCHAR(255) NOT NULL, CONSTRAINT PK_TASKS PRIMARY KEY (id))]
	at org.springframework.beans.factory.support.AbstractAutowireCapableBeanFactory.initializeBean(AbstractAutowireCapableBeanFactory.java:1788)
	at org.springframework.beans.factory.support.AbstractAutowireCapableBeanFactory.doCreateBean(AbstractAutowireCapableBeanFactory.java:609)
	at org.springframework.beans.factory.support.AbstractAutowireCapableBeanFactory.createBean(AbstractAutowireCapableBeanFactory.java:531)
	at org.springframework.beans.factory.support.AbstractBeanFactory.lambda$doGetBean$0(AbstractBeanFactory.java:335)
	at org.springframework.beans.factory.support.DefaultSingletonBeanRegistry.getSingleton(DefaultSingletonBeanRegistry.java:234)
	at org.springframework.beans.factory.support.AbstractBeanFactory.doGetBean(AbstractBeanFactory.java:333)
	at org.springframework.beans.factory.support.AbstractBeanFactory.getBean(AbstractBeanFactory.java:208)
	at org.springframework.beans.factory.support.AbstractBeanFactory.doGetBean(AbstractBeanFactory.java:322)
	at org.springframework.beans.factory.support.AbstractBeanFactory.getBean(AbstractBeanFactory.java:208)
	at org.springframework.context.support.AbstractApplicationContext.getBean(AbstractApplicationContext.java:1159)
	at org.springframework.context.support.AbstractApplicationContext.finishBeanFactoryInitialization(AbstractApplicationContext.java:913)
	at org.springframework.context.support.AbstractApplicationContext.refresh(AbstractApplicationContext.java:588)
	at org.springframework.boot.SpringApplication.refresh(SpringApplication.java:767)
	at org.springframework.boot.SpringApplication.refresh(SpringApplication.java:759)
	at org.springframework.boot.SpringApplication.refreshContext(SpringApplication.java:426)
	at org.springframework.boot.SpringApplication.run(SpringApplication.java:326)
	at org.springframework.boot.test.context.SpringBootContextLoader.loadContext(SpringBootContextLoader.java:122)
	at org.springframework.test.context.cache.DefaultCacheAwareContextLoaderDelegate.loadContextInternal(DefaultCacheAwareContextLoaderDelegate.java:99)
	at org.springframework.test.context.cache.DefaultCacheAwareContextLoaderDelegate.loadContext(DefaultCacheAwareContextLoaderDelegate.java:124)
	at org.springframework.test.context.support.DefaultTestContext.getApplicationContext(DefaultTestContext.java:123)
	at org.springframework.test.context.web.ServletTestExecutionListener.setUpRequestContextIfNecessary(ServletTestExecutionListener.java:190)
	at org.springframework.test.context.web.ServletTestExecutionListener.prepareTestInstance(ServletTestExecutionListener.java:132)
	at org.springframework.test.context.TestContextManager.prepareTestInstance(TestContextManager.java:244)
	at org.springframework.test.context.junit.jupiter.SpringExtension.postProcessTestInstance(SpringExtension.java:137)
	at org.junit.jupiter.engine.descriptor.ClassBasedTestDescriptor.lambda$invokeTestInstancePostProcessors$6(ClassBasedTestDescriptor.java:350)
	at org.junit.jupiter.engine.descriptor.ClassBasedTestDescriptor.executeAndMaskThrowable(ClassBasedTestDescriptor.java:355)
	at org.junit.jupiter.engine.descriptor.ClassBasedTestDescriptor.lambda$invokeTestInstancePostProcessors$7(ClassBasedTestDescriptor.java:350)
	at java.base/java.util.stream.ReferencePipeline$3$1.accept(ReferencePipeline.java:195)
	at java.base/java.util.stream.ReferencePipeline$2$1.accept(ReferencePipeline.java:177)
	at java.base/java.util.ArrayList$ArrayListSpliterator.forEachRemaining(ArrayList.java:1655)
	at java.base/java.util.stream.AbstractPipeline.copyInto(AbstractPipeline.java:484)
	at java.base/java.util.stream.AbstractPipeline.wrapAndCopyInto(AbstractPipeline.java:474)
	at java.base/java.util.stream.StreamSpliterators$WrappingSpliterator.forEachRemaining(StreamSpliterators.java:312)
	at java.base/java.util.stream.Streams$ConcatSpliterator.forEachRemaining(Streams.java:735)
	at java.base/java.util.stream.Streams$ConcatSpliterator.forEachRemaining(Streams.java:734)
	at java.base/java.util.stream.ReferencePipeline$Head.forEach(ReferencePipeline.java:658)
	at org.junit.jupiter.engine.descriptor.ClassBasedTestDescriptor.invokeTestInstancePostProcessors(ClassBasedTestDescriptor.java:349)
	at org.junit.jupiter.engine.descriptor.ClassBasedTestDescriptor.lambda$instantiateAndPostProcessTestInstance$4(ClassBasedTestDescriptor.java:270)
	at org.junit.platform.engine.support.hierarchical.ThrowableCollector.execute(ThrowableCollector.java:73)
	at org.junit.jupiter.engine.descriptor.ClassBasedTestDescriptor.instantiateAndPostProcessTestInstance(ClassBasedTestDescriptor.java:269)
	at org.junit.jupiter.engine.descriptor.ClassBasedTestDescriptor.lambda$testInstancesProvider$2(ClassBasedTestDescriptor.java:259)
	at java.base/java.util.Optional.orElseGet(Optional.java:369)
	at org.junit.jupiter.engine.descriptor.ClassBasedTestDescriptor.lambda$testInstancesProvider$3(ClassBasedTestDescriptor.java:258)
	at org.junit.jupiter.engine.execution.TestInstancesProvider.getTestInstances(TestInstancesProvider.java:31)
	at org.junit.jupiter.engine.descriptor.TestMethodTestDescriptor.lambda$prepare$0(TestMethodTestDescriptor.java:101)
	at org.junit.platform.engine.support.hierarchical.ThrowableCollector.execute(ThrowableCollector.java:73)
	at org.junit.jupiter.engine.descriptor.TestMethodTestDescriptor.prepare(TestMethodTestDescriptor.java:100)
	at org.junit.jupiter.engine.descriptor.TestMethodTestDescriptor.prepare(TestMethodTestDescriptor.java:65)
	at org.junit.platform.engine.support.hierarchical.NodeTestTask.lambda$prepare$1(NodeTestTask.java:111)
	at org.junit.platform.engine.support.hierarchical.ThrowableCollector.execute(ThrowableCollector.java:73)
	at org.junit.platform.engine.support.hierarchical.NodeTestTask.prepare(NodeTestTask.java:111)
	at org.junit.platform.engine.support.hierarchical.NodeTestTask.execute(NodeTestTask.java:79)
	at java.base/java.util.ArrayList.forEach(ArrayList.java:1541)
	at org.junit.platform.engine.support.hierarchical.SameThreadHierarchicalTestExecutorService.invokeAll(SameThreadHierarchicalTestExecutorService.java:38)
	at org.junit.platform.engine.support.hierarchical.NodeTestTask.lambda$executeRecursively$5(NodeTestTask.java:143)
	at org.junit.platform.engine.support.hierarchical.ThrowableCollector.execute(ThrowableCollector.java:73)
	at org.junit.platform.engine.support.hierarchical.NodeTestTask.lambda$executeRecursively$7(NodeTestTask.java:129)
	at org.junit.platform.engine.support.hierarchical.Node.around(Node.java:137)
	at org.junit.platform.engine.support.hierarchical.NodeTestTask.lambda$executeRecursively$8(NodeTestTask.java:127)
	at org.junit.platform.engine.support.hierarchical.ThrowableCollector.execute(ThrowableCollector.java:73)
	at org.junit.platform.engine.support.hierarchical.NodeTestTask.executeRecursively(NodeTestTask.java:126)
	at org.junit.platform.engine.support.hierarchical.NodeTestTask.execute(NodeTestTask.java:84)
	at java.base/java.util.ArrayList.forEach(ArrayList.java:1541)
	at org.junit.platform.engine.support.hierarchical.SameThreadHierarchicalTestExecutorService.invokeAll(SameThreadHierarchicalTestExecutorService.java:38)
	at org.junit.platform.engine.support.hierarchical.NodeTestTask.lambda$executeRecursively$5(NodeTestTask.java:143)
	at org.junit.platform.engine.support.hierarchical.ThrowableCollector.execute(ThrowableCollector.java:73)
	at org.junit.platform.engine.support.hierarchical.NodeTestTask.lambda$executeRecursively$7(NodeTestTask.java:129)
	at org.junit.platform.engine.support.hierarchical.Node.around(Node.java:137)
	at org.junit.platform.engine.support.hierarchical.NodeTestTask.lambda$executeRecursively$8(NodeTestTask.java:127)
	at org.junit.platform.engine.support.hierarchical.ThrowableCollector.execute(ThrowableCollector.java:73)
	at org.junit.platform.engine.support.hierarchical.NodeTestTask.executeRecursively(NodeTestTask.java:126)
	at org.junit.platform.engine.support.hierarchical.NodeTestTask.execute(NodeTestTask.java:84)
	at org.junit.platform.engine.support.hierarchical.SameThreadHierarchicalTestExecutorService.submit(SameThreadHierarchicalTestExecutorService.java:32)
	at org.junit.platform.engine.support.hierarchical.HierarchicalTestExecutor.execute(HierarchicalTestExecutor.java:57)
	at org.junit.platform.engine.support.hierarchical.HierarchicalTestEngine.execute(HierarchicalTestEngine.java:51)
	at org.junit.platform.launcher.core.DefaultLauncher.execute(DefaultLauncher.java:220)
	at org.junit.platform.launcher.core.DefaultLauncher.lambda$execute$6(DefaultLauncher.java:188)
	at org.junit.platform.launcher.core.DefaultLauncher.withInterceptedStreams(DefaultLauncher.java:202)
	at org.junit.platform.launcher.core.DefaultLauncher.execute(DefaultLauncher.java:181)
	at org.junit.platform.launcher.core.DefaultLauncher.execute(DefaultLauncher.java:128)
	at org.apache.maven.surefire.junitplatform.JUnitPlatformProvider.invokeAllTests(JUnitPlatformProvider.java:150)
	at org.apache.maven.surefire.junitplatform.JUnitPlatformProvider.invoke(JUnitPlatformProvider.java:124)
	at org.apache.maven.surefire.booter.ForkedBooter.invokeProviderInSameClassLoader(ForkedBooter.java:384)
	at org.apache.maven.surefire.booter.ForkedBooter.runSuitesInProcess(ForkedBooter.java:345)
	at org.apache.maven.surefire.booter.ForkedBooter.execute(ForkedBooter.java:126)
	at org.apache.maven.surefire.booter.ForkedBooter.main(ForkedBooter.java:418)
Caused by: liquibase.exception.LiquibaseException: liquibase.exception.CommandExecutionException: liquibase.exception.LiquibaseException: liquibase.exception.MigrationFailedException: Migration failed for changeset db/changelog/changes/01-create-tasks-table.xml::1::firstspringbootmariadbuser:
     Reason: liquibase.exception.DatabaseException: (conn=1377) Table 'tasks' already exists [Failed SQL: (1050) CREATE TABLE firstspringboot.tasks (id BIGINT AUTO_INCREMENT NOT NULL, task VARCHAR(255) NOT NULL, CONSTRAINT PK_TASKS PRIMARY KEY (id))]
	at liquibase.integration.spring.SpringLiquibase.afterPropertiesSet(SpringLiquibase.java:288)
	at org.springframework.beans.factory.support.AbstractAutowireCapableBeanFactory.invokeInitMethods(AbstractAutowireCapableBeanFactory.java:1847)
	at org.springframework.beans.factory.support.AbstractAutowireCapableBeanFactory.initializeBean(AbstractAutowireCapableBeanFactory.java:1784)
	... 85 common frames omitted
Caused by: liquibase.exception.CommandExecutionException: liquibase.exception.LiquibaseException: liquibase.exception.MigrationFailedException: Migration failed for changeset db/changelog/changes/01-create-tasks-table.xml::1::firstspringbootmariadbuser:
     Reason: liquibase.exception.DatabaseException: (conn=1377) Table 'tasks' already exists [Failed SQL: (1050) CREATE TABLE firstspringboot.tasks (id BIGINT AUTO_INCREMENT NOT NULL, task VARCHAR(255) NOT NULL, CONSTRAINT PK_TASKS PRIMARY KEY (id))]
	at liquibase.command.CommandScope.lambda$execute$6(CommandScope.java:300)
	at liquibase.Scope.child(Scope.java:210)
	at liquibase.Scope.child(Scope.java:186)
	at liquibase.command.CommandScope.execute(CommandScope.java:241)
	at liquibase.Liquibase.lambda$update$0(Liquibase.java:216)
	at liquibase.Scope.lambda$child$0(Scope.java:201)
	at liquibase.Scope.child(Scope.java:210)
	at liquibase.Scope.child(Scope.java:200)
	at liquibase.Scope.child(Scope.java:179)
	at liquibase.Liquibase.runInScope(Liquibase.java:1333)
	at liquibase.Liquibase.update(Liquibase.java:205)
	at liquibase.Liquibase.update(Liquibase.java:188)
	at liquibase.integration.spring.SpringLiquibase.performUpdate(SpringLiquibase.java:326)
	at liquibase.integration.spring.SpringLiquibase.lambda$afterPropertiesSet$0(SpringLiquibase.java:278)
	at liquibase.Scope.lambda$child$0(Scope.java:201)
	at liquibase.Scope.child(Scope.java:210)
	at liquibase.Scope.child(Scope.java:200)
	at liquibase.Scope.child(Scope.java:179)
	at liquibase.integration.spring.SpringLiquibase.afterPropertiesSet(SpringLiquibase.java:271)
	... 87 common frames omitted
Caused by: liquibase.exception.LiquibaseException: liquibase.exception.MigrationFailedException: Migration failed for changeset db/changelog/changes/01-create-tasks-table.xml::1::firstspringbootmariadbuser:
     Reason: liquibase.exception.DatabaseException: (conn=1377) Table 'tasks' already exists [Failed SQL: (1050) CREATE TABLE firstspringboot.tasks (id BIGINT AUTO_INCREMENT NOT NULL, task VARCHAR(255) NOT NULL, CONSTRAINT PK_TASKS PRIMARY KEY (id))]
	at liquibase.changelog.ChangeLogIterator.run(ChangeLogIterator.java:155)
	at liquibase.command.core.AbstractUpdateCommandStep.lambda$run$0(AbstractUpdateCommandStep.java:114)
	at liquibase.Scope.lambda$child$0(Scope.java:201)
	at liquibase.Scope.child(Scope.java:210)
	at liquibase.Scope.child(Scope.java:200)
	at liquibase.Scope.child(Scope.java:179)
	at liquibase.command.core.AbstractUpdateCommandStep.run(AbstractUpdateCommandStep.java:112)
	at liquibase.command.core.UpdateCommandStep.run(UpdateCommandStep.java:100)
	at liquibase.command.CommandScope.lambda$execute$6(CommandScope.java:253)
	... 105 common frames omitted
Caused by: liquibase.exception.MigrationFailedException: Migration failed for changeset db/changelog/changes/01-create-tasks-table.xml::1::firstspringbootmariadbuser:
     Reason: liquibase.exception.DatabaseException: (conn=1377) Table 'tasks' already exists [Failed SQL: (1050) CREATE TABLE firstspringboot.tasks (id BIGINT AUTO_INCREMENT NOT NULL, task VARCHAR(255) NOT NULL, CONSTRAINT PK_TASKS PRIMARY KEY (id))]
	at liquibase.changelog.ChangeSet.execute(ChangeSet.java:840)
	at liquibase.changelog.visitor.UpdateVisitor.executeAcceptedChange(UpdateVisitor.java:126)
	at liquibase.changelog.visitor.UpdateVisitor.visit(UpdateVisitor.java:70)
	at liquibase.changelog.ChangeLogIterator.lambda$run$0(ChangeLogIterator.java:133)
	at liquibase.Scope.lambda$child$0(Scope.java:201)
	at liquibase.Scope.child(Scope.java:210)
	at liquibase.Scope.child(Scope.java:200)
	at liquibase.Scope.child(Scope.java:179)
	at liquibase.changelog.ChangeLogIterator.lambda$run$1(ChangeLogIterator.java:122)
	at liquibase.Scope.lambda$child$0(Scope.java:201)
	at liquibase.Scope.child(Scope.java:210)
	at liquibase.Scope.child(Scope.java:200)
	at liquibase.Scope.child(Scope.java:179)
	at liquibase.Scope.child(Scope.java:267)
	at liquibase.Scope.child(Scope.java:271)
	at liquibase.changelog.ChangeLogIterator.run(ChangeLogIterator.java:91)
	... 113 common frames omitted
Caused by: liquibase.exception.DatabaseException: (conn=1377) Table 'tasks' already exists [Failed SQL: (1050) CREATE TABLE firstspringboot.tasks (id BIGINT AUTO_INCREMENT NOT NULL, task VARCHAR(255) NOT NULL, CONSTRAINT PK_TASKS PRIMARY KEY (id))]
	at liquibase.executor.jvm.JdbcExecutor$ExecuteStatementCallback.doInStatement(JdbcExecutor.java:497)
	at liquibase.executor.jvm.JdbcExecutor.execute(JdbcExecutor.java:83)
	at liquibase.executor.jvm.JdbcExecutor.execute(JdbcExecutor.java:185)
	at liquibase.executor.AbstractExecutor.execute(AbstractExecutor.java:141)
	at liquibase.database.AbstractJdbcDatabase.executeStatements(AbstractJdbcDatabase.java:1189)
	at liquibase.changelog.ChangeSet.execute(ChangeSet.java:790)
	... 128 common frames omitted
Caused by: java.sql.SQLSyntaxErrorException: (conn=1377) Table 'tasks' already exists
	at org.mariadb.jdbc.internal.util.exceptions.ExceptionFactory.createException(ExceptionFactory.java:62)
	at org.mariadb.jdbc.internal.util.exceptions.ExceptionFactory.create(ExceptionFactory.java:153)
	at org.mariadb.jdbc.MariaDbStatement.executeExceptionEpilogue(MariaDbStatement.java:274)
	at org.mariadb.jdbc.MariaDbStatement.executeInternal(MariaDbStatement.java:363)
	at org.mariadb.jdbc.MariaDbStatement.execute(MariaDbStatement.java:501)
	at com.zaxxer.hikari.pool.ProxyStatement.execute(ProxyStatement.java:95)
	at com.zaxxer.hikari.pool.HikariProxyStatement.execute(HikariProxyStatement.java)
	at liquibase.executor.jvm.JdbcExecutor$ExecuteStatementCallback.doInStatement(JdbcExecutor.java:491)
	... 133 common frames omitted
Caused by: org.mariadb.jdbc.internal.util.exceptions.MariaDbSqlException: Table 'tasks' already exists
	at org.mariadb.jdbc.internal.util.exceptions.MariaDbSqlException.of(MariaDbSqlException.java:34)
	at org.mariadb.jdbc.internal.protocol.AbstractQueryProtocol.exceptionWithQuery(AbstractQueryProtocol.java:194)
	at org.mariadb.jdbc.internal.protocol.AbstractQueryProtocol.executeQuery(AbstractQueryProtocol.java:262)
	at org.mariadb.jdbc.MariaDbStatement.executeInternal(MariaDbStatement.java:357)
	... 137 common frames omitted
Caused by: java.sql.SQLException: Table 'tasks' already exists
	at org.mariadb.jdbc.internal.protocol.AbstractQueryProtocol.readErrorPacket(AbstractQueryProtocol.java:1688)
	at org.mariadb.jdbc.internal.protocol.AbstractQueryProtocol.readPacket(AbstractQueryProtocol.java:1550)
	at org.mariadb.jdbc.internal.protocol.AbstractQueryProtocol.getResult(AbstractQueryProtocol.java:1513)
	at org.mariadb.jdbc.internal.protocol.AbstractQueryProtocol.executeQuery(AbstractQueryProtocol.java:256)
	... 138 common frames omitted
2026-08-17 11:16:04.681 [main] ERROR o.s.test.context.TestContextManager - Caught exception while allowing TestExecutionListener [org.springframework.test.context.web.ServletTestExecutionListener@403b7be3] to prepare test instance [com.viettelsoftware.firstspringboot.EndToEndIntegrationTest@6903ef57]
java.lang.IllegalStateException: Failed to load ApplicationContext
	at org.springframework.test.context.cache.DefaultCacheAwareContextLoaderDelegate.loadContext(DefaultCacheAwareContextLoaderDelegate.java:132)
	at org.springframework.test.context.support.DefaultTestContext.getApplicationContext(DefaultTestContext.java:123)
	at org.springframework.test.context.web.ServletTestExecutionListener.setUpRequestContextIfNecessary(ServletTestExecutionListener.java:190)
	at org.springframework.test.context.web.ServletTestExecutionListener.prepareTestInstance(ServletTestExecutionListener.java:132)
	at org.springframework.test.context.TestContextManager.prepareTestInstance(TestContextManager.java:244)
	at org.springframework.test.context.junit.jupiter.SpringExtension.postProcessTestInstance(SpringExtension.java:137)
	at org.junit.jupiter.engine.descriptor.ClassBasedTestDescriptor.lambda$invokeTestInstancePostProcessors$6(ClassBasedTestDescriptor.java:350)
	at org.junit.jupiter.engine.descriptor.ClassBasedTestDescriptor.executeAndMaskThrowable(ClassBasedTestDescriptor.java:355)
	at org.junit.jupiter.engine.descriptor.ClassBasedTestDescriptor.lambda$invokeTestInstancePostProcessors$7(ClassBasedTestDescriptor.java:350)
	at java.base/java.util.stream.ReferencePipeline$3$1.accept(ReferencePipeline.java:195)
	at java.base/java.util.stream.ReferencePipeline$2$1.accept(ReferencePipeline.java:177)
	at java.base/java.util.ArrayList$ArrayListSpliterator.forEachRemaining(ArrayList.java:1655)
	at java.base/java.util.stream.AbstractPipeline.copyInto(AbstractPipeline.java:484)
	at java.base/java.util.stream.AbstractPipeline.wrapAndCopyInto(AbstractPipeline.java:474)
	at java.base/java.util.stream.StreamSpliterators$WrappingSpliterator.forEachRemaining(StreamSpliterators.java:312)
	at java.base/java.util.stream.Streams$ConcatSpliterator.forEachRemaining(Streams.java:735)
	at java.base/java.util.stream.Streams$ConcatSpliterator.forEachRemaining(Streams.java:734)
	at java.base/java.util.stream.ReferencePipeline$Head.forEach(ReferencePipeline.java:658)
	at org.junit.jupiter.engine.descriptor.ClassBasedTestDescriptor.invokeTestInstancePostProcessors(ClassBasedTestDescriptor.java:349)
	at org.junit.jupiter.engine.descriptor.ClassBasedTestDescriptor.lambda$instantiateAndPostProcessTestInstance$4(ClassBasedTestDescriptor.java:270)
	at org.junit.platform.engine.support.hierarchical.ThrowableCollector.execute(ThrowableCollector.java:73)
	at org.junit.jupiter.engine.descriptor.ClassBasedTestDescriptor.instantiateAndPostProcessTestInstance(ClassBasedTestDescriptor.java:269)
	at org.junit.jupiter.engine.descriptor.ClassBasedTestDescriptor.lambda$testInstancesProvider$2(ClassBasedTestDescriptor.java:259)
	at java.base/java.util.Optional.orElseGet(Optional.java:369)
	at org.junit.jupiter.engine.descriptor.ClassBasedTestDescriptor.lambda$testInstancesProvider$3(ClassBasedTestDescriptor.java:258)
	at org.junit.jupiter.engine.execution.TestInstancesProvider.getTestInstances(TestInstancesProvider.java:31)
	at org.junit.jupiter.engine.descriptor.TestMethodTestDescriptor.lambda$prepare$0(TestMethodTestDescriptor.java:101)
	at org.junit.platform.engine.support.hierarchical.ThrowableCollector.execute(ThrowableCollector.java:73)
	at org.junit.jupiter.engine.descriptor.TestMethodTestDescriptor.prepare(TestMethodTestDescriptor.java:100)
	at org.junit.jupiter.engine.descriptor.TestMethodTestDescriptor.prepare(TestMethodTestDescriptor.java:65)
	at org.junit.platform.engine.support.hierarchical.NodeTestTask.lambda$prepare$1(NodeTestTask.java:111)
	at org.junit.platform.engine.support.hierarchical.ThrowableCollector.execute(ThrowableCollector.java:73)
	at org.junit.platform.engine.support.hierarchical.NodeTestTask.prepare(NodeTestTask.java:111)
	at org.junit.platform.engine.support.hierarchical.NodeTestTask.execute(NodeTestTask.java:79)
	at java.base/java.util.ArrayList.forEach(ArrayList.java:1541)
	at org.junit.platform.engine.support.hierarchical.SameThreadHierarchicalTestExecutorService.invokeAll(SameThreadHierarchicalTestExecutorService.java:38)
	at org.junit.platform.engine.support.hierarchical.NodeTestTask.lambda$executeRecursively$5(NodeTestTask.java:143)
	at org.junit.platform.engine.support.hierarchical.ThrowableCollector.execute(ThrowableCollector.java:73)
	at org.junit.platform.engine.support.hierarchical.NodeTestTask.lambda$executeRecursively$7(NodeTestTask.java:129)
	at org.junit.platform.engine.support.hierarchical.Node.around(Node.java:137)
	at org.junit.platform.engine.support.hierarchical.NodeTestTask.lambda$executeRecursively$8(NodeTestTask.java:127)
	at org.junit.platform.engine.support.hierarchical.ThrowableCollector.execute(ThrowableCollector.java:73)
	at org.junit.platform.engine.support.hierarchical.NodeTestTask.executeRecursively(NodeTestTask.java:126)
	at org.junit.platform.engine.support.hierarchical.NodeTestTask.execute(NodeTestTask.java:84)
	at java.base/java.util.ArrayList.forEach(ArrayList.java:1541)
	at org.junit.platform.engine.support.hierarchical.SameThreadHierarchicalTestExecutorService.invokeAll(SameThreadHierarchicalTestExecutorService.java:38)
	at org.junit.platform.engine.support.hierarchical.NodeTestTask.lambda$executeRecursively$5(NodeTestTask.java:143)
	at org.junit.platform.engine.support.hierarchical.ThrowableCollector.execute(ThrowableCollector.java:73)
	at org.junit.platform.engine.support.hierarchical.NodeTestTask.lambda$executeRecursively$7(NodeTestTask.java:129)
	at org.junit.platform.engine.support.hierarchical.Node.around(Node.java:137)
	at org.junit.platform.engine.support.hierarchical.NodeTestTask.lambda$executeRecursively$8(NodeTestTask.java:127)
	at org.junit.platform.engine.support.hierarchical.ThrowableCollector.execute(ThrowableCollector.java:73)
	at org.junit.platform.engine.support.hierarchical.NodeTestTask.executeRecursively(NodeTestTask.java:126)
	at org.junit.platform.engine.support.hierarchical.NodeTestTask.execute(NodeTestTask.java:84)
	at org.junit.platform.engine.support.hierarchical.SameThreadHierarchicalTestExecutorService.submit(SameThreadHierarchicalTestExecutorService.java:32)
	at org.junit.platform.engine.support.hierarchical.HierarchicalTestExecutor.execute(HierarchicalTestExecutor.java:57)
	at org.junit.platform.engine.support.hierarchical.HierarchicalTestEngine.execute(HierarchicalTestEngine.java:51)
	at org.junit.platform.launcher.core.DefaultLauncher.execute(DefaultLauncher.java:220)
	at org.junit.platform.launcher.core.DefaultLauncher.lambda$execute$6(DefaultLauncher.java:188)
	at org.junit.platform.launcher.core.DefaultLauncher.withInterceptedStreams(DefaultLauncher.java:202)
	at org.junit.platform.launcher.core.DefaultLauncher.execute(DefaultLauncher.java:181)
	at org.junit.platform.launcher.core.DefaultLauncher.execute(DefaultLauncher.java:128)
	at org.apache.maven.surefire.junitplatform.JUnitPlatformProvider.invokeAllTests(JUnitPlatformProvider.java:150)
	at org.apache.maven.surefire.junitplatform.JUnitPlatformProvider.invoke(JUnitPlatformProvider.java:124)
	at org.apache.maven.surefire.booter.ForkedBooter.invokeProviderInSameClassLoader(ForkedBooter.java:384)
	at org.apache.maven.surefire.booter.ForkedBooter.runSuitesInProcess(ForkedBooter.java:345)
	at org.apache.maven.surefire.booter.ForkedBooter.execute(ForkedBooter.java:126)
	at org.apache.maven.surefire.booter.ForkedBooter.main(ForkedBooter.java:418)
Caused by: org.springframework.beans.factory.BeanCreationException: Error creating bean with name 'liquibase' defined in class path resource [org/springframework/boot/autoconfigure/liquibase/LiquibaseAutoConfiguration$LiquibaseConfiguration.class]: Invocation of init method failed; nested exception is liquibase.exception.LiquibaseException: liquibase.exception.CommandExecutionException: liquibase.exception.LiquibaseException: liquibase.exception.MigrationFailedException: Migration failed for changeset db/changelog/changes/01-create-tasks-table.xml::1::firstspringbootmariadbuser:
     Reason: liquibase.exception.DatabaseException: (conn=1377) Table 'tasks' already exists [Failed SQL: (1050) CREATE TABLE firstspringboot.tasks (id BIGINT AUTO_INCREMENT NOT NULL, task VARCHAR(255) NOT NULL, CONSTRAINT PK_TASKS PRIMARY KEY (id))]
	at org.springframework.beans.factory.support.AbstractAutowireCapableBeanFactory.initializeBean(AbstractAutowireCapableBeanFactory.java:1788)
	at org.springframework.beans.factory.support.AbstractAutowireCapableBeanFactory.doCreateBean(AbstractAutowireCapableBeanFactory.java:609)
	at org.springframework.beans.factory.support.AbstractAutowireCapableBeanFactory.createBean(AbstractAutowireCapableBeanFactory.java:531)
	at org.springframework.beans.factory.support.AbstractBeanFactory.lambda$doGetBean$0(AbstractBeanFactory.java:335)
	at org.springframework.beans.factory.support.DefaultSingletonBeanRegistry.getSingleton(DefaultSingletonBeanRegistry.java:234)
	at org.springframework.beans.factory.support.AbstractBeanFactory.doGetBean(AbstractBeanFactory.java:333)
	at org.springframework.beans.factory.support.AbstractBeanFactory.getBean(AbstractBeanFactory.java:208)
	at org.springframework.beans.factory.support.AbstractBeanFactory.doGetBean(AbstractBeanFactory.java:322)
	at org.springframework.beans.factory.support.AbstractBeanFactory.getBean(AbstractBeanFactory.java:208)
	at org.springframework.context.support.AbstractApplicationContext.getBean(AbstractApplicationContext.java:1159)
	at org.springframework.context.support.AbstractApplicationContext.finishBeanFactoryInitialization(AbstractApplicationContext.java:913)
	at org.springframework.context.support.AbstractApplicationContext.refresh(AbstractApplicationContext.java:588)
	at org.springframework.boot.SpringApplication.refresh(SpringApplication.java:767)
	at org.springframework.boot.SpringApplication.refresh(SpringApplication.java:759)
	at org.springframework.boot.SpringApplication.refreshContext(SpringApplication.java:426)
	at org.springframework.boot.SpringApplication.run(SpringApplication.java:326)
	at org.springframework.boot.test.context.SpringBootContextLoader.loadContext(SpringBootContextLoader.java:122)
	at org.springframework.test.context.cache.DefaultCacheAwareContextLoaderDelegate.loadContextInternal(DefaultCacheAwareContextLoaderDelegate.java:99)
	at org.springframework.test.context.cache.DefaultCacheAwareContextLoaderDelegate.loadContext(DefaultCacheAwareContextLoaderDelegate.java:124)
	... 67 common frames omitted
Caused by: liquibase.exception.LiquibaseException: liquibase.exception.CommandExecutionException: liquibase.exception.LiquibaseException: liquibase.exception.MigrationFailedException: Migration failed for changeset db/changelog/changes/01-create-tasks-table.xml::1::firstspringbootmariadbuser:
     Reason: liquibase.exception.DatabaseException: (conn=1377) Table 'tasks' already exists [Failed SQL: (1050) CREATE TABLE firstspringboot.tasks (id BIGINT AUTO_INCREMENT NOT NULL, task VARCHAR(255) NOT NULL, CONSTRAINT PK_TASKS PRIMARY KEY (id))]
	at liquibase.integration.spring.SpringLiquibase.afterPropertiesSet(SpringLiquibase.java:288)
	at org.springframework.beans.factory.support.AbstractAutowireCapableBeanFactory.invokeInitMethods(AbstractAutowireCapableBeanFactory.java:1847)
	at org.springframework.beans.factory.support.AbstractAutowireCapableBeanFactory.initializeBean(AbstractAutowireCapableBeanFactory.java:1784)
	... 85 common frames omitted
Caused by: liquibase.exception.CommandExecutionException: liquibase.exception.LiquibaseException: liquibase.exception.MigrationFailedException: Migration failed for changeset db/changelog/changes/01-create-tasks-table.xml::1::firstspringbootmariadbuser:
     Reason: liquibase.exception.DatabaseException: (conn=1377) Table 'tasks' already exists [Failed SQL: (1050) CREATE TABLE firstspringboot.tasks (id BIGINT AUTO_INCREMENT NOT NULL, task VARCHAR(255) NOT NULL, CONSTRAINT PK_TASKS PRIMARY KEY (id))]
	at liquibase.command.CommandScope.lambda$execute$6(CommandScope.java:300)
	at liquibase.Scope.child(Scope.java:210)
	at liquibase.Scope.child(Scope.java:186)
	at liquibase.command.CommandScope.execute(CommandScope.java:241)
	at liquibase.Liquibase.lambda$update$0(Liquibase.java:216)
	at liquibase.Scope.lambda$child$0(Scope.java:201)
	at liquibase.Scope.child(Scope.java:210)
	at liquibase.Scope.child(Scope.java:200)
	at liquibase.Scope.child(Scope.java:179)
	at liquibase.Liquibase.runInScope(Liquibase.java:1333)
	at liquibase.Liquibase.update(Liquibase.java:205)
	at liquibase.Liquibase.update(Liquibase.java:188)
	at liquibase.integration.spring.SpringLiquibase.performUpdate(SpringLiquibase.java:326)
	at liquibase.integration.spring.SpringLiquibase.lambda$afterPropertiesSet$0(SpringLiquibase.java:278)
	at liquibase.Scope.lambda$child$0(Scope.java:201)
	at liquibase.Scope.child(Scope.java:210)
	at liquibase.Scope.child(Scope.java:200)
	at liquibase.Scope.child(Scope.java:179)
	at liquibase.integration.spring.SpringLiquibase.afterPropertiesSet(SpringLiquibase.java:271)
	... 87 common frames omitted
Caused by: liquibase.exception.LiquibaseException: liquibase.exception.MigrationFailedException: Migration failed for changeset db/changelog/changes/01-create-tasks-table.xml::1::firstspringbootmariadbuser:
     Reason: liquibase.exception.DatabaseException: (conn=1377) Table 'tasks' already exists [Failed SQL: (1050) CREATE TABLE firstspringboot.tasks (id BIGINT AUTO_INCREMENT NOT NULL, task VARCHAR(255) NOT NULL, CONSTRAINT PK_TASKS PRIMARY KEY (id))]
	at liquibase.changelog.ChangeLogIterator.run(ChangeLogIterator.java:155)
	at liquibase.command.core.AbstractUpdateCommandStep.lambda$run$0(AbstractUpdateCommandStep.java:114)
	at liquibase.Scope.lambda$child$0(Scope.java:201)
	at liquibase.Scope.child(Scope.java:210)
	at liquibase.Scope.child(Scope.java:200)
	at liquibase.Scope.child(Scope.java:179)
	at liquibase.command.core.AbstractUpdateCommandStep.run(AbstractUpdateCommandStep.java:112)
	at liquibase.command.core.UpdateCommandStep.run(UpdateCommandStep.java:100)
	at liquibase.command.CommandScope.lambda$execute$6(CommandScope.java:253)
	... 105 common frames omitted
Caused by: liquibase.exception.MigrationFailedException: Migration failed for changeset db/changelog/changes/01-create-tasks-table.xml::1::firstspringbootmariadbuser:
     Reason: liquibase.exception.DatabaseException: (conn=1377) Table 'tasks' already exists [Failed SQL: (1050) CREATE TABLE firstspringboot.tasks (id BIGINT AUTO_INCREMENT NOT NULL, task VARCHAR(255) NOT NULL, CONSTRAINT PK_TASKS PRIMARY KEY (id))]
	at liquibase.changelog.ChangeSet.execute(ChangeSet.java:840)
	at liquibase.changelog.visitor.UpdateVisitor.executeAcceptedChange(UpdateVisitor.java:126)
	at liquibase.changelog.visitor.UpdateVisitor.visit(UpdateVisitor.java:70)
	at liquibase.changelog.ChangeLogIterator.lambda$run$0(ChangeLogIterator.java:133)
	at liquibase.Scope.lambda$child$0(Scope.java:201)
	at liquibase.Scope.child(Scope.java:210)
	at liquibase.Scope.child(Scope.java:200)
	at liquibase.Scope.child(Scope.java:179)
	at liquibase.changelog.ChangeLogIterator.lambda$run$1(ChangeLogIterator.java:122)
	at liquibase.Scope.lambda$child$0(Scope.java:201)
	at liquibase.Scope.child(Scope.java:210)
	at liquibase.Scope.child(Scope.java:200)
	at liquibase.Scope.child(Scope.java:179)
	at liquibase.Scope.child(Scope.java:267)
	at liquibase.Scope.child(Scope.java:271)
	at liquibase.changelog.ChangeLogIterator.run(ChangeLogIterator.java:91)
	... 113 common frames omitted
Caused by: liquibase.exception.DatabaseException: (conn=1377) Table 'tasks' already exists [Failed SQL: (1050) CREATE TABLE firstspringboot.tasks (id BIGINT AUTO_INCREMENT NOT NULL, task VARCHAR(255) NOT NULL, CONSTRAINT PK_TASKS PRIMARY KEY (id))]
	at liquibase.executor.jvm.JdbcExecutor$ExecuteStatementCallback.doInStatement(JdbcExecutor.java:497)
	at liquibase.executor.jvm.JdbcExecutor.execute(JdbcExecutor.java:83)
	at liquibase.executor.jvm.JdbcExecutor.execute(JdbcExecutor.java:185)
	at liquibase.executor.AbstractExecutor.execute(AbstractExecutor.java:141)
	at liquibase.database.AbstractJdbcDatabase.executeStatements(AbstractJdbcDatabase.java:1189)
	at liquibase.changelog.ChangeSet.execute(ChangeSet.java:790)
	... 128 common frames omitted
Caused by: java.sql.SQLSyntaxErrorException: (conn=1377) Table 'tasks' already exists
	at org.mariadb.jdbc.internal.util.exceptions.ExceptionFactory.createException(ExceptionFactory.java:62)
	at org.mariadb.jdbc.internal.util.exceptions.ExceptionFactory.create(ExceptionFactory.java:153)
	at org.mariadb.jdbc.MariaDbStatement.executeExceptionEpilogue(MariaDbStatement.java:274)
	at org.mariadb.jdbc.MariaDbStatement.executeInternal(MariaDbStatement.java:363)
	at org.mariadb.jdbc.MariaDbStatement.execute(MariaDbStatement.java:501)
	at com.zaxxer.hikari.pool.ProxyStatement.execute(ProxyStatement.java:95)
	at com.zaxxer.hikari.pool.HikariProxyStatement.execute(HikariProxyStatement.java)
	at liquibase.executor.jvm.JdbcExecutor$ExecuteStatementCallback.doInStatement(JdbcExecutor.java:491)
	... 133 common frames omitted
Caused by: org.mariadb.jdbc.internal.util.exceptions.MariaDbSqlException: Table 'tasks' already exists
	at org.mariadb.jdbc.internal.util.exceptions.MariaDbSqlException.of(MariaDbSqlException.java:34)
	at org.mariadb.jdbc.internal.protocol.AbstractQueryProtocol.exceptionWithQuery(AbstractQueryProtocol.java:194)
	at org.mariadb.jdbc.internal.protocol.AbstractQueryProtocol.executeQuery(AbstractQueryProtocol.java:262)
	at org.mariadb.jdbc.MariaDbStatement.executeInternal(MariaDbStatement.java:357)
	... 137 common frames omitted
Caused by: java.sql.SQLException: Table 'tasks' already exists
	at org.mariadb.jdbc.internal.protocol.AbstractQueryProtocol.readErrorPacket(AbstractQueryProtocol.java:1688)
	at org.mariadb.jdbc.internal.protocol.AbstractQueryProtocol.readPacket(AbstractQueryProtocol.java:1550)
	at org.mariadb.jdbc.internal.protocol.AbstractQueryProtocol.getResult(AbstractQueryProtocol.java:1513)
	at org.mariadb.jdbc.internal.protocol.AbstractQueryProtocol.executeQuery(AbstractQueryProtocol.java:256)
	... 138 common frames omitted
2026-08-17 11:16:04.695 [main] INFO  c.v.f.EndToEndIntegrationTest - Starting EndToEndIntegrationTest using Java 11.0.32 on lenovo-legion-16iah7h-PF3XJ8SP with PID 183149 (started by ayin in /home/ayin/projs/firstspringboot)
2026-08-17 11:16:04.696 [main] INFO  c.v.f.EndToEndIntegrationTest - No active profile set, falling back to default profiles: default
2026-08-17 11:16:04.785 [main] INFO  o.s.d.r.c.RepositoryConfigurationDelegate - Bootstrapping Spring Data JPA repositories in DEFAULT mode.
2026-08-17 11:16:04.791 [main] INFO  o.s.d.r.c.RepositoryConfigurationDelegate - Finished Spring Data repository scanning in 5 ms. Found 2 JPA repository interfaces.
2026-08-17 11:16:04.847 [main] INFO  o.s.c.s.PostProcessorRegistrationDelegate$BeanPostProcessorChecker - Bean 'org.springframework.security.access.expression.method.DefaultMethodSecurityExpressionHandler@36b4cbb8' of type [org.springframework.security.access.expression.method.DefaultMethodSecurityExpressionHandler] is not eligible for getting processed by all BeanPostProcessors (for example: not eligible for auto-proxying)
2026-08-17 11:16:04.850 [main] INFO  o.s.c.s.PostProcessorRegistrationDelegate$BeanPostProcessorChecker - Bean 'methodSecurityMetadataSource' of type [org.springframework.security.access.method.DelegatingMethodSecurityMetadataSource] is not eligible for getting processed by all BeanPostProcessors (for example: not eligible for auto-proxying)
2026-08-17 11:16:04.880 [main] INFO  com.zaxxer.hikari.HikariDataSource - HikariPool-4 - Starting...
2026-08-17 11:16:04.881 [main] INFO  com.zaxxer.hikari.HikariDataSource - HikariPool-4 - Start completed.
2026-08-17 11:16:04.906 [main] INFO  liquibase.changelog - Reading from firstspringboot.DATABASECHANGELOG
2026-08-17 11:16:04.935 [main] INFO  liquibase.lockservice - Successfully acquired change log lock
2026-08-17 11:16:04.935 [main] INFO  liquibase.command - Using deploymentId: 6940162109
2026-08-17 11:16:04.937 [main] INFO  liquibase.changelog - Reading from firstspringboot.DATABASECHANGELOG
2026-08-17 11:16:04.941 [main] INFO  liquibase.ui - Running Changeset: db/changelog/changes/01-create-tasks-table.xml::1::firstspringbootmariadbuser
2026-08-17 11:16:04.943 [main] ERROR liquibase.changelog - ChangeSet db/changelog/changes/01-create-tasks-table.xml::1::firstspringbootmariadbuser encountered an exception.
liquibase.exception.DatabaseException: (conn=1378) Table 'tasks' already exists [Failed SQL: (1050) CREATE TABLE firstspringboot.tasks (id BIGINT AUTO_INCREMENT NOT NULL, task VARCHAR(255) NOT NULL, CONSTRAINT PK_TASKS PRIMARY KEY (id))]
	at liquibase.executor.jvm.JdbcExecutor$ExecuteStatementCallback.doInStatement(JdbcExecutor.java:497)
	at liquibase.executor.jvm.JdbcExecutor.execute(JdbcExecutor.java:83)
	at liquibase.executor.jvm.JdbcExecutor.execute(JdbcExecutor.java:185)
	at liquibase.executor.AbstractExecutor.execute(AbstractExecutor.java:141)
	at liquibase.database.AbstractJdbcDatabase.executeStatements(AbstractJdbcDatabase.java:1189)
	at liquibase.changelog.ChangeSet.execute(ChangeSet.java:790)
	at liquibase.changelog.visitor.UpdateVisitor.executeAcceptedChange(UpdateVisitor.java:126)
	at liquibase.changelog.visitor.UpdateVisitor.visit(UpdateVisitor.java:70)
	at liquibase.changelog.ChangeLogIterator.lambda$run$0(ChangeLogIterator.java:133)
	at liquibase.Scope.lambda$child$0(Scope.java:201)
	at liquibase.Scope.child(Scope.java:210)
	at liquibase.Scope.child(Scope.java:200)
	at liquibase.Scope.child(Scope.java:179)
	at liquibase.changelog.ChangeLogIterator.lambda$run$1(ChangeLogIterator.java:122)
	at liquibase.Scope.lambda$child$0(Scope.java:201)
	at liquibase.Scope.child(Scope.java:210)
	at liquibase.Scope.child(Scope.java:200)
	at liquibase.Scope.child(Scope.java:179)
	at liquibase.Scope.child(Scope.java:267)
	at liquibase.Scope.child(Scope.java:271)
	at liquibase.changelog.ChangeLogIterator.run(ChangeLogIterator.java:91)
	at liquibase.command.core.AbstractUpdateCommandStep.lambda$run$0(AbstractUpdateCommandStep.java:114)
	at liquibase.Scope.lambda$child$0(Scope.java:201)
	at liquibase.Scope.child(Scope.java:210)
	at liquibase.Scope.child(Scope.java:200)
	at liquibase.Scope.child(Scope.java:179)
	at liquibase.command.core.AbstractUpdateCommandStep.run(AbstractUpdateCommandStep.java:112)
	at liquibase.command.core.UpdateCommandStep.run(UpdateCommandStep.java:100)
	at liquibase.command.CommandScope.lambda$execute$6(CommandScope.java:253)
	at liquibase.Scope.child(Scope.java:210)
	at liquibase.Scope.child(Scope.java:186)
	at liquibase.command.CommandScope.execute(CommandScope.java:241)
	at liquibase.Liquibase.lambda$update$0(Liquibase.java:216)
	at liquibase.Scope.lambda$child$0(Scope.java:201)
	at liquibase.Scope.child(Scope.java:210)
	at liquibase.Scope.child(Scope.java:200)
	at liquibase.Scope.child(Scope.java:179)
	at liquibase.Liquibase.runInScope(Liquibase.java:1333)
	at liquibase.Liquibase.update(Liquibase.java:205)
	at liquibase.Liquibase.update(Liquibase.java:188)
	at liquibase.integration.spring.SpringLiquibase.performUpdate(SpringLiquibase.java:326)
	at liquibase.integration.spring.SpringLiquibase.lambda$afterPropertiesSet$0(SpringLiquibase.java:278)
	at liquibase.Scope.lambda$child$0(Scope.java:201)
	at liquibase.Scope.child(Scope.java:210)
	at liquibase.Scope.child(Scope.java:200)
	at liquibase.Scope.child(Scope.java:179)
	at liquibase.integration.spring.SpringLiquibase.afterPropertiesSet(SpringLiquibase.java:271)
	at org.springframework.beans.factory.support.AbstractAutowireCapableBeanFactory.invokeInitMethods(AbstractAutowireCapableBeanFactory.java:1847)
	at org.springframework.beans.factory.support.AbstractAutowireCapableBeanFactory.initializeBean(AbstractAutowireCapableBeanFactory.java:1784)
	at org.springframework.beans.factory.support.AbstractAutowireCapableBeanFactory.doCreateBean(AbstractAutowireCapableBeanFactory.java:609)
	at org.springframework.beans.factory.support.AbstractAutowireCapableBeanFactory.createBean(AbstractAutowireCapableBeanFactory.java:531)
	at org.springframework.beans.factory.support.AbstractBeanFactory.lambda$doGetBean$0(AbstractBeanFactory.java:335)
	at org.springframework.beans.factory.support.DefaultSingletonBeanRegistry.getSingleton(DefaultSingletonBeanRegistry.java:234)
	at org.springframework.beans.factory.support.AbstractBeanFactory.doGetBean(AbstractBeanFactory.java:333)
	at org.springframework.beans.factory.support.AbstractBeanFactory.getBean(AbstractBeanFactory.java:208)
	at org.springframework.beans.factory.support.AbstractBeanFactory.doGetBean(AbstractBeanFactory.java:322)
	at org.springframework.beans.factory.support.AbstractBeanFactory.getBean(AbstractBeanFactory.java:208)
	at org.springframework.context.support.AbstractApplicationContext.getBean(AbstractApplicationContext.java:1159)
	at org.springframework.context.support.AbstractApplicationContext.finishBeanFactoryInitialization(AbstractApplicationContext.java:913)
	at org.springframework.context.support.AbstractApplicationContext.refresh(AbstractApplicationContext.java:588)
	at org.springframework.boot.SpringApplication.refresh(SpringApplication.java:767)
	at org.springframework.boot.SpringApplication.refresh(SpringApplication.java:759)
	at org.springframework.boot.SpringApplication.refreshContext(SpringApplication.java:426)
	at org.springframework.boot.SpringApplication.run(SpringApplication.java:326)
	at org.springframework.boot.test.context.SpringBootContextLoader.loadContext(SpringBootContextLoader.java:122)
	at org.springframework.test.context.cache.DefaultCacheAwareContextLoaderDelegate.loadContextInternal(DefaultCacheAwareContextLoaderDelegate.java:99)
	at org.springframework.test.context.cache.DefaultCacheAwareContextLoaderDelegate.loadContext(DefaultCacheAwareContextLoaderDelegate.java:124)
	at org.springframework.test.context.support.DefaultTestContext.getApplicationContext(DefaultTestContext.java:123)
	at org.springframework.test.context.web.ServletTestExecutionListener.setUpRequestContextIfNecessary(ServletTestExecutionListener.java:190)
	at org.springframework.test.context.web.ServletTestExecutionListener.prepareTestInstance(ServletTestExecutionListener.java:132)
	at org.springframework.test.context.TestContextManager.prepareTestInstance(TestContextManager.java:244)
	at org.springframework.test.context.junit.jupiter.SpringExtension.postProcessTestInstance(SpringExtension.java:137)
	at org.junit.jupiter.engine.descriptor.ClassBasedTestDescriptor.lambda$invokeTestInstancePostProcessors$6(ClassBasedTestDescriptor.java:350)
	at org.junit.jupiter.engine.descriptor.ClassBasedTestDescriptor.executeAndMaskThrowable(ClassBasedTestDescriptor.java:355)
	at org.junit.jupiter.engine.descriptor.ClassBasedTestDescriptor.lambda$invokeTestInstancePostProcessors$7(ClassBasedTestDescriptor.java:350)
	at java.base/java.util.stream.ReferencePipeline$3$1.accept(ReferencePipeline.java:195)
	at java.base/java.util.stream.ReferencePipeline$2$1.accept(ReferencePipeline.java:177)
	at java.base/java.util.ArrayList$ArrayListSpliterator.forEachRemaining(ArrayList.java:1655)
	at java.base/java.util.stream.AbstractPipeline.copyInto(AbstractPipeline.java:484)
	at java.base/java.util.stream.AbstractPipeline.wrapAndCopyInto(AbstractPipeline.java:474)
	at java.base/java.util.stream.StreamSpliterators$WrappingSpliterator.forEachRemaining(StreamSpliterators.java:312)
	at java.base/java.util.stream.Streams$ConcatSpliterator.forEachRemaining(Streams.java:735)
	at java.base/java.util.stream.Streams$ConcatSpliterator.forEachRemaining(Streams.java:734)
	at java.base/java.util.stream.ReferencePipeline$Head.forEach(ReferencePipeline.java:658)
	at org.junit.jupiter.engine.descriptor.ClassBasedTestDescriptor.invokeTestInstancePostProcessors(ClassBasedTestDescriptor.java:349)
	at org.junit.jupiter.engine.descriptor.ClassBasedTestDescriptor.lambda$instantiateAndPostProcessTestInstance$4(ClassBasedTestDescriptor.java:270)
	at org.junit.platform.engine.support.hierarchical.ThrowableCollector.execute(ThrowableCollector.java:73)
	at org.junit.jupiter.engine.descriptor.ClassBasedTestDescriptor.instantiateAndPostProcessTestInstance(ClassBasedTestDescriptor.java:269)
	at org.junit.jupiter.engine.descriptor.ClassBasedTestDescriptor.lambda$testInstancesProvider$2(ClassBasedTestDescriptor.java:259)
	at java.base/java.util.Optional.orElseGet(Optional.java:369)
	at org.junit.jupiter.engine.descriptor.ClassBasedTestDescriptor.lambda$testInstancesProvider$3(ClassBasedTestDescriptor.java:258)
	at org.junit.jupiter.engine.execution.TestInstancesProvider.getTestInstances(TestInstancesProvider.java:31)
	at org.junit.jupiter.engine.descriptor.TestMethodTestDescriptor.lambda$prepare$0(TestMethodTestDescriptor.java:101)
	at org.junit.platform.engine.support.hierarchical.ThrowableCollector.execute(ThrowableCollector.java:73)
	at org.junit.jupiter.engine.descriptor.TestMethodTestDescriptor.prepare(TestMethodTestDescriptor.java:100)
	at org.junit.jupiter.engine.descriptor.TestMethodTestDescriptor.prepare(TestMethodTestDescriptor.java:65)
	at org.junit.platform.engine.support.hierarchical.NodeTestTask.lambda$prepare$1(NodeTestTask.java:111)
	at org.junit.platform.engine.support.hierarchical.ThrowableCollector.execute(ThrowableCollector.java:73)
	at org.junit.platform.engine.support.hierarchical.NodeTestTask.prepare(NodeTestTask.java:111)
	at org.junit.platform.engine.support.hierarchical.NodeTestTask.execute(NodeTestTask.java:79)
	at java.base/java.util.ArrayList.forEach(ArrayList.java:1541)
	at org.junit.platform.engine.support.hierarchical.SameThreadHierarchicalTestExecutorService.invokeAll(SameThreadHierarchicalTestExecutorService.java:38)
	at org.junit.platform.engine.support.hierarchical.NodeTestTask.lambda$executeRecursively$5(NodeTestTask.java:143)
	at org.junit.platform.engine.support.hierarchical.ThrowableCollector.execute(ThrowableCollector.java:73)
	at org.junit.platform.engine.support.hierarchical.NodeTestTask.lambda$executeRecursively$7(NodeTestTask.java:129)
	at org.junit.platform.engine.support.hierarchical.Node.around(Node.java:137)
	at org.junit.platform.engine.support.hierarchical.NodeTestTask.lambda$executeRecursively$8(NodeTestTask.java:127)
	at org.junit.platform.engine.support.hierarchical.ThrowableCollector.execute(ThrowableCollector.java:73)
	at org.junit.platform.engine.support.hierarchical.NodeTestTask.executeRecursively(NodeTestTask.java:126)
	at org.junit.platform.engine.support.hierarchical.NodeTestTask.execute(NodeTestTask.java:84)
	at java.base/java.util.ArrayList.forEach(ArrayList.java:1541)
	at org.junit.platform.engine.support.hierarchical.SameThreadHierarchicalTestExecutorService.invokeAll(SameThreadHierarchicalTestExecutorService.java:38)
	at org.junit.platform.engine.support.hierarchical.NodeTestTask.lambda$executeRecursively$5(NodeTestTask.java:143)
	at org.junit.platform.engine.support.hierarchical.ThrowableCollector.execute(ThrowableCollector.java:73)
	at org.junit.platform.engine.support.hierarchical.NodeTestTask.lambda$executeRecursively$7(NodeTestTask.java:129)
	at org.junit.platform.engine.support.hierarchical.Node.around(Node.java:137)
	at org.junit.platform.engine.support.hierarchical.NodeTestTask.lambda$executeRecursively$8(NodeTestTask.java:127)
	at org.junit.platform.engine.support.hierarchical.ThrowableCollector.execute(ThrowableCollector.java:73)
	at org.junit.platform.engine.support.hierarchical.NodeTestTask.executeRecursively(NodeTestTask.java:126)
	at org.junit.platform.engine.support.hierarchical.NodeTestTask.execute(NodeTestTask.java:84)
	at org.junit.platform.engine.support.hierarchical.SameThreadHierarchicalTestExecutorService.submit(SameThreadHierarchicalTestExecutorService.java:32)
	at org.junit.platform.engine.support.hierarchical.HierarchicalTestExecutor.execute(HierarchicalTestExecutor.java:57)
	at org.junit.platform.engine.support.hierarchical.HierarchicalTestEngine.execute(HierarchicalTestEngine.java:51)
	at org.junit.platform.launcher.core.DefaultLauncher.execute(DefaultLauncher.java:220)
	at org.junit.platform.launcher.core.DefaultLauncher.lambda$execute$6(DefaultLauncher.java:188)
	at org.junit.platform.launcher.core.DefaultLauncher.withInterceptedStreams(DefaultLauncher.java:202)
	at org.junit.platform.launcher.core.DefaultLauncher.execute(DefaultLauncher.java:181)
	at org.junit.platform.launcher.core.DefaultLauncher.execute(DefaultLauncher.java:128)
	at org.apache.maven.surefire.junitplatform.JUnitPlatformProvider.invokeAllTests(JUnitPlatformProvider.java:150)
	at org.apache.maven.surefire.junitplatform.JUnitPlatformProvider.invoke(JUnitPlatformProvider.java:124)
	at org.apache.maven.surefire.booter.ForkedBooter.invokeProviderInSameClassLoader(ForkedBooter.java:384)
	at org.apache.maven.surefire.booter.ForkedBooter.runSuitesInProcess(ForkedBooter.java:345)
	at org.apache.maven.surefire.booter.ForkedBooter.execute(ForkedBooter.java:126)
	at org.apache.maven.surefire.booter.ForkedBooter.main(ForkedBooter.java:418)
Caused by: java.sql.SQLSyntaxErrorException: (conn=1378) Table 'tasks' already exists
	at org.mariadb.jdbc.internal.util.exceptions.ExceptionFactory.createException(ExceptionFactory.java:62)
	at org.mariadb.jdbc.internal.util.exceptions.ExceptionFactory.create(ExceptionFactory.java:153)
	at org.mariadb.jdbc.MariaDbStatement.executeExceptionEpilogue(MariaDbStatement.java:274)
	at org.mariadb.jdbc.MariaDbStatement.executeInternal(MariaDbStatement.java:363)
	at org.mariadb.jdbc.MariaDbStatement.execute(MariaDbStatement.java:501)
	at com.zaxxer.hikari.pool.ProxyStatement.execute(ProxyStatement.java:95)
	at com.zaxxer.hikari.pool.HikariProxyStatement.execute(HikariProxyStatement.java)
	at liquibase.executor.jvm.JdbcExecutor$ExecuteStatementCallback.doInStatement(JdbcExecutor.java:491)
	... 133 common frames omitted
Caused by: org.mariadb.jdbc.internal.util.exceptions.MariaDbSqlException: Table 'tasks' already exists
	at org.mariadb.jdbc.internal.util.exceptions.MariaDbSqlException.of(MariaDbSqlException.java:34)
	at org.mariadb.jdbc.internal.protocol.AbstractQueryProtocol.exceptionWithQuery(AbstractQueryProtocol.java:194)
	at org.mariadb.jdbc.internal.protocol.AbstractQueryProtocol.executeQuery(AbstractQueryProtocol.java:262)
	at org.mariadb.jdbc.MariaDbStatement.executeInternal(MariaDbStatement.java:357)
	... 137 common frames omitted
Caused by: java.sql.SQLException: Table 'tasks' already exists
	at org.mariadb.jdbc.internal.protocol.AbstractQueryProtocol.readErrorPacket(AbstractQueryProtocol.java:1688)
	at org.mariadb.jdbc.internal.protocol.AbstractQueryProtocol.readPacket(AbstractQueryProtocol.java:1550)
	at org.mariadb.jdbc.internal.protocol.AbstractQueryProtocol.getResult(AbstractQueryProtocol.java:1513)
	at org.mariadb.jdbc.internal.protocol.AbstractQueryProtocol.executeQuery(AbstractQueryProtocol.java:256)
	... 138 common frames omitted
2026-08-17 11:16:04.944 [main] INFO  liquibase.util - UPDATE SUMMARY
2026-08-17 11:16:04.944 [main] INFO  liquibase.util - Run:                          0
2026-08-17 11:16:04.944 [main] INFO  liquibase.util - Previously run:               0
2026-08-17 11:16:04.944 [main] INFO  liquibase.util - Filtered out:                 0
2026-08-17 11:16:04.944 [main] INFO  liquibase.util - -------------------------------
2026-08-17 11:16:04.944 [main] INFO  liquibase.util - Total change sets:            2
2026-08-17 11:16:04.944 [main] INFO  liquibase.util - Update summary generated
2026-08-17 11:16:04.944 [main] INFO  liquibase.command - Update command encountered an exception.
2026-08-17 11:16:04.951 [main] INFO  liquibase.lockservice - Successfully released change log lock
2026-08-17 11:16:04.952 [main] INFO  liquibase.command - Logging exception.
2026-08-17 11:16:04.952 [main] INFO  liquibase.ui - ERROR: Exception Details
2026-08-17 11:16:04.952 [main] INFO  liquibase.ui - ERROR: Exception Primary Class:  SQLException
2026-08-17 11:16:04.952 [main] INFO  liquibase.ui - ERROR: Exception Primary Reason:  Table 'tasks' already exists
2026-08-17 11:16:04.952 [main] INFO  liquibase.ui - ERROR: Exception Primary Source:  MariaDB 11.8.8-MariaDB
2026-08-17 11:16:04.952 [main] INFO  liquibase.command - Command execution complete
2026-08-17 11:16:04.953 [main] WARN  o.s.w.c.s.GenericWebApplicationContext - Exception encountered during context initialization - cancelling refresh attempt: org.springframework.beans.factory.BeanCreationException: Error creating bean with name 'liquibase' defined in class path resource [org/springframework/boot/autoconfigure/liquibase/LiquibaseAutoConfiguration$LiquibaseConfiguration.class]: Invocation of init method failed; nested exception is liquibase.exception.LiquibaseException: liquibase.exception.CommandExecutionException: liquibase.exception.LiquibaseException: liquibase.exception.MigrationFailedException: Migration failed for changeset db/changelog/changes/01-create-tasks-table.xml::1::firstspringbootmariadbuser:
     Reason: liquibase.exception.DatabaseException: (conn=1378) Table 'tasks' already exists [Failed SQL: (1050) CREATE TABLE firstspringboot.tasks (id BIGINT AUTO_INCREMENT NOT NULL, task VARCHAR(255) NOT NULL, CONSTRAINT PK_TASKS PRIMARY KEY (id))]
2026-08-17 11:16:04.953 [main] INFO  com.zaxxer.hikari.HikariDataSource - HikariPool-4 - Shutdown initiated...
2026-08-17 11:16:04.954 [main] INFO  com.zaxxer.hikari.HikariDataSource - HikariPool-4 - Shutdown completed.
2026-08-17 11:16:04.956 [main] INFO  o.s.b.a.l.ConditionEvaluationReportLoggingListener - 

Error starting ApplicationContext. To display the conditions report re-run your application with 'debug' enabled.
2026-08-17 11:16:04.956 [main] ERROR o.s.boot.SpringApplication - Application run failed
org.springframework.beans.factory.BeanCreationException: Error creating bean with name 'liquibase' defined in class path resource [org/springframework/boot/autoconfigure/liquibase/LiquibaseAutoConfiguration$LiquibaseConfiguration.class]: Invocation of init method failed; nested exception is liquibase.exception.LiquibaseException: liquibase.exception.CommandExecutionException: liquibase.exception.LiquibaseException: liquibase.exception.MigrationFailedException: Migration failed for changeset db/changelog/changes/01-create-tasks-table.xml::1::firstspringbootmariadbuser:
     Reason: liquibase.exception.DatabaseException: (conn=1378) Table 'tasks' already exists [Failed SQL: (1050) CREATE TABLE firstspringboot.tasks (id BIGINT AUTO_INCREMENT NOT NULL, task VARCHAR(255) NOT NULL, CONSTRAINT PK_TASKS PRIMARY KEY (id))]
	at org.springframework.beans.factory.support.AbstractAutowireCapableBeanFactory.initializeBean(AbstractAutowireCapableBeanFactory.java:1788)
	at org.springframework.beans.factory.support.AbstractAutowireCapableBeanFactory.doCreateBean(AbstractAutowireCapableBeanFactory.java:609)
	at org.springframework.beans.factory.support.AbstractAutowireCapableBeanFactory.createBean(AbstractAutowireCapableBeanFactory.java:531)
	at org.springframework.beans.factory.support.AbstractBeanFactory.lambda$doGetBean$0(AbstractBeanFactory.java:335)
	at org.springframework.beans.factory.support.DefaultSingletonBeanRegistry.getSingleton(DefaultSingletonBeanRegistry.java:234)
	at org.springframework.beans.factory.support.AbstractBeanFactory.doGetBean(AbstractBeanFactory.java:333)
	at org.springframework.beans.factory.support.AbstractBeanFactory.getBean(AbstractBeanFactory.java:208)
	at org.springframework.beans.factory.support.AbstractBeanFactory.doGetBean(AbstractBeanFactory.java:322)
	at org.springframework.beans.factory.support.AbstractBeanFactory.getBean(AbstractBeanFactory.java:208)
	at org.springframework.context.support.AbstractApplicationContext.getBean(AbstractApplicationContext.java:1159)
	at org.springframework.context.support.AbstractApplicationContext.finishBeanFactoryInitialization(AbstractApplicationContext.java:913)
	at org.springframework.context.support.AbstractApplicationContext.refresh(AbstractApplicationContext.java:588)
	at org.springframework.boot.SpringApplication.refresh(SpringApplication.java:767)
	at org.springframework.boot.SpringApplication.refresh(SpringApplication.java:759)
	at org.springframework.boot.SpringApplication.refreshContext(SpringApplication.java:426)
	at org.springframework.boot.SpringApplication.run(SpringApplication.java:326)
	at org.springframework.boot.test.context.SpringBootContextLoader.loadContext(SpringBootContextLoader.java:122)
	at org.springframework.test.context.cache.DefaultCacheAwareContextLoaderDelegate.loadContextInternal(DefaultCacheAwareContextLoaderDelegate.java:99)
	at org.springframework.test.context.cache.DefaultCacheAwareContextLoaderDelegate.loadContext(DefaultCacheAwareContextLoaderDelegate.java:124)
	at org.springframework.test.context.support.DefaultTestContext.getApplicationContext(DefaultTestContext.java:123)
	at org.springframework.test.context.web.ServletTestExecutionListener.setUpRequestContextIfNecessary(ServletTestExecutionListener.java:190)
	at org.springframework.test.context.web.ServletTestExecutionListener.prepareTestInstance(ServletTestExecutionListener.java:132)
	at org.springframework.test.context.TestContextManager.prepareTestInstance(TestContextManager.java:244)
	at org.springframework.test.context.junit.jupiter.SpringExtension.postProcessTestInstance(SpringExtension.java:137)
	at org.junit.jupiter.engine.descriptor.ClassBasedTestDescriptor.lambda$invokeTestInstancePostProcessors$6(ClassBasedTestDescriptor.java:350)
	at org.junit.jupiter.engine.descriptor.ClassBasedTestDescriptor.executeAndMaskThrowable(ClassBasedTestDescriptor.java:355)
	at org.junit.jupiter.engine.descriptor.ClassBasedTestDescriptor.lambda$invokeTestInstancePostProcessors$7(ClassBasedTestDescriptor.java:350)
	at java.base/java.util.stream.ReferencePipeline$3$1.accept(ReferencePipeline.java:195)
	at java.base/java.util.stream.ReferencePipeline$2$1.accept(ReferencePipeline.java:177)
	at java.base/java.util.ArrayList$ArrayListSpliterator.forEachRemaining(ArrayList.java:1655)
	at java.base/java.util.stream.AbstractPipeline.copyInto(AbstractPipeline.java:484)
	at java.base/java.util.stream.AbstractPipeline.wrapAndCopyInto(AbstractPipeline.java:474)
	at java.base/java.util.stream.StreamSpliterators$WrappingSpliterator.forEachRemaining(StreamSpliterators.java:312)
	at java.base/java.util.stream.Streams$ConcatSpliterator.forEachRemaining(Streams.java:735)
	at java.base/java.util.stream.Streams$ConcatSpliterator.forEachRemaining(Streams.java:734)
	at java.base/java.util.stream.ReferencePipeline$Head.forEach(ReferencePipeline.java:658)
	at org.junit.jupiter.engine.descriptor.ClassBasedTestDescriptor.invokeTestInstancePostProcessors(ClassBasedTestDescriptor.java:349)
	at org.junit.jupiter.engine.descriptor.ClassBasedTestDescriptor.lambda$instantiateAndPostProcessTestInstance$4(ClassBasedTestDescriptor.java:270)
	at org.junit.platform.engine.support.hierarchical.ThrowableCollector.execute(ThrowableCollector.java:73)
	at org.junit.jupiter.engine.descriptor.ClassBasedTestDescriptor.instantiateAndPostProcessTestInstance(ClassBasedTestDescriptor.java:269)
	at org.junit.jupiter.engine.descriptor.ClassBasedTestDescriptor.lambda$testInstancesProvider$2(ClassBasedTestDescriptor.java:259)
	at java.base/java.util.Optional.orElseGet(Optional.java:369)
	at org.junit.jupiter.engine.descriptor.ClassBasedTestDescriptor.lambda$testInstancesProvider$3(ClassBasedTestDescriptor.java:258)
	at org.junit.jupiter.engine.execution.TestInstancesProvider.getTestInstances(TestInstancesProvider.java:31)
	at org.junit.jupiter.engine.descriptor.TestMethodTestDescriptor.lambda$prepare$0(TestMethodTestDescriptor.java:101)
	at org.junit.platform.engine.support.hierarchical.ThrowableCollector.execute(ThrowableCollector.java:73)
	at org.junit.jupiter.engine.descriptor.TestMethodTestDescriptor.prepare(TestMethodTestDescriptor.java:100)
	at org.junit.jupiter.engine.descriptor.TestMethodTestDescriptor.prepare(TestMethodTestDescriptor.java:65)
	at org.junit.platform.engine.support.hierarchical.NodeTestTask.lambda$prepare$1(NodeTestTask.java:111)
	at org.junit.platform.engine.support.hierarchical.ThrowableCollector.execute(ThrowableCollector.java:73)
	at org.junit.platform.engine.support.hierarchical.NodeTestTask.prepare(NodeTestTask.java:111)
	at org.junit.platform.engine.support.hierarchical.NodeTestTask.execute(NodeTestTask.java:79)
	at java.base/java.util.ArrayList.forEach(ArrayList.java:1541)
	at org.junit.platform.engine.support.hierarchical.SameThreadHierarchicalTestExecutorService.invokeAll(SameThreadHierarchicalTestExecutorService.java:38)
	at org.junit.platform.engine.support.hierarchical.NodeTestTask.lambda$executeRecursively$5(NodeTestTask.java:143)
	at org.junit.platform.engine.support.hierarchical.ThrowableCollector.execute(ThrowableCollector.java:73)
	at org.junit.platform.engine.support.hierarchical.NodeTestTask.lambda$executeRecursively$7(NodeTestTask.java:129)
	at org.junit.platform.engine.support.hierarchical.Node.around(Node.java:137)
	at org.junit.platform.engine.support.hierarchical.NodeTestTask.lambda$executeRecursively$8(NodeTestTask.java:127)
	at org.junit.platform.engine.support.hierarchical.ThrowableCollector.execute(ThrowableCollector.java:73)
	at org.junit.platform.engine.support.hierarchical.NodeTestTask.executeRecursively(NodeTestTask.java:126)
	at org.junit.platform.engine.support.hierarchical.NodeTestTask.execute(NodeTestTask.java:84)
	at java.base/java.util.ArrayList.forEach(ArrayList.java:1541)
	at org.junit.platform.engine.support.hierarchical.SameThreadHierarchicalTestExecutorService.invokeAll(SameThreadHierarchicalTestExecutorService.java:38)
	at org.junit.platform.engine.support.hierarchical.NodeTestTask.lambda$executeRecursively$5(NodeTestTask.java:143)
	at org.junit.platform.engine.support.hierarchical.ThrowableCollector.execute(ThrowableCollector.java:73)
	at org.junit.platform.engine.support.hierarchical.NodeTestTask.lambda$executeRecursively$7(NodeTestTask.java:129)
	at org.junit.platform.engine.support.hierarchical.Node.around(Node.java:137)
	at org.junit.platform.engine.support.hierarchical.NodeTestTask.lambda$executeRecursively$8(NodeTestTask.java:127)
	at org.junit.platform.engine.support.hierarchical.ThrowableCollector.execute(ThrowableCollector.java:73)
	at org.junit.platform.engine.support.hierarchical.NodeTestTask.executeRecursively(NodeTestTask.java:126)
	at org.junit.platform.engine.support.hierarchical.NodeTestTask.execute(NodeTestTask.java:84)
	at org.junit.platform.engine.support.hierarchical.SameThreadHierarchicalTestExecutorService.submit(SameThreadHierarchicalTestExecutorService.java:32)
	at org.junit.platform.engine.support.hierarchical.HierarchicalTestExecutor.execute(HierarchicalTestExecutor.java:57)
	at org.junit.platform.engine.support.hierarchical.HierarchicalTestEngine.execute(HierarchicalTestEngine.java:51)
	at org.junit.platform.launcher.core.DefaultLauncher.execute(DefaultLauncher.java:220)
	at org.junit.platform.launcher.core.DefaultLauncher.lambda$execute$6(DefaultLauncher.java:188)
	at org.junit.platform.launcher.core.DefaultLauncher.withInterceptedStreams(DefaultLauncher.java:202)
	at org.junit.platform.launcher.core.DefaultLauncher.execute(DefaultLauncher.java:181)
	at org.junit.platform.launcher.core.DefaultLauncher.execute(DefaultLauncher.java:128)
	at org.apache.maven.surefire.junitplatform.JUnitPlatformProvider.invokeAllTests(JUnitPlatformProvider.java:150)
	at org.apache.maven.surefire.junitplatform.JUnitPlatformProvider.invoke(JUnitPlatformProvider.java:124)
	at org.apache.maven.surefire.booter.ForkedBooter.invokeProviderInSameClassLoader(ForkedBooter.java:384)
	at org.apache.maven.surefire.booter.ForkedBooter.runSuitesInProcess(ForkedBooter.java:345)
	at org.apache.maven.surefire.booter.ForkedBooter.execute(ForkedBooter.java:126)
	at org.apache.maven.surefire.booter.ForkedBooter.main(ForkedBooter.java:418)
Caused by: liquibase.exception.LiquibaseException: liquibase.exception.CommandExecutionException: liquibase.exception.LiquibaseException: liquibase.exception.MigrationFailedException: Migration failed for changeset db/changelog/changes/01-create-tasks-table.xml::1::firstspringbootmariadbuser:
     Reason: liquibase.exception.DatabaseException: (conn=1378) Table 'tasks' already exists [Failed SQL: (1050) CREATE TABLE firstspringboot.tasks (id BIGINT AUTO_INCREMENT NOT NULL, task VARCHAR(255) NOT NULL, CONSTRAINT PK_TASKS PRIMARY KEY (id))]
	at liquibase.integration.spring.SpringLiquibase.afterPropertiesSet(SpringLiquibase.java:288)
	at org.springframework.beans.factory.support.AbstractAutowireCapableBeanFactory.invokeInitMethods(AbstractAutowireCapableBeanFactory.java:1847)
	at org.springframework.beans.factory.support.AbstractAutowireCapableBeanFactory.initializeBean(AbstractAutowireCapableBeanFactory.java:1784)
	... 85 common frames omitted
Caused by: liquibase.exception.CommandExecutionException: liquibase.exception.LiquibaseException: liquibase.exception.MigrationFailedException: Migration failed for changeset db/changelog/changes/01-create-tasks-table.xml::1::firstspringbootmariadbuser:
     Reason: liquibase.exception.DatabaseException: (conn=1378) Table 'tasks' already exists [Failed SQL: (1050) CREATE TABLE firstspringboot.tasks (id BIGINT AUTO_INCREMENT NOT NULL, task VARCHAR(255) NOT NULL, CONSTRAINT PK_TASKS PRIMARY KEY (id))]
	at liquibase.command.CommandScope.lambda$execute$6(CommandScope.java:300)
	at liquibase.Scope.child(Scope.java:210)
	at liquibase.Scope.child(Scope.java:186)
	at liquibase.command.CommandScope.execute(CommandScope.java:241)
	at liquibase.Liquibase.lambda$update$0(Liquibase.java:216)
	at liquibase.Scope.lambda$child$0(Scope.java:201)
	at liquibase.Scope.child(Scope.java:210)
	at liquibase.Scope.child(Scope.java:200)
	at liquibase.Scope.child(Scope.java:179)
	at liquibase.Liquibase.runInScope(Liquibase.java:1333)
	at liquibase.Liquibase.update(Liquibase.java:205)
	at liquibase.Liquibase.update(Liquibase.java:188)
	at liquibase.integration.spring.SpringLiquibase.performUpdate(SpringLiquibase.java:326)
	at liquibase.integration.spring.SpringLiquibase.lambda$afterPropertiesSet$0(SpringLiquibase.java:278)
	at liquibase.Scope.lambda$child$0(Scope.java:201)
	at liquibase.Scope.child(Scope.java:210)
	at liquibase.Scope.child(Scope.java:200)
	at liquibase.Scope.child(Scope.java:179)
	at liquibase.integration.spring.SpringLiquibase.afterPropertiesSet(SpringLiquibase.java:271)
	... 87 common frames omitted
Caused by: liquibase.exception.LiquibaseException: liquibase.exception.MigrationFailedException: Migration failed for changeset db/changelog/changes/01-create-tasks-table.xml::1::firstspringbootmariadbuser:
     Reason: liquibase.exception.DatabaseException: (conn=1378) Table 'tasks' already exists [Failed SQL: (1050) CREATE TABLE firstspringboot.tasks (id BIGINT AUTO_INCREMENT NOT NULL, task VARCHAR(255) NOT NULL, CONSTRAINT PK_TASKS PRIMARY KEY (id))]
	at liquibase.changelog.ChangeLogIterator.run(ChangeLogIterator.java:155)
	at liquibase.command.core.AbstractUpdateCommandStep.lambda$run$0(AbstractUpdateCommandStep.java:114)
	at liquibase.Scope.lambda$child$0(Scope.java:201)
	at liquibase.Scope.child(Scope.java:210)
	at liquibase.Scope.child(Scope.java:200)
	at liquibase.Scope.child(Scope.java:179)
	at liquibase.command.core.AbstractUpdateCommandStep.run(AbstractUpdateCommandStep.java:112)
	at liquibase.command.core.UpdateCommandStep.run(UpdateCommandStep.java:100)
	at liquibase.command.CommandScope.lambda$execute$6(CommandScope.java:253)
	... 105 common frames omitted
Caused by: liquibase.exception.MigrationFailedException: Migration failed for changeset db/changelog/changes/01-create-tasks-table.xml::1::firstspringbootmariadbuser:
     Reason: liquibase.exception.DatabaseException: (conn=1378) Table 'tasks' already exists [Failed SQL: (1050) CREATE TABLE firstspringboot.tasks (id BIGINT AUTO_INCREMENT NOT NULL, task VARCHAR(255) NOT NULL, CONSTRAINT PK_TASKS PRIMARY KEY (id))]
	at liquibase.changelog.ChangeSet.execute(ChangeSet.java:840)
	at liquibase.changelog.visitor.UpdateVisitor.executeAcceptedChange(UpdateVisitor.java:126)
	at liquibase.changelog.visitor.UpdateVisitor.visit(UpdateVisitor.java:70)
	at liquibase.changelog.ChangeLogIterator.lambda$run$0(ChangeLogIterator.java:133)
	at liquibase.Scope.lambda$child$0(Scope.java:201)
	at liquibase.Scope.child(Scope.java:210)
	at liquibase.Scope.child(Scope.java:200)
	at liquibase.Scope.child(Scope.java:179)
	at liquibase.changelog.ChangeLogIterator.lambda$run$1(ChangeLogIterator.java:122)
	at liquibase.Scope.lambda$child$0(Scope.java:201)
	at liquibase.Scope.child(Scope.java:210)
	at liquibase.Scope.child(Scope.java:200)
	at liquibase.Scope.child(Scope.java:179)
	at liquibase.Scope.child(Scope.java:267)
	at liquibase.Scope.child(Scope.java:271)
	at liquibase.changelog.ChangeLogIterator.run(ChangeLogIterator.java:91)
	... 113 common frames omitted
Caused by: liquibase.exception.DatabaseException: (conn=1378) Table 'tasks' already exists [Failed SQL: (1050) CREATE TABLE firstspringboot.tasks (id BIGINT AUTO_INCREMENT NOT NULL, task VARCHAR(255) NOT NULL, CONSTRAINT PK_TASKS PRIMARY KEY (id))]
	at liquibase.executor.jvm.JdbcExecutor$ExecuteStatementCallback.doInStatement(JdbcExecutor.java:497)
	at liquibase.executor.jvm.JdbcExecutor.execute(JdbcExecutor.java:83)
	at liquibase.executor.jvm.JdbcExecutor.execute(JdbcExecutor.java:185)
	at liquibase.executor.AbstractExecutor.execute(AbstractExecutor.java:141)
	at liquibase.database.AbstractJdbcDatabase.executeStatements(AbstractJdbcDatabase.java:1189)
	at liquibase.changelog.ChangeSet.execute(ChangeSet.java:790)
	... 128 common frames omitted
Caused by: java.sql.SQLSyntaxErrorException: (conn=1378) Table 'tasks' already exists
	at org.mariadb.jdbc.internal.util.exceptions.ExceptionFactory.createException(ExceptionFactory.java:62)
	at org.mariadb.jdbc.internal.util.exceptions.ExceptionFactory.create(ExceptionFactory.java:153)
	at org.mariadb.jdbc.MariaDbStatement.executeExceptionEpilogue(MariaDbStatement.java:274)
	at org.mariadb.jdbc.MariaDbStatement.executeInternal(MariaDbStatement.java:363)
	at org.mariadb.jdbc.MariaDbStatement.execute(MariaDbStatement.java:501)
	at com.zaxxer.hikari.pool.ProxyStatement.execute(ProxyStatement.java:95)
	at com.zaxxer.hikari.pool.HikariProxyStatement.execute(HikariProxyStatement.java)
	at liquibase.executor.jvm.JdbcExecutor$ExecuteStatementCallback.doInStatement(JdbcExecutor.java:491)
	... 133 common frames omitted
Caused by: org.mariadb.jdbc.internal.util.exceptions.MariaDbSqlException: Table 'tasks' already exists
	at org.mariadb.jdbc.internal.util.exceptions.MariaDbSqlException.of(MariaDbSqlException.java:34)
	at org.mariadb.jdbc.internal.protocol.AbstractQueryProtocol.exceptionWithQuery(AbstractQueryProtocol.java:194)
	at org.mariadb.jdbc.internal.protocol.AbstractQueryProtocol.executeQuery(AbstractQueryProtocol.java:262)
	at org.mariadb.jdbc.MariaDbStatement.executeInternal(MariaDbStatement.java:357)
	... 137 common frames omitted
Caused by: java.sql.SQLException: Table 'tasks' already exists
	at org.mariadb.jdbc.internal.protocol.AbstractQueryProtocol.readErrorPacket(AbstractQueryProtocol.java:1688)
	at org.mariadb.jdbc.internal.protocol.AbstractQueryProtocol.readPacket(AbstractQueryProtocol.java:1550)
	at org.mariadb.jdbc.internal.protocol.AbstractQueryProtocol.getResult(AbstractQueryProtocol.java:1513)
	at org.mariadb.jdbc.internal.protocol.AbstractQueryProtocol.executeQuery(AbstractQueryProtocol.java:256)
	... 138 common frames omitted
2026-08-17 11:16:04.957 [main] ERROR o.s.test.context.TestContextManager - Caught exception while allowing TestExecutionListener [org.springframework.test.context.web.ServletTestExecutionListener@403b7be3] to prepare test instance [com.viettelsoftware.firstspringboot.EndToEndIntegrationTest@72e5f018]
java.lang.IllegalStateException: Failed to load ApplicationContext
	at org.springframework.test.context.cache.DefaultCacheAwareContextLoaderDelegate.loadContext(DefaultCacheAwareContextLoaderDelegate.java:132)
	at org.springframework.test.context.support.DefaultTestContext.getApplicationContext(DefaultTestContext.java:123)
	at org.springframework.test.context.web.ServletTestExecutionListener.setUpRequestContextIfNecessary(ServletTestExecutionListener.java:190)
	at org.springframework.test.context.web.ServletTestExecutionListener.prepareTestInstance(ServletTestExecutionListener.java:132)
	at org.springframework.test.context.TestContextManager.prepareTestInstance(TestContextManager.java:244)
	at org.springframework.test.context.junit.jupiter.SpringExtension.postProcessTestInstance(SpringExtension.java:137)
	at org.junit.jupiter.engine.descriptor.ClassBasedTestDescriptor.lambda$invokeTestInstancePostProcessors$6(ClassBasedTestDescriptor.java:350)
	at org.junit.jupiter.engine.descriptor.ClassBasedTestDescriptor.executeAndMaskThrowable(ClassBasedTestDescriptor.java:355)
	at org.junit.jupiter.engine.descriptor.ClassBasedTestDescriptor.lambda$invokeTestInstancePostProcessors$7(ClassBasedTestDescriptor.java:350)
	at java.base/java.util.stream.ReferencePipeline$3$1.accept(ReferencePipeline.java:195)
	at java.base/java.util.stream.ReferencePipeline$2$1.accept(ReferencePipeline.java:177)
	at java.base/java.util.ArrayList$ArrayListSpliterator.forEachRemaining(ArrayList.java:1655)
	at java.base/java.util.stream.AbstractPipeline.copyInto(AbstractPipeline.java:484)
	at java.base/java.util.stream.AbstractPipeline.wrapAndCopyInto(AbstractPipeline.java:474)
	at java.base/java.util.stream.StreamSpliterators$WrappingSpliterator.forEachRemaining(StreamSpliterators.java:312)
	at java.base/java.util.stream.Streams$ConcatSpliterator.forEachRemaining(Streams.java:735)
	at java.base/java.util.stream.Streams$ConcatSpliterator.forEachRemaining(Streams.java:734)
	at java.base/java.util.stream.ReferencePipeline$Head.forEach(ReferencePipeline.java:658)
	at org.junit.jupiter.engine.descriptor.ClassBasedTestDescriptor.invokeTestInstancePostProcessors(ClassBasedTestDescriptor.java:349)
	at org.junit.jupiter.engine.descriptor.ClassBasedTestDescriptor.lambda$instantiateAndPostProcessTestInstance$4(ClassBasedTestDescriptor.java:270)
	at org.junit.platform.engine.support.hierarchical.ThrowableCollector.execute(ThrowableCollector.java:73)
	at org.junit.jupiter.engine.descriptor.ClassBasedTestDescriptor.instantiateAndPostProcessTestInstance(ClassBasedTestDescriptor.java:269)
	at org.junit.jupiter.engine.descriptor.ClassBasedTestDescriptor.lambda$testInstancesProvider$2(ClassBasedTestDescriptor.java:259)
	at java.base/java.util.Optional.orElseGet(Optional.java:369)
	at org.junit.jupiter.engine.descriptor.ClassBasedTestDescriptor.lambda$testInstancesProvider$3(ClassBasedTestDescriptor.java:258)
	at org.junit.jupiter.engine.execution.TestInstancesProvider.getTestInstances(TestInstancesProvider.java:31)
	at org.junit.jupiter.engine.descriptor.TestMethodTestDescriptor.lambda$prepare$0(TestMethodTestDescriptor.java:101)
	at org.junit.platform.engine.support.hierarchical.ThrowableCollector.execute(ThrowableCollector.java:73)
	at org.junit.jupiter.engine.descriptor.TestMethodTestDescriptor.prepare(TestMethodTestDescriptor.java:100)
	at org.junit.jupiter.engine.descriptor.TestMethodTestDescriptor.prepare(TestMethodTestDescriptor.java:65)
	at org.junit.platform.engine.support.hierarchical.NodeTestTask.lambda$prepare$1(NodeTestTask.java:111)
	at org.junit.platform.engine.support.hierarchical.ThrowableCollector.execute(ThrowableCollector.java:73)
	at org.junit.platform.engine.support.hierarchical.NodeTestTask.prepare(NodeTestTask.java:111)
	at org.junit.platform.engine.support.hierarchical.NodeTestTask.execute(NodeTestTask.java:79)
	at java.base/java.util.ArrayList.forEach(ArrayList.java:1541)
	at org.junit.platform.engine.support.hierarchical.SameThreadHierarchicalTestExecutorService.invokeAll(SameThreadHierarchicalTestExecutorService.java:38)
	at org.junit.platform.engine.support.hierarchical.NodeTestTask.lambda$executeRecursively$5(NodeTestTask.java:143)
	at org.junit.platform.engine.support.hierarchical.ThrowableCollector.execute(ThrowableCollector.java:73)
	at org.junit.platform.engine.support.hierarchical.NodeTestTask.lambda$executeRecursively$7(NodeTestTask.java:129)
	at org.junit.platform.engine.support.hierarchical.Node.around(Node.java:137)
	at org.junit.platform.engine.support.hierarchical.NodeTestTask.lambda$executeRecursively$8(NodeTestTask.java:127)
	at org.junit.platform.engine.support.hierarchical.ThrowableCollector.execute(ThrowableCollector.java:73)
	at org.junit.platform.engine.support.hierarchical.NodeTestTask.executeRecursively(NodeTestTask.java:126)
	at org.junit.platform.engine.support.hierarchical.NodeTestTask.execute(NodeTestTask.java:84)
	at java.base/java.util.ArrayList.forEach(ArrayList.java:1541)
	at org.junit.platform.engine.support.hierarchical.SameThreadHierarchicalTestExecutorService.invokeAll(SameThreadHierarchicalTestExecutorService.java:38)
	at org.junit.platform.engine.support.hierarchical.NodeTestTask.lambda$executeRecursively$5(NodeTestTask.java:143)
	at org.junit.platform.engine.support.hierarchical.ThrowableCollector.execute(ThrowableCollector.java:73)
	at org.junit.platform.engine.support.hierarchical.NodeTestTask.lambda$executeRecursively$7(NodeTestTask.java:129)
	at org.junit.platform.engine.support.hierarchical.Node.around(Node.java:137)
	at org.junit.platform.engine.support.hierarchical.NodeTestTask.lambda$executeRecursively$8(NodeTestTask.java:127)
	at org.junit.platform.engine.support.hierarchical.ThrowableCollector.execute(ThrowableCollector.java:73)
	at org.junit.platform.engine.support.hierarchical.NodeTestTask.executeRecursively(NodeTestTask.java:126)
	at org.junit.platform.engine.support.hierarchical.NodeTestTask.execute(NodeTestTask.java:84)
	at org.junit.platform.engine.support.hierarchical.SameThreadHierarchicalTestExecutorService.submit(SameThreadHierarchicalTestExecutorService.java:32)
	at org.junit.platform.engine.support.hierarchical.HierarchicalTestExecutor.execute(HierarchicalTestExecutor.java:57)
	at org.junit.platform.engine.support.hierarchical.HierarchicalTestEngine.execute(HierarchicalTestEngine.java:51)
	at org.junit.platform.launcher.core.DefaultLauncher.execute(DefaultLauncher.java:220)
	at org.junit.platform.launcher.core.DefaultLauncher.lambda$execute$6(DefaultLauncher.java:188)
	at org.junit.platform.launcher.core.DefaultLauncher.withInterceptedStreams(DefaultLauncher.java:202)
	at org.junit.platform.launcher.core.DefaultLauncher.execute(DefaultLauncher.java:181)
	at org.junit.platform.launcher.core.DefaultLauncher.execute(DefaultLauncher.java:128)
	at org.apache.maven.surefire.junitplatform.JUnitPlatformProvider.invokeAllTests(JUnitPlatformProvider.java:150)
	at org.apache.maven.surefire.junitplatform.JUnitPlatformProvider.invoke(JUnitPlatformProvider.java:124)
	at org.apache.maven.surefire.booter.ForkedBooter.invokeProviderInSameClassLoader(ForkedBooter.java:384)
	at org.apache.maven.surefire.booter.ForkedBooter.runSuitesInProcess(ForkedBooter.java:345)
	at org.apache.maven.surefire.booter.ForkedBooter.execute(ForkedBooter.java:126)
	at org.apache.maven.surefire.booter.ForkedBooter.main(ForkedBooter.java:418)
Caused by: org.springframework.beans.factory.BeanCreationException: Error creating bean with name 'liquibase' defined in class path resource [org/springframework/boot/autoconfigure/liquibase/LiquibaseAutoConfiguration$LiquibaseConfiguration.class]: Invocation of init method failed; nested exception is liquibase.exception.LiquibaseException: liquibase.exception.CommandExecutionException: liquibase.exception.LiquibaseException: liquibase.exception.MigrationFailedException: Migration failed for changeset db/changelog/changes/01-create-tasks-table.xml::1::firstspringbootmariadbuser:
     Reason: liquibase.exception.DatabaseException: (conn=1378) Table 'tasks' already exists [Failed SQL: (1050) CREATE TABLE firstspringboot.tasks (id BIGINT AUTO_INCREMENT NOT NULL, task VARCHAR(255) NOT NULL, CONSTRAINT PK_TASKS PRIMARY KEY (id))]
	at org.springframework.beans.factory.support.AbstractAutowireCapableBeanFactory.initializeBean(AbstractAutowireCapableBeanFactory.java:1788)
	at org.springframework.beans.factory.support.AbstractAutowireCapableBeanFactory.doCreateBean(AbstractAutowireCapableBeanFactory.java:609)
	at org.springframework.beans.factory.support.AbstractAutowireCapableBeanFactory.createBean(AbstractAutowireCapableBeanFactory.java:531)
	at org.springframework.beans.factory.support.AbstractBeanFactory.lambda$doGetBean$0(AbstractBeanFactory.java:335)
	at org.springframework.beans.factory.support.DefaultSingletonBeanRegistry.getSingleton(DefaultSingletonBeanRegistry.java:234)
	at org.springframework.beans.factory.support.AbstractBeanFactory.doGetBean(AbstractBeanFactory.java:333)
	at org.springframework.beans.factory.support.AbstractBeanFactory.getBean(AbstractBeanFactory.java:208)
	at org.springframework.beans.factory.support.AbstractBeanFactory.doGetBean(AbstractBeanFactory.java:322)
	at org.springframework.beans.factory.support.AbstractBeanFactory.getBean(AbstractBeanFactory.java:208)
	at org.springframework.context.support.AbstractApplicationContext.getBean(AbstractApplicationContext.java:1159)
	at org.springframework.context.support.AbstractApplicationContext.finishBeanFactoryInitialization(AbstractApplicationContext.java:913)
	at org.springframework.context.support.AbstractApplicationContext.refresh(AbstractApplicationContext.java:588)
	at org.springframework.boot.SpringApplication.refresh(SpringApplication.java:767)
	at org.springframework.boot.SpringApplication.refresh(SpringApplication.java:759)
	at org.springframework.boot.SpringApplication.refreshContext(SpringApplication.java:426)
	at org.springframework.boot.SpringApplication.run(SpringApplication.java:326)
	at org.springframework.boot.test.context.SpringBootContextLoader.loadContext(SpringBootContextLoader.java:122)
	at org.springframework.test.context.cache.DefaultCacheAwareContextLoaderDelegate.loadContextInternal(DefaultCacheAwareContextLoaderDelegate.java:99)
	at org.springframework.test.context.cache.DefaultCacheAwareContextLoaderDelegate.loadContext(DefaultCacheAwareContextLoaderDelegate.java:124)
	... 67 common frames omitted
Caused by: liquibase.exception.LiquibaseException: liquibase.exception.CommandExecutionException: liquibase.exception.LiquibaseException: liquibase.exception.MigrationFailedException: Migration failed for changeset db/changelog/changes/01-create-tasks-table.xml::1::firstspringbootmariadbuser:
     Reason: liquibase.exception.DatabaseException: (conn=1378) Table 'tasks' already exists [Failed SQL: (1050) CREATE TABLE firstspringboot.tasks (id BIGINT AUTO_INCREMENT NOT NULL, task VARCHAR(255) NOT NULL, CONSTRAINT PK_TASKS PRIMARY KEY (id))]
	at liquibase.integration.spring.SpringLiquibase.afterPropertiesSet(SpringLiquibase.java:288)
	at org.springframework.beans.factory.support.AbstractAutowireCapableBeanFactory.invokeInitMethods(AbstractAutowireCapableBeanFactory.java:1847)
	at org.springframework.beans.factory.support.AbstractAutowireCapableBeanFactory.initializeBean(AbstractAutowireCapableBeanFactory.java:1784)
	... 85 common frames omitted
Caused by: liquibase.exception.CommandExecutionException: liquibase.exception.LiquibaseException: liquibase.exception.MigrationFailedException: Migration failed for changeset db/changelog/changes/01-create-tasks-table.xml::1::firstspringbootmariadbuser:
     Reason: liquibase.exception.DatabaseException: (conn=1378) Table 'tasks' already exists [Failed SQL: (1050) CREATE TABLE firstspringboot.tasks (id BIGINT AUTO_INCREMENT NOT NULL, task VARCHAR(255) NOT NULL, CONSTRAINT PK_TASKS PRIMARY KEY (id))]
	at liquibase.command.CommandScope.lambda$execute$6(CommandScope.java:300)
	at liquibase.Scope.child(Scope.java:210)
	at liquibase.Scope.child(Scope.java:186)
	at liquibase.command.CommandScope.execute(CommandScope.java:241)
	at liquibase.Liquibase.lambda$update$0(Liquibase.java:216)
	at liquibase.Scope.lambda$child$0(Scope.java:201)
	at liquibase.Scope.child(Scope.java:210)
	at liquibase.Scope.child(Scope.java:200)
	at liquibase.Scope.child(Scope.java:179)
	at liquibase.Liquibase.runInScope(Liquibase.java:1333)
	at liquibase.Liquibase.update(Liquibase.java:205)
	at liquibase.Liquibase.update(Liquibase.java:188)
	at liquibase.integration.spring.SpringLiquibase.performUpdate(SpringLiquibase.java:326)
	at liquibase.integration.spring.SpringLiquibase.lambda$afterPropertiesSet$0(SpringLiquibase.java:278)
	at liquibase.Scope.lambda$child$0(Scope.java:201)
	at liquibase.Scope.child(Scope.java:210)
	at liquibase.Scope.child(Scope.java:200)
	at liquibase.Scope.child(Scope.java:179)
	at liquibase.integration.spring.SpringLiquibase.afterPropertiesSet(SpringLiquibase.java:271)
	... 87 common frames omitted
Caused by: liquibase.exception.LiquibaseException: liquibase.exception.MigrationFailedException: Migration failed for changeset db/changelog/changes/01-create-tasks-table.xml::1::firstspringbootmariadbuser:
     Reason: liquibase.exception.DatabaseException: (conn=1378) Table 'tasks' already exists [Failed SQL: (1050) CREATE TABLE firstspringboot.tasks (id BIGINT AUTO_INCREMENT NOT NULL, task VARCHAR(255) NOT NULL, CONSTRAINT PK_TASKS PRIMARY KEY (id))]
	at liquibase.changelog.ChangeLogIterator.run(ChangeLogIterator.java:155)
	at liquibase.command.core.AbstractUpdateCommandStep.lambda$run$0(AbstractUpdateCommandStep.java:114)
	at liquibase.Scope.lambda$child$0(Scope.java:201)
	at liquibase.Scope.child(Scope.java:210)
	at liquibase.Scope.child(Scope.java:200)
	at liquibase.Scope.child(Scope.java:179)
	at liquibase.command.core.AbstractUpdateCommandStep.run(AbstractUpdateCommandStep.java:112)
	at liquibase.command.core.UpdateCommandStep.run(UpdateCommandStep.java:100)
	at liquibase.command.CommandScope.lambda$execute$6(CommandScope.java:253)
	... 105 common frames omitted
Caused by: liquibase.exception.MigrationFailedException: Migration failed for changeset db/changelog/changes/01-create-tasks-table.xml::1::firstspringbootmariadbuser:
     Reason: liquibase.exception.DatabaseException: (conn=1378) Table 'tasks' already exists [Failed SQL: (1050) CREATE TABLE firstspringboot.tasks (id BIGINT AUTO_INCREMENT NOT NULL, task VARCHAR(255) NOT NULL, CONSTRAINT PK_TASKS PRIMARY KEY (id))]
	at liquibase.changelog.ChangeSet.execute(ChangeSet.java:840)
	at liquibase.changelog.visitor.UpdateVisitor.executeAcceptedChange(UpdateVisitor.java:126)
	at liquibase.changelog.visitor.UpdateVisitor.visit(UpdateVisitor.java:70)
	at liquibase.changelog.ChangeLogIterator.lambda$run$0(ChangeLogIterator.java:133)
	at liquibase.Scope.lambda$child$0(Scope.java:201)
	at liquibase.Scope.child(Scope.java:210)
	at liquibase.Scope.child(Scope.java:200)
	at liquibase.Scope.child(Scope.java:179)
	at liquibase.changelog.ChangeLogIterator.lambda$run$1(ChangeLogIterator.java:122)
	at liquibase.Scope.lambda$child$0(Scope.java:201)
	at liquibase.Scope.child(Scope.java:210)
	at liquibase.Scope.child(Scope.java:200)
	at liquibase.Scope.child(Scope.java:179)
	at liquibase.Scope.child(Scope.java:267)
	at liquibase.Scope.child(Scope.java:271)
	at liquibase.changelog.ChangeLogIterator.run(ChangeLogIterator.java:91)
	... 113 common frames omitted
Caused by: liquibase.exception.DatabaseException: (conn=1378) Table 'tasks' already exists [Failed SQL: (1050) CREATE TABLE firstspringboot.tasks (id BIGINT AUTO_INCREMENT NOT NULL, task VARCHAR(255) NOT NULL, CONSTRAINT PK_TASKS PRIMARY KEY (id))]
	at liquibase.executor.jvm.JdbcExecutor$ExecuteStatementCallback.doInStatement(JdbcExecutor.java:497)
	at liquibase.executor.jvm.JdbcExecutor.execute(JdbcExecutor.java:83)
	at liquibase.executor.jvm.JdbcExecutor.execute(JdbcExecutor.java:185)
	at liquibase.executor.AbstractExecutor.execute(AbstractExecutor.java:141)
	at liquibase.database.AbstractJdbcDatabase.executeStatements(AbstractJdbcDatabase.java:1189)
	at liquibase.changelog.ChangeSet.execute(ChangeSet.java:790)
	... 128 common frames omitted
Caused by: java.sql.SQLSyntaxErrorException: (conn=1378) Table 'tasks' already exists
	at org.mariadb.jdbc.internal.util.exceptions.ExceptionFactory.createException(ExceptionFactory.java:62)
	at org.mariadb.jdbc.internal.util.exceptions.ExceptionFactory.create(ExceptionFactory.java:153)
	at org.mariadb.jdbc.MariaDbStatement.executeExceptionEpilogue(MariaDbStatement.java:274)
	at org.mariadb.jdbc.MariaDbStatement.executeInternal(MariaDbStatement.java:363)
	at org.mariadb.jdbc.MariaDbStatement.execute(MariaDbStatement.java:501)
	at com.zaxxer.hikari.pool.ProxyStatement.execute(ProxyStatement.java:95)
	at com.zaxxer.hikari.pool.HikariProxyStatement.execute(HikariProxyStatement.java)
	at liquibase.executor.jvm.JdbcExecutor$ExecuteStatementCallback.doInStatement(JdbcExecutor.java:491)
	... 133 common frames omitted
Caused by: org.mariadb.jdbc.internal.util.exceptions.MariaDbSqlException: Table 'tasks' already exists
	at org.mariadb.jdbc.internal.util.exceptions.MariaDbSqlException.of(MariaDbSqlException.java:34)
	at org.mariadb.jdbc.internal.protocol.AbstractQueryProtocol.exceptionWithQuery(AbstractQueryProtocol.java:194)
	at org.mariadb.jdbc.internal.protocol.AbstractQueryProtocol.executeQuery(AbstractQueryProtocol.java:262)
	at org.mariadb.jdbc.MariaDbStatement.executeInternal(MariaDbStatement.java:357)
	... 137 common frames omitted
Caused by: java.sql.SQLException: Table 'tasks' already exists
	at org.mariadb.jdbc.internal.protocol.AbstractQueryProtocol.readErrorPacket(AbstractQueryProtocol.java:1688)
	at org.mariadb.jdbc.internal.protocol.AbstractQueryProtocol.readPacket(AbstractQueryProtocol.java:1550)
	at org.mariadb.jdbc.internal.protocol.AbstractQueryProtocol.getResult(AbstractQueryProtocol.java:1513)
	at org.mariadb.jdbc.internal.protocol.AbstractQueryProtocol.executeQuery(AbstractQueryProtocol.java:256)
	... 138 common frames omitted
2026-08-17 11:16:04.970 [main] INFO  c.v.f.EndToEndIntegrationTest - Starting EndToEndIntegrationTest using Java 11.0.32 on lenovo-legion-16iah7h-PF3XJ8SP with PID 183149 (started by ayin in /home/ayin/projs/firstspringboot)
2026-08-17 11:16:04.971 [main] INFO  c.v.f.EndToEndIntegrationTest - No active profile set, falling back to default profiles: default
2026-08-17 11:16:05.065 [main] INFO  o.s.d.r.c.RepositoryConfigurationDelegate - Bootstrapping Spring Data JPA repositories in DEFAULT mode.
2026-08-17 11:16:05.070 [main] INFO  o.s.d.r.c.RepositoryConfigurationDelegate - Finished Spring Data repository scanning in 4 ms. Found 2 JPA repository interfaces.
2026-08-17 11:16:05.112 [main] INFO  o.s.c.s.PostProcessorRegistrationDelegate$BeanPostProcessorChecker - Bean 'org.springframework.security.access.expression.method.DefaultMethodSecurityExpressionHandler@71c264e5' of type [org.springframework.security.access.expression.method.DefaultMethodSecurityExpressionHandler] is not eligible for getting processed by all BeanPostProcessors (for example: not eligible for auto-proxying)
2026-08-17 11:16:05.116 [main] INFO  o.s.c.s.PostProcessorRegistrationDelegate$BeanPostProcessorChecker - Bean 'methodSecurityMetadataSource' of type [org.springframework.security.access.method.DelegatingMethodSecurityMetadataSource] is not eligible for getting processed by all BeanPostProcessors (for example: not eligible for auto-proxying)
2026-08-17 11:16:05.142 [main] INFO  com.zaxxer.hikari.HikariDataSource - HikariPool-5 - Starting...
2026-08-17 11:16:05.143 [main] INFO  com.zaxxer.hikari.HikariDataSource - HikariPool-5 - Start completed.
2026-08-17 11:16:05.167 [main] INFO  liquibase.changelog - Reading from firstspringboot.DATABASECHANGELOG
2026-08-17 11:16:05.193 [main] INFO  liquibase.lockservice - Successfully acquired change log lock
2026-08-17 11:16:05.193 [main] INFO  liquibase.command - Using deploymentId: 6940162109
2026-08-17 11:16:05.194 [main] INFO  liquibase.changelog - Reading from firstspringboot.DATABASECHANGELOG
2026-08-17 11:16:05.196 [main] INFO  liquibase.ui - Running Changeset: db/changelog/changes/01-create-tasks-table.xml::1::firstspringbootmariadbuser
2026-08-17 11:16:05.198 [main] ERROR liquibase.changelog - ChangeSet db/changelog/changes/01-create-tasks-table.xml::1::firstspringbootmariadbuser encountered an exception.
liquibase.exception.DatabaseException: (conn=1379) Table 'tasks' already exists [Failed SQL: (1050) CREATE TABLE firstspringboot.tasks (id BIGINT AUTO_INCREMENT NOT NULL, task VARCHAR(255) NOT NULL, CONSTRAINT PK_TASKS PRIMARY KEY (id))]
	at liquibase.executor.jvm.JdbcExecutor$ExecuteStatementCallback.doInStatement(JdbcExecutor.java:497)
	at liquibase.executor.jvm.JdbcExecutor.execute(JdbcExecutor.java:83)
	at liquibase.executor.jvm.JdbcExecutor.execute(JdbcExecutor.java:185)
	at liquibase.executor.AbstractExecutor.execute(AbstractExecutor.java:141)
	at liquibase.database.AbstractJdbcDatabase.executeStatements(AbstractJdbcDatabase.java:1189)
	at liquibase.changelog.ChangeSet.execute(ChangeSet.java:790)
	at liquibase.changelog.visitor.UpdateVisitor.executeAcceptedChange(UpdateVisitor.java:126)
	at liquibase.changelog.visitor.UpdateVisitor.visit(UpdateVisitor.java:70)
	at liquibase.changelog.ChangeLogIterator.lambda$run$0(ChangeLogIterator.java:133)
	at liquibase.Scope.lambda$child$0(Scope.java:201)
	at liquibase.Scope.child(Scope.java:210)
	at liquibase.Scope.child(Scope.java:200)
	at liquibase.Scope.child(Scope.java:179)
	at liquibase.changelog.ChangeLogIterator.lambda$run$1(ChangeLogIterator.java:122)
	at liquibase.Scope.lambda$child$0(Scope.java:201)
	at liquibase.Scope.child(Scope.java:210)
	at liquibase.Scope.child(Scope.java:200)
	at liquibase.Scope.child(Scope.java:179)
	at liquibase.Scope.child(Scope.java:267)
	at liquibase.Scope.child(Scope.java:271)
	at liquibase.changelog.ChangeLogIterator.run(ChangeLogIterator.java:91)
	at liquibase.command.core.AbstractUpdateCommandStep.lambda$run$0(AbstractUpdateCommandStep.java:114)
	at liquibase.Scope.lambda$child$0(Scope.java:201)
	at liquibase.Scope.child(Scope.java:210)
	at liquibase.Scope.child(Scope.java:200)
	at liquibase.Scope.child(Scope.java:179)
	at liquibase.command.core.AbstractUpdateCommandStep.run(AbstractUpdateCommandStep.java:112)
	at liquibase.command.core.UpdateCommandStep.run(UpdateCommandStep.java:100)
	at liquibase.command.CommandScope.lambda$execute$6(CommandScope.java:253)
	at liquibase.Scope.child(Scope.java:210)
	at liquibase.Scope.child(Scope.java:186)
	at liquibase.command.CommandScope.execute(CommandScope.java:241)
	at liquibase.Liquibase.lambda$update$0(Liquibase.java:216)
	at liquibase.Scope.lambda$child$0(Scope.java:201)
	at liquibase.Scope.child(Scope.java:210)
	at liquibase.Scope.child(Scope.java:200)
	at liquibase.Scope.child(Scope.java:179)
	at liquibase.Liquibase.runInScope(Liquibase.java:1333)
	at liquibase.Liquibase.update(Liquibase.java:205)
	at liquibase.Liquibase.update(Liquibase.java:188)
	at liquibase.integration.spring.SpringLiquibase.performUpdate(SpringLiquibase.java:326)
	at liquibase.integration.spring.SpringLiquibase.lambda$afterPropertiesSet$0(SpringLiquibase.java:278)
	at liquibase.Scope.lambda$child$0(Scope.java:201)
	at liquibase.Scope.child(Scope.java:210)
	at liquibase.Scope.child(Scope.java:200)
	at liquibase.Scope.child(Scope.java:179)
	at liquibase.integration.spring.SpringLiquibase.afterPropertiesSet(SpringLiquibase.java:271)
	at org.springframework.beans.factory.support.AbstractAutowireCapableBeanFactory.invokeInitMethods(AbstractAutowireCapableBeanFactory.java:1847)
	at org.springframework.beans.factory.support.AbstractAutowireCapableBeanFactory.initializeBean(AbstractAutowireCapableBeanFactory.java:1784)
	at org.springframework.beans.factory.support.AbstractAutowireCapableBeanFactory.doCreateBean(AbstractAutowireCapableBeanFactory.java:609)
	at org.springframework.beans.factory.support.AbstractAutowireCapableBeanFactory.createBean(AbstractAutowireCapableBeanFactory.java:531)
	at org.springframework.beans.factory.support.AbstractBeanFactory.lambda$doGetBean$0(AbstractBeanFactory.java:335)
	at org.springframework.beans.factory.support.DefaultSingletonBeanRegistry.getSingleton(DefaultSingletonBeanRegistry.java:234)
	at org.springframework.beans.factory.support.AbstractBeanFactory.doGetBean(AbstractBeanFactory.java:333)
	at org.springframework.beans.factory.support.AbstractBeanFactory.getBean(AbstractBeanFactory.java:208)
	at org.springframework.beans.factory.support.AbstractBeanFactory.doGetBean(AbstractBeanFactory.java:322)
	at org.springframework.beans.factory.support.AbstractBeanFactory.getBean(AbstractBeanFactory.java:208)
	at org.springframework.context.support.AbstractApplicationContext.getBean(AbstractApplicationContext.java:1159)
	at org.springframework.context.support.AbstractApplicationContext.finishBeanFactoryInitialization(AbstractApplicationContext.java:913)
	at org.springframework.context.support.AbstractApplicationContext.refresh(AbstractApplicationContext.java:588)
	at org.springframework.boot.SpringApplication.refresh(SpringApplication.java:767)
	at org.springframework.boot.SpringApplication.refresh(SpringApplication.java:759)
	at org.springframework.boot.SpringApplication.refreshContext(SpringApplication.java:426)
	at org.springframework.boot.SpringApplication.run(SpringApplication.java:326)
	at org.springframework.boot.test.context.SpringBootContextLoader.loadContext(SpringBootContextLoader.java:122)
	at org.springframework.test.context.cache.DefaultCacheAwareContextLoaderDelegate.loadContextInternal(DefaultCacheAwareContextLoaderDelegate.java:99)
	at org.springframework.test.context.cache.DefaultCacheAwareContextLoaderDelegate.loadContext(DefaultCacheAwareContextLoaderDelegate.java:124)
	at org.springframework.test.context.support.DefaultTestContext.getApplicationContext(DefaultTestContext.java:123)
	at org.springframework.test.context.web.ServletTestExecutionListener.setUpRequestContextIfNecessary(ServletTestExecutionListener.java:190)
	at org.springframework.test.context.web.ServletTestExecutionListener.prepareTestInstance(ServletTestExecutionListener.java:132)
	at org.springframework.test.context.TestContextManager.prepareTestInstance(TestContextManager.java:244)
	at org.springframework.test.context.junit.jupiter.SpringExtension.postProcessTestInstance(SpringExtension.java:137)
	at org.junit.jupiter.engine.descriptor.ClassBasedTestDescriptor.lambda$invokeTestInstancePostProcessors$6(ClassBasedTestDescriptor.java:350)
	at org.junit.jupiter.engine.descriptor.ClassBasedTestDescriptor.executeAndMaskThrowable(ClassBasedTestDescriptor.java:355)
	at org.junit.jupiter.engine.descriptor.ClassBasedTestDescriptor.lambda$invokeTestInstancePostProcessors$7(ClassBasedTestDescriptor.java:350)
	at java.base/java.util.stream.ReferencePipeline$3$1.accept(ReferencePipeline.java:195)
	at java.base/java.util.stream.ReferencePipeline$2$1.accept(ReferencePipeline.java:177)
	at java.base/java.util.ArrayList$ArrayListSpliterator.forEachRemaining(ArrayList.java:1655)
	at java.base/java.util.stream.AbstractPipeline.copyInto(AbstractPipeline.java:484)
	at java.base/java.util.stream.AbstractPipeline.wrapAndCopyInto(AbstractPipeline.java:474)
	at java.base/java.util.stream.StreamSpliterators$WrappingSpliterator.forEachRemaining(StreamSpliterators.java:312)
	at java.base/java.util.stream.Streams$ConcatSpliterator.forEachRemaining(Streams.java:735)
	at java.base/java.util.stream.Streams$ConcatSpliterator.forEachRemaining(Streams.java:734)
	at java.base/java.util.stream.ReferencePipeline$Head.forEach(ReferencePipeline.java:658)
	at org.junit.jupiter.engine.descriptor.ClassBasedTestDescriptor.invokeTestInstancePostProcessors(ClassBasedTestDescriptor.java:349)
	at org.junit.jupiter.engine.descriptor.ClassBasedTestDescriptor.lambda$instantiateAndPostProcessTestInstance$4(ClassBasedTestDescriptor.java:270)
	at org.junit.platform.engine.support.hierarchical.ThrowableCollector.execute(ThrowableCollector.java:73)
	at org.junit.jupiter.engine.descriptor.ClassBasedTestDescriptor.instantiateAndPostProcessTestInstance(ClassBasedTestDescriptor.java:269)
	at org.junit.jupiter.engine.descriptor.ClassBasedTestDescriptor.lambda$testInstancesProvider$2(ClassBasedTestDescriptor.java:259)
	at java.base/java.util.Optional.orElseGet(Optional.java:369)
	at org.junit.jupiter.engine.descriptor.ClassBasedTestDescriptor.lambda$testInstancesProvider$3(ClassBasedTestDescriptor.java:258)
	at org.junit.jupiter.engine.execution.TestInstancesProvider.getTestInstances(TestInstancesProvider.java:31)
	at org.junit.jupiter.engine.descriptor.TestMethodTestDescriptor.lambda$prepare$0(TestMethodTestDescriptor.java:101)
	at org.junit.platform.engine.support.hierarchical.ThrowableCollector.execute(ThrowableCollector.java:73)
	at org.junit.jupiter.engine.descriptor.TestMethodTestDescriptor.prepare(TestMethodTestDescriptor.java:100)
	at org.junit.jupiter.engine.descriptor.TestMethodTestDescriptor.prepare(TestMethodTestDescriptor.java:65)
	at org.junit.platform.engine.support.hierarchical.NodeTestTask.lambda$prepare$1(NodeTestTask.java:111)
	at org.junit.platform.engine.support.hierarchical.ThrowableCollector.execute(ThrowableCollector.java:73)
	at org.junit.platform.engine.support.hierarchical.NodeTestTask.prepare(NodeTestTask.java:111)
	at org.junit.platform.engine.support.hierarchical.NodeTestTask.execute(NodeTestTask.java:79)
	at java.base/java.util.ArrayList.forEach(ArrayList.java:1541)
	at org.junit.platform.engine.support.hierarchical.SameThreadHierarchicalTestExecutorService.invokeAll(SameThreadHierarchicalTestExecutorService.java:38)
	at org.junit.platform.engine.support.hierarchical.NodeTestTask.lambda$executeRecursively$5(NodeTestTask.java:143)
	at org.junit.platform.engine.support.hierarchical.ThrowableCollector.execute(ThrowableCollector.java:73)
	at org.junit.platform.engine.support.hierarchical.NodeTestTask.lambda$executeRecursively$7(NodeTestTask.java:129)
	at org.junit.platform.engine.support.hierarchical.Node.around(Node.java:137)
	at org.junit.platform.engine.support.hierarchical.NodeTestTask.lambda$executeRecursively$8(NodeTestTask.java:127)
	at org.junit.platform.engine.support.hierarchical.ThrowableCollector.execute(ThrowableCollector.java:73)
	at org.junit.platform.engine.support.hierarchical.NodeTestTask.executeRecursively(NodeTestTask.java:126)
	at org.junit.platform.engine.support.hierarchical.NodeTestTask.execute(NodeTestTask.java:84)
	at java.base/java.util.ArrayList.forEach(ArrayList.java:1541)
	at org.junit.platform.engine.support.hierarchical.SameThreadHierarchicalTestExecutorService.invokeAll(SameThreadHierarchicalTestExecutorService.java:38)
	at org.junit.platform.engine.support.hierarchical.NodeTestTask.lambda$executeRecursively$5(NodeTestTask.java:143)
	at org.junit.platform.engine.support.hierarchical.ThrowableCollector.execute(ThrowableCollector.java:73)
	at org.junit.platform.engine.support.hierarchical.NodeTestTask.lambda$executeRecursively$7(NodeTestTask.java:129)
	at org.junit.platform.engine.support.hierarchical.Node.around(Node.java:137)
	at org.junit.platform.engine.support.hierarchical.NodeTestTask.lambda$executeRecursively$8(NodeTestTask.java:127)
	at org.junit.platform.engine.support.hierarchical.ThrowableCollector.execute(ThrowableCollector.java:73)
	at org.junit.platform.engine.support.hierarchical.NodeTestTask.executeRecursively(NodeTestTask.java:126)
	at org.junit.platform.engine.support.hierarchical.NodeTestTask.execute(NodeTestTask.java:84)
	at org.junit.platform.engine.support.hierarchical.SameThreadHierarchicalTestExecutorService.submit(SameThreadHierarchicalTestExecutorService.java:32)
	at org.junit.platform.engine.support.hierarchical.HierarchicalTestExecutor.execute(HierarchicalTestExecutor.java:57)
	at org.junit.platform.engine.support.hierarchical.HierarchicalTestEngine.execute(HierarchicalTestEngine.java:51)
	at org.junit.platform.launcher.core.DefaultLauncher.execute(DefaultLauncher.java:220)
	at org.junit.platform.launcher.core.DefaultLauncher.lambda$execute$6(DefaultLauncher.java:188)
	at org.junit.platform.launcher.core.DefaultLauncher.withInterceptedStreams(DefaultLauncher.java:202)
	at org.junit.platform.launcher.core.DefaultLauncher.execute(DefaultLauncher.java:181)
	at org.junit.platform.launcher.core.DefaultLauncher.execute(DefaultLauncher.java:128)
	at org.apache.maven.surefire.junitplatform.JUnitPlatformProvider.invokeAllTests(JUnitPlatformProvider.java:150)
	at org.apache.maven.surefire.junitplatform.JUnitPlatformProvider.invoke(JUnitPlatformProvider.java:124)
	at org.apache.maven.surefire.booter.ForkedBooter.invokeProviderInSameClassLoader(ForkedBooter.java:384)
	at org.apache.maven.surefire.booter.ForkedBooter.runSuitesInProcess(ForkedBooter.java:345)
	at org.apache.maven.surefire.booter.ForkedBooter.execute(ForkedBooter.java:126)
	at org.apache.maven.surefire.booter.ForkedBooter.main(ForkedBooter.java:418)
Caused by: java.sql.SQLSyntaxErrorException: (conn=1379) Table 'tasks' already exists
	at org.mariadb.jdbc.internal.util.exceptions.ExceptionFactory.createException(ExceptionFactory.java:62)
	at org.mariadb.jdbc.internal.util.exceptions.ExceptionFactory.create(ExceptionFactory.java:153)
	at org.mariadb.jdbc.MariaDbStatement.executeExceptionEpilogue(MariaDbStatement.java:274)
	at org.mariadb.jdbc.MariaDbStatement.executeInternal(MariaDbStatement.java:363)
	at org.mariadb.jdbc.MariaDbStatement.execute(MariaDbStatement.java:501)
	at com.zaxxer.hikari.pool.ProxyStatement.execute(ProxyStatement.java:95)
	at com.zaxxer.hikari.pool.HikariProxyStatement.execute(HikariProxyStatement.java)
	at liquibase.executor.jvm.JdbcExecutor$ExecuteStatementCallback.doInStatement(JdbcExecutor.java:491)
	... 133 common frames omitted
Caused by: org.mariadb.jdbc.internal.util.exceptions.MariaDbSqlException: Table 'tasks' already exists
	at org.mariadb.jdbc.internal.util.exceptions.MariaDbSqlException.of(MariaDbSqlException.java:34)
	at org.mariadb.jdbc.internal.protocol.AbstractQueryProtocol.exceptionWithQuery(AbstractQueryProtocol.java:194)
	at org.mariadb.jdbc.internal.protocol.AbstractQueryProtocol.executeQuery(AbstractQueryProtocol.java:262)
	at org.mariadb.jdbc.MariaDbStatement.executeInternal(MariaDbStatement.java:357)
	... 137 common frames omitted
Caused by: java.sql.SQLException: Table 'tasks' already exists
	at org.mariadb.jdbc.internal.protocol.AbstractQueryProtocol.readErrorPacket(AbstractQueryProtocol.java:1688)
	at org.mariadb.jdbc.internal.protocol.AbstractQueryProtocol.readPacket(AbstractQueryProtocol.java:1550)
	at org.mariadb.jdbc.internal.protocol.AbstractQueryProtocol.getResult(AbstractQueryProtocol.java:1513)
	at org.mariadb.jdbc.internal.protocol.AbstractQueryProtocol.executeQuery(AbstractQueryProtocol.java:256)
	... 138 common frames omitted
2026-08-17 11:16:05.198 [main] INFO  liquibase.util - UPDATE SUMMARY
2026-08-17 11:16:05.198 [main] INFO  liquibase.util - Run:                          0
2026-08-17 11:16:05.198 [main] INFO  liquibase.util - Previously run:               0
2026-08-17 11:16:05.198 [main] INFO  liquibase.util - Filtered out:                 0
2026-08-17 11:16:05.198 [main] INFO  liquibase.util - -------------------------------
2026-08-17 11:16:05.198 [main] INFO  liquibase.util - Total change sets:            2
2026-08-17 11:16:05.198 [main] INFO  liquibase.util - Update summary generated
2026-08-17 11:16:05.199 [main] INFO  liquibase.command - Update command encountered an exception.
2026-08-17 11:16:05.206 [main] INFO  liquibase.lockservice - Successfully released change log lock
2026-08-17 11:16:05.206 [main] INFO  liquibase.command - Logging exception.
2026-08-17 11:16:05.206 [main] INFO  liquibase.ui - ERROR: Exception Details
2026-08-17 11:16:05.206 [main] INFO  liquibase.ui - ERROR: Exception Primary Class:  SQLException
2026-08-17 11:16:05.206 [main] INFO  liquibase.ui - ERROR: Exception Primary Reason:  Table 'tasks' already exists
2026-08-17 11:16:05.206 [main] INFO  liquibase.ui - ERROR: Exception Primary Source:  MariaDB 11.8.8-MariaDB
2026-08-17 11:16:05.207 [main] INFO  liquibase.command - Command execution complete
2026-08-17 11:16:05.207 [main] WARN  o.s.w.c.s.GenericWebApplicationContext - Exception encountered during context initialization - cancelling refresh attempt: org.springframework.beans.factory.BeanCreationException: Error creating bean with name 'liquibase' defined in class path resource [org/springframework/boot/autoconfigure/liquibase/LiquibaseAutoConfiguration$LiquibaseConfiguration.class]: Invocation of init method failed; nested exception is liquibase.exception.LiquibaseException: liquibase.exception.CommandExecutionException: liquibase.exception.LiquibaseException: liquibase.exception.MigrationFailedException: Migration failed for changeset db/changelog/changes/01-create-tasks-table.xml::1::firstspringbootmariadbuser:
     Reason: liquibase.exception.DatabaseException: (conn=1379) Table 'tasks' already exists [Failed SQL: (1050) CREATE TABLE firstspringboot.tasks (id BIGINT AUTO_INCREMENT NOT NULL, task VARCHAR(255) NOT NULL, CONSTRAINT PK_TASKS PRIMARY KEY (id))]
2026-08-17 11:16:05.207 [main] INFO  com.zaxxer.hikari.HikariDataSource - HikariPool-5 - Shutdown initiated...
2026-08-17 11:16:05.208 [main] INFO  com.zaxxer.hikari.HikariDataSource - HikariPool-5 - Shutdown completed.
2026-08-17 11:16:05.210 [main] INFO  o.s.b.a.l.ConditionEvaluationReportLoggingListener - 

Error starting ApplicationContext. To display the conditions report re-run your application with 'debug' enabled.
2026-08-17 11:16:05.211 [main] ERROR o.s.boot.SpringApplication - Application run failed
org.springframework.beans.factory.BeanCreationException: Error creating bean with name 'liquibase' defined in class path resource [org/springframework/boot/autoconfigure/liquibase/LiquibaseAutoConfiguration$LiquibaseConfiguration.class]: Invocation of init method failed; nested exception is liquibase.exception.LiquibaseException: liquibase.exception.CommandExecutionException: liquibase.exception.LiquibaseException: liquibase.exception.MigrationFailedException: Migration failed for changeset db/changelog/changes/01-create-tasks-table.xml::1::firstspringbootmariadbuser:
     Reason: liquibase.exception.DatabaseException: (conn=1379) Table 'tasks' already exists [Failed SQL: (1050) CREATE TABLE firstspringboot.tasks (id BIGINT AUTO_INCREMENT NOT NULL, task VARCHAR(255) NOT NULL, CONSTRAINT PK_TASKS PRIMARY KEY (id))]
	at org.springframework.beans.factory.support.AbstractAutowireCapableBeanFactory.initializeBean(AbstractAutowireCapableBeanFactory.java:1788)
	at org.springframework.beans.factory.support.AbstractAutowireCapableBeanFactory.doCreateBean(AbstractAutowireCapableBeanFactory.java:609)
	at org.springframework.beans.factory.support.AbstractAutowireCapableBeanFactory.createBean(AbstractAutowireCapableBeanFactory.java:531)
	at org.springframework.beans.factory.support.AbstractBeanFactory.lambda$doGetBean$0(AbstractBeanFactory.java:335)
	at org.springframework.beans.factory.support.DefaultSingletonBeanRegistry.getSingleton(DefaultSingletonBeanRegistry.java:234)
	at org.springframework.beans.factory.support.AbstractBeanFactory.doGetBean(AbstractBeanFactory.java:333)
	at org.springframework.beans.factory.support.AbstractBeanFactory.getBean(AbstractBeanFactory.java:208)
	at org.springframework.beans.factory.support.AbstractBeanFactory.doGetBean(AbstractBeanFactory.java:322)
	at org.springframework.beans.factory.support.AbstractBeanFactory.getBean(AbstractBeanFactory.java:208)
	at org.springframework.context.support.AbstractApplicationContext.getBean(AbstractApplicationContext.java:1159)
	at org.springframework.context.support.AbstractApplicationContext.finishBeanFactoryInitialization(AbstractApplicationContext.java:913)
	at org.springframework.context.support.AbstractApplicationContext.refresh(AbstractApplicationContext.java:588)
	at org.springframework.boot.SpringApplication.refresh(SpringApplication.java:767)
	at org.springframework.boot.SpringApplication.refresh(SpringApplication.java:759)
	at org.springframework.boot.SpringApplication.refreshContext(SpringApplication.java:426)
	at org.springframework.boot.SpringApplication.run(SpringApplication.java:326)
	at org.springframework.boot.test.context.SpringBootContextLoader.loadContext(SpringBootContextLoader.java:122)
	at org.springframework.test.context.cache.DefaultCacheAwareContextLoaderDelegate.loadContextInternal(DefaultCacheAwareContextLoaderDelegate.java:99)
	at org.springframework.test.context.cache.DefaultCacheAwareContextLoaderDelegate.loadContext(DefaultCacheAwareContextLoaderDelegate.java:124)
	at org.springframework.test.context.support.DefaultTestContext.getApplicationContext(DefaultTestContext.java:123)
	at org.springframework.test.context.web.ServletTestExecutionListener.setUpRequestContextIfNecessary(ServletTestExecutionListener.java:190)
	at org.springframework.test.context.web.ServletTestExecutionListener.prepareTestInstance(ServletTestExecutionListener.java:132)
	at org.springframework.test.context.TestContextManager.prepareTestInstance(TestContextManager.java:244)
	at org.springframework.test.context.junit.jupiter.SpringExtension.postProcessTestInstance(SpringExtension.java:137)
	at org.junit.jupiter.engine.descriptor.ClassBasedTestDescriptor.lambda$invokeTestInstancePostProcessors$6(ClassBasedTestDescriptor.java:350)
	at org.junit.jupiter.engine.descriptor.ClassBasedTestDescriptor.executeAndMaskThrowable(ClassBasedTestDescriptor.java:355)
	at org.junit.jupiter.engine.descriptor.ClassBasedTestDescriptor.lambda$invokeTestInstancePostProcessors$7(ClassBasedTestDescriptor.java:350)
	at java.base/java.util.stream.ReferencePipeline$3$1.accept(ReferencePipeline.java:195)
	at java.base/java.util.stream.ReferencePipeline$2$1.accept(ReferencePipeline.java:177)
	at java.base/java.util.ArrayList$ArrayListSpliterator.forEachRemaining(ArrayList.java:1655)
	at java.base/java.util.stream.AbstractPipeline.copyInto(AbstractPipeline.java:484)
	at java.base/java.util.stream.AbstractPipeline.wrapAndCopyInto(AbstractPipeline.java:474)
	at java.base/java.util.stream.StreamSpliterators$WrappingSpliterator.forEachRemaining(StreamSpliterators.java:312)
	at java.base/java.util.stream.Streams$ConcatSpliterator.forEachRemaining(Streams.java:735)
	at java.base/java.util.stream.Streams$ConcatSpliterator.forEachRemaining(Streams.java:734)
	at java.base/java.util.stream.ReferencePipeline$Head.forEach(ReferencePipeline.java:658)
	at org.junit.jupiter.engine.descriptor.ClassBasedTestDescriptor.invokeTestInstancePostProcessors(ClassBasedTestDescriptor.java:349)
	at org.junit.jupiter.engine.descriptor.ClassBasedTestDescriptor.lambda$instantiateAndPostProcessTestInstance$4(ClassBasedTestDescriptor.java:270)
	at org.junit.platform.engine.support.hierarchical.ThrowableCollector.execute(ThrowableCollector.java:73)
	at org.junit.jupiter.engine.descriptor.ClassBasedTestDescriptor.instantiateAndPostProcessTestInstance(ClassBasedTestDescriptor.java:269)
	at org.junit.jupiter.engine.descriptor.ClassBasedTestDescriptor.lambda$testInstancesProvider$2(ClassBasedTestDescriptor.java:259)
	at java.base/java.util.Optional.orElseGet(Optional.java:369)
	at org.junit.jupiter.engine.descriptor.ClassBasedTestDescriptor.lambda$testInstancesProvider$3(ClassBasedTestDescriptor.java:258)
	at org.junit.jupiter.engine.execution.TestInstancesProvider.getTestInstances(TestInstancesProvider.java:31)
	at org.junit.jupiter.engine.descriptor.TestMethodTestDescriptor.lambda$prepare$0(TestMethodTestDescriptor.java:101)
	at org.junit.platform.engine.support.hierarchical.ThrowableCollector.execute(ThrowableCollector.java:73)
	at org.junit.jupiter.engine.descriptor.TestMethodTestDescriptor.prepare(TestMethodTestDescriptor.java:100)
	at org.junit.jupiter.engine.descriptor.TestMethodTestDescriptor.prepare(TestMethodTestDescriptor.java:65)
	at org.junit.platform.engine.support.hierarchical.NodeTestTask.lambda$prepare$1(NodeTestTask.java:111)
	at org.junit.platform.engine.support.hierarchical.ThrowableCollector.execute(ThrowableCollector.java:73)
	at org.junit.platform.engine.support.hierarchical.NodeTestTask.prepare(NodeTestTask.java:111)
	at org.junit.platform.engine.support.hierarchical.NodeTestTask.execute(NodeTestTask.java:79)
	at java.base/java.util.ArrayList.forEach(ArrayList.java:1541)
	at org.junit.platform.engine.support.hierarchical.SameThreadHierarchicalTestExecutorService.invokeAll(SameThreadHierarchicalTestExecutorService.java:38)
	at org.junit.platform.engine.support.hierarchical.NodeTestTask.lambda$executeRecursively$5(NodeTestTask.java:143)
	at org.junit.platform.engine.support.hierarchical.ThrowableCollector.execute(ThrowableCollector.java:73)
	at org.junit.platform.engine.support.hierarchical.NodeTestTask.lambda$executeRecursively$7(NodeTestTask.java:129)
	at org.junit.platform.engine.support.hierarchical.Node.around(Node.java:137)
	at org.junit.platform.engine.support.hierarchical.NodeTestTask.lambda$executeRecursively$8(NodeTestTask.java:127)
	at org.junit.platform.engine.support.hierarchical.ThrowableCollector.execute(ThrowableCollector.java:73)
	at org.junit.platform.engine.support.hierarchical.NodeTestTask.executeRecursively(NodeTestTask.java:126)
	at org.junit.platform.engine.support.hierarchical.NodeTestTask.execute(NodeTestTask.java:84)
	at java.base/java.util.ArrayList.forEach(ArrayList.java:1541)
	at org.junit.platform.engine.support.hierarchical.SameThreadHierarchicalTestExecutorService.invokeAll(SameThreadHierarchicalTestExecutorService.java:38)
	at org.junit.platform.engine.support.hierarchical.NodeTestTask.lambda$executeRecursively$5(NodeTestTask.java:143)
	at org.junit.platform.engine.support.hierarchical.ThrowableCollector.execute(ThrowableCollector.java:73)
	at org.junit.platform.engine.support.hierarchical.NodeTestTask.lambda$executeRecursively$7(NodeTestTask.java:129)
	at org.junit.platform.engine.support.hierarchical.Node.around(Node.java:137)
	at org.junit.platform.engine.support.hierarchical.NodeTestTask.lambda$executeRecursively$8(NodeTestTask.java:127)
	at org.junit.platform.engine.support.hierarchical.ThrowableCollector.execute(ThrowableCollector.java:73)
	at org.junit.platform.engine.support.hierarchical.NodeTestTask.executeRecursively(NodeTestTask.java:126)
	at org.junit.platform.engine.support.hierarchical.NodeTestTask.execute(NodeTestTask.java:84)
	at org.junit.platform.engine.support.hierarchical.SameThreadHierarchicalTestExecutorService.submit(SameThreadHierarchicalTestExecutorService.java:32)
	at org.junit.platform.engine.support.hierarchical.HierarchicalTestExecutor.execute(HierarchicalTestExecutor.java:57)
	at org.junit.platform.engine.support.hierarchical.HierarchicalTestEngine.execute(HierarchicalTestEngine.java:51)
	at org.junit.platform.launcher.core.DefaultLauncher.execute(DefaultLauncher.java:220)
	at org.junit.platform.launcher.core.DefaultLauncher.lambda$execute$6(DefaultLauncher.java:188)
	at org.junit.platform.launcher.core.DefaultLauncher.withInterceptedStreams(DefaultLauncher.java:202)
	at org.junit.platform.launcher.core.DefaultLauncher.execute(DefaultLauncher.java:181)
	at org.junit.platform.launcher.core.DefaultLauncher.execute(DefaultLauncher.java:128)
	at org.apache.maven.surefire.junitplatform.JUnitPlatformProvider.invokeAllTests(JUnitPlatformProvider.java:150)
	at org.apache.maven.surefire.junitplatform.JUnitPlatformProvider.invoke(JUnitPlatformProvider.java:124)
	at org.apache.maven.surefire.booter.ForkedBooter.invokeProviderInSameClassLoader(ForkedBooter.java:384)
	at org.apache.maven.surefire.booter.ForkedBooter.runSuitesInProcess(ForkedBooter.java:345)
	at org.apache.maven.surefire.booter.ForkedBooter.execute(ForkedBooter.java:126)
	at org.apache.maven.surefire.booter.ForkedBooter.main(ForkedBooter.java:418)
Caused by: liquibase.exception.LiquibaseException: liquibase.exception.CommandExecutionException: liquibase.exception.LiquibaseException: liquibase.exception.MigrationFailedException: Migration failed for changeset db/changelog/changes/01-create-tasks-table.xml::1::firstspringbootmariadbuser:
     Reason: liquibase.exception.DatabaseException: (conn=1379) Table 'tasks' already exists [Failed SQL: (1050) CREATE TABLE firstspringboot.tasks (id BIGINT AUTO_INCREMENT NOT NULL, task VARCHAR(255) NOT NULL, CONSTRAINT PK_TASKS PRIMARY KEY (id))]
	at liquibase.integration.spring.SpringLiquibase.afterPropertiesSet(SpringLiquibase.java:288)
	at org.springframework.beans.factory.support.AbstractAutowireCapableBeanFactory.invokeInitMethods(AbstractAutowireCapableBeanFactory.java:1847)
	at org.springframework.beans.factory.support.AbstractAutowireCapableBeanFactory.initializeBean(AbstractAutowireCapableBeanFactory.java:1784)
	... 85 common frames omitted
Caused by: liquibase.exception.CommandExecutionException: liquibase.exception.LiquibaseException: liquibase.exception.MigrationFailedException: Migration failed for changeset db/changelog/changes/01-create-tasks-table.xml::1::firstspringbootmariadbuser:
     Reason: liquibase.exception.DatabaseException: (conn=1379) Table 'tasks' already exists [Failed SQL: (1050) CREATE TABLE firstspringboot.tasks (id BIGINT AUTO_INCREMENT NOT NULL, task VARCHAR(255) NOT NULL, CONSTRAINT PK_TASKS PRIMARY KEY (id))]
	at liquibase.command.CommandScope.lambda$execute$6(CommandScope.java:300)
	at liquibase.Scope.child(Scope.java:210)
	at liquibase.Scope.child(Scope.java:186)
	at liquibase.command.CommandScope.execute(CommandScope.java:241)
	at liquibase.Liquibase.lambda$update$0(Liquibase.java:216)
	at liquibase.Scope.lambda$child$0(Scope.java:201)
	at liquibase.Scope.child(Scope.java:210)
	at liquibase.Scope.child(Scope.java:200)
	at liquibase.Scope.child(Scope.java:179)
	at liquibase.Liquibase.runInScope(Liquibase.java:1333)
	at liquibase.Liquibase.update(Liquibase.java:205)
	at liquibase.Liquibase.update(Liquibase.java:188)
	at liquibase.integration.spring.SpringLiquibase.performUpdate(SpringLiquibase.java:326)
	at liquibase.integration.spring.SpringLiquibase.lambda$afterPropertiesSet$0(SpringLiquibase.java:278)
	at liquibase.Scope.lambda$child$0(Scope.java:201)
	at liquibase.Scope.child(Scope.java:210)
	at liquibase.Scope.child(Scope.java:200)
	at liquibase.Scope.child(Scope.java:179)
	at liquibase.integration.spring.SpringLiquibase.afterPropertiesSet(SpringLiquibase.java:271)
	... 87 common frames omitted
Caused by: liquibase.exception.LiquibaseException: liquibase.exception.MigrationFailedException: Migration failed for changeset db/changelog/changes/01-create-tasks-table.xml::1::firstspringbootmariadbuser:
     Reason: liquibase.exception.DatabaseException: (conn=1379) Table 'tasks' already exists [Failed SQL: (1050) CREATE TABLE firstspringboot.tasks (id BIGINT AUTO_INCREMENT NOT NULL, task VARCHAR(255) NOT NULL, CONSTRAINT PK_TASKS PRIMARY KEY (id))]
	at liquibase.changelog.ChangeLogIterator.run(ChangeLogIterator.java:155)
	at liquibase.command.core.AbstractUpdateCommandStep.lambda$run$0(AbstractUpdateCommandStep.java:114)
	at liquibase.Scope.lambda$child$0(Scope.java:201)
	at liquibase.Scope.child(Scope.java:210)
	at liquibase.Scope.child(Scope.java:200)
	at liquibase.Scope.child(Scope.java:179)
	at liquibase.command.core.AbstractUpdateCommandStep.run(AbstractUpdateCommandStep.java:112)
	at liquibase.command.core.UpdateCommandStep.run(UpdateCommandStep.java:100)
	at liquibase.command.CommandScope.lambda$execute$6(CommandScope.java:253)
	... 105 common frames omitted
Caused by: liquibase.exception.MigrationFailedException: Migration failed for changeset db/changelog/changes/01-create-tasks-table.xml::1::firstspringbootmariadbuser:
     Reason: liquibase.exception.DatabaseException: (conn=1379) Table 'tasks' already exists [Failed SQL: (1050) CREATE TABLE firstspringboot.tasks (id BIGINT AUTO_INCREMENT NOT NULL, task VARCHAR(255) NOT NULL, CONSTRAINT PK_TASKS PRIMARY KEY (id))]
	at liquibase.changelog.ChangeSet.execute(ChangeSet.java:840)
	at liquibase.changelog.visitor.UpdateVisitor.executeAcceptedChange(UpdateVisitor.java:126)
	at liquibase.changelog.visitor.UpdateVisitor.visit(UpdateVisitor.java:70)
	at liquibase.changelog.ChangeLogIterator.lambda$run$0(ChangeLogIterator.java:133)
	at liquibase.Scope.lambda$child$0(Scope.java:201)
	at liquibase.Scope.child(Scope.java:210)
	at liquibase.Scope.child(Scope.java:200)
	at liquibase.Scope.child(Scope.java:179)
	at liquibase.changelog.ChangeLogIterator.lambda$run$1(ChangeLogIterator.java:122)
	at liquibase.Scope.lambda$child$0(Scope.java:201)
	at liquibase.Scope.child(Scope.java:210)
	at liquibase.Scope.child(Scope.java:200)
	at liquibase.Scope.child(Scope.java:179)
	at liquibase.Scope.child(Scope.java:267)
	at liquibase.Scope.child(Scope.java:271)
	at liquibase.changelog.ChangeLogIterator.run(ChangeLogIterator.java:91)
	... 113 common frames omitted
Caused by: liquibase.exception.DatabaseException: (conn=1379) Table 'tasks' already exists [Failed SQL: (1050) CREATE TABLE firstspringboot.tasks (id BIGINT AUTO_INCREMENT NOT NULL, task VARCHAR(255) NOT NULL, CONSTRAINT PK_TASKS PRIMARY KEY (id))]
	at liquibase.executor.jvm.JdbcExecutor$ExecuteStatementCallback.doInStatement(JdbcExecutor.java:497)
	at liquibase.executor.jvm.JdbcExecutor.execute(JdbcExecutor.java:83)
	at liquibase.executor.jvm.JdbcExecutor.execute(JdbcExecutor.java:185)
	at liquibase.executor.AbstractExecutor.execute(AbstractExecutor.java:141)
	at liquibase.database.AbstractJdbcDatabase.executeStatements(AbstractJdbcDatabase.java:1189)
	at liquibase.changelog.ChangeSet.execute(ChangeSet.java:790)
	... 128 common frames omitted
Caused by: java.sql.SQLSyntaxErrorException: (conn=1379) Table 'tasks' already exists
	at org.mariadb.jdbc.internal.util.exceptions.ExceptionFactory.createException(ExceptionFactory.java:62)
	at org.mariadb.jdbc.internal.util.exceptions.ExceptionFactory.create(ExceptionFactory.java:153)
	at org.mariadb.jdbc.MariaDbStatement.executeExceptionEpilogue(MariaDbStatement.java:274)
	at org.mariadb.jdbc.MariaDbStatement.executeInternal(MariaDbStatement.java:363)
	at org.mariadb.jdbc.MariaDbStatement.execute(MariaDbStatement.java:501)
	at com.zaxxer.hikari.pool.ProxyStatement.execute(ProxyStatement.java:95)
	at com.zaxxer.hikari.pool.HikariProxyStatement.execute(HikariProxyStatement.java)
	at liquibase.executor.jvm.JdbcExecutor$ExecuteStatementCallback.doInStatement(JdbcExecutor.java:491)
	... 133 common frames omitted
Caused by: org.mariadb.jdbc.internal.util.exceptions.MariaDbSqlException: Table 'tasks' already exists
	at org.mariadb.jdbc.internal.util.exceptions.MariaDbSqlException.of(MariaDbSqlException.java:34)
	at org.mariadb.jdbc.internal.protocol.AbstractQueryProtocol.exceptionWithQuery(AbstractQueryProtocol.java:194)
	at org.mariadb.jdbc.internal.protocol.AbstractQueryProtocol.executeQuery(AbstractQueryProtocol.java:262)
	at org.mariadb.jdbc.MariaDbStatement.executeInternal(MariaDbStatement.java:357)
	... 137 common frames omitted
Caused by: java.sql.SQLException: Table 'tasks' already exists
	at org.mariadb.jdbc.internal.protocol.AbstractQueryProtocol.readErrorPacket(AbstractQueryProtocol.java:1688)
	at org.mariadb.jdbc.internal.protocol.AbstractQueryProtocol.readPacket(AbstractQueryProtocol.java:1550)
	at org.mariadb.jdbc.internal.protocol.AbstractQueryProtocol.getResult(AbstractQueryProtocol.java:1513)
	at org.mariadb.jdbc.internal.protocol.AbstractQueryProtocol.executeQuery(AbstractQueryProtocol.java:256)
	... 138 common frames omitted
2026-08-17 11:16:05.211 [main] ERROR o.s.test.context.TestContextManager - Caught exception while allowing TestExecutionListener [org.springframework.test.context.web.ServletTestExecutionListener@403b7be3] to prepare test instance [com.viettelsoftware.firstspringboot.EndToEndIntegrationTest@341c8f67]
java.lang.IllegalStateException: Failed to load ApplicationContext
	at org.springframework.test.context.cache.DefaultCacheAwareContextLoaderDelegate.loadContext(DefaultCacheAwareContextLoaderDelegate.java:132)
	at org.springframework.test.context.support.DefaultTestContext.getApplicationContext(DefaultTestContext.java:123)
	at org.springframework.test.context.web.ServletTestExecutionListener.setUpRequestContextIfNecessary(ServletTestExecutionListener.java:190)
	at org.springframework.test.context.web.ServletTestExecutionListener.prepareTestInstance(ServletTestExecutionListener.java:132)
	at org.springframework.test.context.TestContextManager.prepareTestInstance(TestContextManager.java:244)
	at org.springframework.test.context.junit.jupiter.SpringExtension.postProcessTestInstance(SpringExtension.java:137)
	at org.junit.jupiter.engine.descriptor.ClassBasedTestDescriptor.lambda$invokeTestInstancePostProcessors$6(ClassBasedTestDescriptor.java:350)
	at org.junit.jupiter.engine.descriptor.ClassBasedTestDescriptor.executeAndMaskThrowable(ClassBasedTestDescriptor.java:355)
	at org.junit.jupiter.engine.descriptor.ClassBasedTestDescriptor.lambda$invokeTestInstancePostProcessors$7(ClassBasedTestDescriptor.java:350)
	at java.base/java.util.stream.ReferencePipeline$3$1.accept(ReferencePipeline.java:195)
	at java.base/java.util.stream.ReferencePipeline$2$1.accept(ReferencePipeline.java:177)
	at java.base/java.util.ArrayList$ArrayListSpliterator.forEachRemaining(ArrayList.java:1655)
	at java.base/java.util.stream.AbstractPipeline.copyInto(AbstractPipeline.java:484)
	at java.base/java.util.stream.AbstractPipeline.wrapAndCopyInto(AbstractPipeline.java:474)
	at java.base/java.util.stream.StreamSpliterators$WrappingSpliterator.forEachRemaining(StreamSpliterators.java:312)
	at java.base/java.util.stream.Streams$ConcatSpliterator.forEachRemaining(Streams.java:735)
	at java.base/java.util.stream.Streams$ConcatSpliterator.forEachRemaining(Streams.java:734)
	at java.base/java.util.stream.ReferencePipeline$Head.forEach(ReferencePipeline.java:658)
	at org.junit.jupiter.engine.descriptor.ClassBasedTestDescriptor.invokeTestInstancePostProcessors(ClassBasedTestDescriptor.java:349)
	at org.junit.jupiter.engine.descriptor.ClassBasedTestDescriptor.lambda$instantiateAndPostProcessTestInstance$4(ClassBasedTestDescriptor.java:270)
	at org.junit.platform.engine.support.hierarchical.ThrowableCollector.execute(ThrowableCollector.java:73)
	at org.junit.jupiter.engine.descriptor.ClassBasedTestDescriptor.instantiateAndPostProcessTestInstance(ClassBasedTestDescriptor.java:269)
	at org.junit.jupiter.engine.descriptor.ClassBasedTestDescriptor.lambda$testInstancesProvider$2(ClassBasedTestDescriptor.java:259)
	at java.base/java.util.Optional.orElseGet(Optional.java:369)
	at org.junit.jupiter.engine.descriptor.ClassBasedTestDescriptor.lambda$testInstancesProvider$3(ClassBasedTestDescriptor.java:258)
	at org.junit.jupiter.engine.execution.TestInstancesProvider.getTestInstances(TestInstancesProvider.java:31)
	at org.junit.jupiter.engine.descriptor.TestMethodTestDescriptor.lambda$prepare$0(TestMethodTestDescriptor.java:101)
	at org.junit.platform.engine.support.hierarchical.ThrowableCollector.execute(ThrowableCollector.java:73)
	at org.junit.jupiter.engine.descriptor.TestMethodTestDescriptor.prepare(TestMethodTestDescriptor.java:100)
	at org.junit.jupiter.engine.descriptor.TestMethodTestDescriptor.prepare(TestMethodTestDescriptor.java:65)
	at org.junit.platform.engine.support.hierarchical.NodeTestTask.lambda$prepare$1(NodeTestTask.java:111)
	at org.junit.platform.engine.support.hierarchical.ThrowableCollector.execute(ThrowableCollector.java:73)
	at org.junit.platform.engine.support.hierarchical.NodeTestTask.prepare(NodeTestTask.java:111)
	at org.junit.platform.engine.support.hierarchical.NodeTestTask.execute(NodeTestTask.java:79)
	at java.base/java.util.ArrayList.forEach(ArrayList.java:1541)
	at org.junit.platform.engine.support.hierarchical.SameThreadHierarchicalTestExecutorService.invokeAll(SameThreadHierarchicalTestExecutorService.java:38)
	at org.junit.platform.engine.support.hierarchical.NodeTestTask.lambda$executeRecursively$5(NodeTestTask.java:143)
	at org.junit.platform.engine.support.hierarchical.ThrowableCollector.execute(ThrowableCollector.java:73)
	at org.junit.platform.engine.support.hierarchical.NodeTestTask.lambda$executeRecursively$7(NodeTestTask.java:129)
	at org.junit.platform.engine.support.hierarchical.Node.around(Node.java:137)
	at org.junit.platform.engine.support.hierarchical.NodeTestTask.lambda$executeRecursively$8(NodeTestTask.java:127)
	at org.junit.platform.engine.support.hierarchical.ThrowableCollector.execute(ThrowableCollector.java:73)
	at org.junit.platform.engine.support.hierarchical.NodeTestTask.executeRecursively(NodeTestTask.java:126)
	at org.junit.platform.engine.support.hierarchical.NodeTestTask.execute(NodeTestTask.java:84)
	at java.base/java.util.ArrayList.forEach(ArrayList.java:1541)
	at org.junit.platform.engine.support.hierarchical.SameThreadHierarchicalTestExecutorService.invokeAll(SameThreadHierarchicalTestExecutorService.java:38)
	at org.junit.platform.engine.support.hierarchical.NodeTestTask.lambda$executeRecursively$5(NodeTestTask.java:143)
	at org.junit.platform.engine.support.hierarchical.ThrowableCollector.execute(ThrowableCollector.java:73)
	at org.junit.platform.engine.support.hierarchical.NodeTestTask.lambda$executeRecursively$7(NodeTestTask.java:129)
	at org.junit.platform.engine.support.hierarchical.Node.around(Node.java:137)
	at org.junit.platform.engine.support.hierarchical.NodeTestTask.lambda$executeRecursively$8(NodeTestTask.java:127)
	at org.junit.platform.engine.support.hierarchical.ThrowableCollector.execute(ThrowableCollector.java:73)
	at org.junit.platform.engine.support.hierarchical.NodeTestTask.executeRecursively(NodeTestTask.java:126)
	at org.junit.platform.engine.support.hierarchical.NodeTestTask.execute(NodeTestTask.java:84)
	at org.junit.platform.engine.support.hierarchical.SameThreadHierarchicalTestExecutorService.submit(SameThreadHierarchicalTestExecutorService.java:32)
	at org.junit.platform.engine.support.hierarchical.HierarchicalTestExecutor.execute(HierarchicalTestExecutor.java:57)
	at org.junit.platform.engine.support.hierarchical.HierarchicalTestEngine.execute(HierarchicalTestEngine.java:51)
	at org.junit.platform.launcher.core.DefaultLauncher.execute(DefaultLauncher.java:220)
	at org.junit.platform.launcher.core.DefaultLauncher.lambda$execute$6(DefaultLauncher.java:188)
	at org.junit.platform.launcher.core.DefaultLauncher.withInterceptedStreams(DefaultLauncher.java:202)
	at org.junit.platform.launcher.core.DefaultLauncher.execute(DefaultLauncher.java:181)
	at org.junit.platform.launcher.core.DefaultLauncher.execute(DefaultLauncher.java:128)
	at org.apache.maven.surefire.junitplatform.JUnitPlatformProvider.invokeAllTests(JUnitPlatformProvider.java:150)
	at org.apache.maven.surefire.junitplatform.JUnitPlatformProvider.invoke(JUnitPlatformProvider.java:124)
	at org.apache.maven.surefire.booter.ForkedBooter.invokeProviderInSameClassLoader(ForkedBooter.java:384)
	at org.apache.maven.surefire.booter.ForkedBooter.runSuitesInProcess(ForkedBooter.java:345)
	at org.apache.maven.surefire.booter.ForkedBooter.execute(ForkedBooter.java:126)
	at org.apache.maven.surefire.booter.ForkedBooter.main(ForkedBooter.java:418)
Caused by: org.springframework.beans.factory.BeanCreationException: Error creating bean with name 'liquibase' defined in class path resource [org/springframework/boot/autoconfigure/liquibase/LiquibaseAutoConfiguration$LiquibaseConfiguration.class]: Invocation of init method failed; nested exception is liquibase.exception.LiquibaseException: liquibase.exception.CommandExecutionException: liquibase.exception.LiquibaseException: liquibase.exception.MigrationFailedException: Migration failed for changeset db/changelog/changes/01-create-tasks-table.xml::1::firstspringbootmariadbuser:
     Reason: liquibase.exception.DatabaseException: (conn=1379) Table 'tasks' already exists [Failed SQL: (1050) CREATE TABLE firstspringboot.tasks (id BIGINT AUTO_INCREMENT NOT NULL, task VARCHAR(255) NOT NULL, CONSTRAINT PK_TASKS PRIMARY KEY (id))]
	at org.springframework.beans.factory.support.AbstractAutowireCapableBeanFactory.initializeBean(AbstractAutowireCapableBeanFactory.java:1788)
	at org.springframework.beans.factory.support.AbstractAutowireCapableBeanFactory.doCreateBean(AbstractAutowireCapableBeanFactory.java:609)
	at org.springframework.beans.factory.support.AbstractAutowireCapableBeanFactory.createBean(AbstractAutowireCapableBeanFactory.java:531)
	at org.springframework.beans.factory.support.AbstractBeanFactory.lambda$doGetBean$0(AbstractBeanFactory.java:335)
	at org.springframework.beans.factory.support.DefaultSingletonBeanRegistry.getSingleton(DefaultSingletonBeanRegistry.java:234)
	at org.springframework.beans.factory.support.AbstractBeanFactory.doGetBean(AbstractBeanFactory.java:333)
	at org.springframework.beans.factory.support.AbstractBeanFactory.getBean(AbstractBeanFactory.java:208)
	at org.springframework.beans.factory.support.AbstractBeanFactory.doGetBean(AbstractBeanFactory.java:322)
	at org.springframework.beans.factory.support.AbstractBeanFactory.getBean(AbstractBeanFactory.java:208)
	at org.springframework.context.support.AbstractApplicationContext.getBean(AbstractApplicationContext.java:1159)
	at org.springframework.context.support.AbstractApplicationContext.finishBeanFactoryInitialization(AbstractApplicationContext.java:913)
	at org.springframework.context.support.AbstractApplicationContext.refresh(AbstractApplicationContext.java:588)
	at org.springframework.boot.SpringApplication.refresh(SpringApplication.java:767)
	at org.springframework.boot.SpringApplication.refresh(SpringApplication.java:759)
	at org.springframework.boot.SpringApplication.refreshContext(SpringApplication.java:426)
	at org.springframework.boot.SpringApplication.run(SpringApplication.java:326)
	at org.springframework.boot.test.context.SpringBootContextLoader.loadContext(SpringBootContextLoader.java:122)
	at org.springframework.test.context.cache.DefaultCacheAwareContextLoaderDelegate.loadContextInternal(DefaultCacheAwareContextLoaderDelegate.java:99)
	at org.springframework.test.context.cache.DefaultCacheAwareContextLoaderDelegate.loadContext(DefaultCacheAwareContextLoaderDelegate.java:124)
	... 67 common frames omitted
Caused by: liquibase.exception.LiquibaseException: liquibase.exception.CommandExecutionException: liquibase.exception.LiquibaseException: liquibase.exception.MigrationFailedException: Migration failed for changeset db/changelog/changes/01-create-tasks-table.xml::1::firstspringbootmariadbuser:
     Reason: liquibase.exception.DatabaseException: (conn=1379) Table 'tasks' already exists [Failed SQL: (1050) CREATE TABLE firstspringboot.tasks (id BIGINT AUTO_INCREMENT NOT NULL, task VARCHAR(255) NOT NULL, CONSTRAINT PK_TASKS PRIMARY KEY (id))]
	at liquibase.integration.spring.SpringLiquibase.afterPropertiesSet(SpringLiquibase.java:288)
	at org.springframework.beans.factory.support.AbstractAutowireCapableBeanFactory.invokeInitMethods(AbstractAutowireCapableBeanFactory.java:1847)
	at org.springframework.beans.factory.support.AbstractAutowireCapableBeanFactory.initializeBean(AbstractAutowireCapableBeanFactory.java:1784)
	... 85 common frames omitted
Caused by: liquibase.exception.CommandExecutionException: liquibase.exception.LiquibaseException: liquibase.exception.MigrationFailedException: Migration failed for changeset db/changelog/changes/01-create-tasks-table.xml::1::firstspringbootmariadbuser:
     Reason: liquibase.exception.DatabaseException: (conn=1379) Table 'tasks' already exists [Failed SQL: (1050) CREATE TABLE firstspringboot.tasks (id BIGINT AUTO_INCREMENT NOT NULL, task VARCHAR(255) NOT NULL, CONSTRAINT PK_TASKS PRIMARY KEY (id))]
	at liquibase.command.CommandScope.lambda$execute$6(CommandScope.java:300)
	at liquibase.Scope.child(Scope.java:210)
	at liquibase.Scope.child(Scope.java:186)
	at liquibase.command.CommandScope.execute(CommandScope.java:241)
	at liquibase.Liquibase.lambda$update$0(Liquibase.java:216)
	at liquibase.Scope.lambda$child$0(Scope.java:201)
	at liquibase.Scope.child(Scope.java:210)
	at liquibase.Scope.child(Scope.java:200)
	at liquibase.Scope.child(Scope.java:179)
	at liquibase.Liquibase.runInScope(Liquibase.java:1333)
	at liquibase.Liquibase.update(Liquibase.java:205)
	at liquibase.Liquibase.update(Liquibase.java:188)
	at liquibase.integration.spring.SpringLiquibase.performUpdate(SpringLiquibase.java:326)
	at liquibase.integration.spring.SpringLiquibase.lambda$afterPropertiesSet$0(SpringLiquibase.java:278)
	at liquibase.Scope.lambda$child$0(Scope.java:201)
	at liquibase.Scope.child(Scope.java:210)
	at liquibase.Scope.child(Scope.java:200)
	at liquibase.Scope.child(Scope.java:179)
	at liquibase.integration.spring.SpringLiquibase.afterPropertiesSet(SpringLiquibase.java:271)
	... 87 common frames omitted
Caused by: liquibase.exception.LiquibaseException: liquibase.exception.MigrationFailedException: Migration failed for changeset db/changelog/changes/01-create-tasks-table.xml::1::firstspringbootmariadbuser:
     Reason: liquibase.exception.DatabaseException: (conn=1379) Table 'tasks' already exists [Failed SQL: (1050) CREATE TABLE firstspringboot.tasks (id BIGINT AUTO_INCREMENT NOT NULL, task VARCHAR(255) NOT NULL, CONSTRAINT PK_TASKS PRIMARY KEY (id))]
	at liquibase.changelog.ChangeLogIterator.run(ChangeLogIterator.java:155)
	at liquibase.command.core.AbstractUpdateCommandStep.lambda$run$0(AbstractUpdateCommandStep.java:114)
	at liquibase.Scope.lambda$child$0(Scope.java:201)
	at liquibase.Scope.child(Scope.java:210)
	at liquibase.Scope.child(Scope.java:200)
	at liquibase.Scope.child(Scope.java:179)
	at liquibase.command.core.AbstractUpdateCommandStep.run(AbstractUpdateCommandStep.java:112)
	at liquibase.command.core.UpdateCommandStep.run(UpdateCommandStep.java:100)
	at liquibase.command.CommandScope.lambda$execute$6(CommandScope.java:253)
	... 105 common frames omitted
Caused by: liquibase.exception.MigrationFailedException: Migration failed for changeset db/changelog/changes/01-create-tasks-table.xml::1::firstspringbootmariadbuser:
     Reason: liquibase.exception.DatabaseException: (conn=1379) Table 'tasks' already exists [Failed SQL: (1050) CREATE TABLE firstspringboot.tasks (id BIGINT AUTO_INCREMENT NOT NULL, task VARCHAR(255) NOT NULL, CONSTRAINT PK_TASKS PRIMARY KEY (id))]
	at liquibase.changelog.ChangeSet.execute(ChangeSet.java:840)
	at liquibase.changelog.visitor.UpdateVisitor.executeAcceptedChange(UpdateVisitor.java:126)
	at liquibase.changelog.visitor.UpdateVisitor.visit(UpdateVisitor.java:70)
	at liquibase.changelog.ChangeLogIterator.lambda$run$0(ChangeLogIterator.java:133)
	at liquibase.Scope.lambda$child$0(Scope.java:201)
	at liquibase.Scope.child(Scope.java:210)
	at liquibase.Scope.child(Scope.java:200)
	at liquibase.Scope.child(Scope.java:179)
	at liquibase.changelog.ChangeLogIterator.lambda$run$1(ChangeLogIterator.java:122)
	at liquibase.Scope.lambda$child$0(Scope.java:201)
	at liquibase.Scope.child(Scope.java:210)
	at liquibase.Scope.child(Scope.java:200)
	at liquibase.Scope.child(Scope.java:179)
	at liquibase.Scope.child(Scope.java:267)
	at liquibase.Scope.child(Scope.java:271)
	at liquibase.changelog.ChangeLogIterator.run(ChangeLogIterator.java:91)
	... 113 common frames omitted
Caused by: liquibase.exception.DatabaseException: (conn=1379) Table 'tasks' already exists [Failed SQL: (1050) CREATE TABLE firstspringboot.tasks (id BIGINT AUTO_INCREMENT NOT NULL, task VARCHAR(255) NOT NULL, CONSTRAINT PK_TASKS PRIMARY KEY (id))]
	at liquibase.executor.jvm.JdbcExecutor$ExecuteStatementCallback.doInStatement(JdbcExecutor.java:497)
	at liquibase.executor.jvm.JdbcExecutor.execute(JdbcExecutor.java:83)
	at liquibase.executor.jvm.JdbcExecutor.execute(JdbcExecutor.java:185)
	at liquibase.executor.AbstractExecutor.execute(AbstractExecutor.java:141)
	at liquibase.database.AbstractJdbcDatabase.executeStatements(AbstractJdbcDatabase.java:1189)
	at liquibase.changelog.ChangeSet.execute(ChangeSet.java:790)
	... 128 common frames omitted
Caused by: java.sql.SQLSyntaxErrorException: (conn=1379) Table 'tasks' already exists
	at org.mariadb.jdbc.internal.util.exceptions.ExceptionFactory.createException(ExceptionFactory.java:62)
	at org.mariadb.jdbc.internal.util.exceptions.ExceptionFactory.create(ExceptionFactory.java:153)
	at org.mariadb.jdbc.MariaDbStatement.executeExceptionEpilogue(MariaDbStatement.java:274)
	at org.mariadb.jdbc.MariaDbStatement.executeInternal(MariaDbStatement.java:363)
	at org.mariadb.jdbc.MariaDbStatement.execute(MariaDbStatement.java:501)
	at com.zaxxer.hikari.pool.ProxyStatement.execute(ProxyStatement.java:95)
	at com.zaxxer.hikari.pool.HikariProxyStatement.execute(HikariProxyStatement.java)
	at liquibase.executor.jvm.JdbcExecutor$ExecuteStatementCallback.doInStatement(JdbcExecutor.java:491)
	... 133 common frames omitted
Caused by: org.mariadb.jdbc.internal.util.exceptions.MariaDbSqlException: Table 'tasks' already exists
	at org.mariadb.jdbc.internal.util.exceptions.MariaDbSqlException.of(MariaDbSqlException.java:34)
	at org.mariadb.jdbc.internal.protocol.AbstractQueryProtocol.exceptionWithQuery(AbstractQueryProtocol.java:194)
	at org.mariadb.jdbc.internal.protocol.AbstractQueryProtocol.executeQuery(AbstractQueryProtocol.java:262)
	at org.mariadb.jdbc.MariaDbStatement.executeInternal(MariaDbStatement.java:357)
	... 137 common frames omitted
Caused by: java.sql.SQLException: Table 'tasks' already exists
	at org.mariadb.jdbc.internal.protocol.AbstractQueryProtocol.readErrorPacket(AbstractQueryProtocol.java:1688)
	at org.mariadb.jdbc.internal.protocol.AbstractQueryProtocol.readPacket(AbstractQueryProtocol.java:1550)
	at org.mariadb.jdbc.internal.protocol.AbstractQueryProtocol.getResult(AbstractQueryProtocol.java:1513)
	at org.mariadb.jdbc.internal.protocol.AbstractQueryProtocol.executeQuery(AbstractQueryProtocol.java:256)
	... 138 common frames omitted
2026-08-17 11:16:05.228 [main] INFO  c.v.f.EndToEndIntegrationTest - Starting EndToEndIntegrationTest using Java 11.0.32 on lenovo-legion-16iah7h-PF3XJ8SP with PID 183149 (started by ayin in /home/ayin/projs/firstspringboot)
2026-08-17 11:16:05.228 [main] INFO  c.v.f.EndToEndIntegrationTest - No active profile set, falling back to default profiles: default
2026-08-17 11:16:05.329 [main] INFO  o.s.d.r.c.RepositoryConfigurationDelegate - Bootstrapping Spring Data JPA repositories in DEFAULT mode.
2026-08-17 11:16:05.337 [main] INFO  o.s.d.r.c.RepositoryConfigurationDelegate - Finished Spring Data repository scanning in 7 ms. Found 2 JPA repository interfaces.
2026-08-17 11:16:05.395 [main] INFO  o.s.c.s.PostProcessorRegistrationDelegate$BeanPostProcessorChecker - Bean 'org.springframework.security.access.expression.method.DefaultMethodSecurityExpressionHandler@60a3a0fa' of type [org.springframework.security.access.expression.method.DefaultMethodSecurityExpressionHandler] is not eligible for getting processed by all BeanPostProcessors (for example: not eligible for auto-proxying)
2026-08-17 11:16:05.399 [main] INFO  o.s.c.s.PostProcessorRegistrationDelegate$BeanPostProcessorChecker - Bean 'methodSecurityMetadataSource' of type [org.springframework.security.access.method.DelegatingMethodSecurityMetadataSource] is not eligible for getting processed by all BeanPostProcessors (for example: not eligible for auto-proxying)
2026-08-17 11:16:05.436 [main] INFO  com.zaxxer.hikari.HikariDataSource - HikariPool-6 - Starting...
2026-08-17 11:16:05.438 [main] INFO  com.zaxxer.hikari.HikariDataSource - HikariPool-6 - Start completed.
2026-08-17 11:16:05.464 [main] INFO  liquibase.changelog - Reading from firstspringboot.DATABASECHANGELOG
2026-08-17 11:16:05.495 [main] INFO  liquibase.lockservice - Successfully acquired change log lock
2026-08-17 11:16:05.495 [main] INFO  liquibase.command - Using deploymentId: 6940162109
2026-08-17 11:16:05.496 [main] INFO  liquibase.changelog - Reading from firstspringboot.DATABASECHANGELOG
2026-08-17 11:16:05.501 [main] INFO  liquibase.ui - Running Changeset: db/changelog/changes/01-create-tasks-table.xml::1::firstspringbootmariadbuser
2026-08-17 11:16:05.503 [main] ERROR liquibase.changelog - ChangeSet db/changelog/changes/01-create-tasks-table.xml::1::firstspringbootmariadbuser encountered an exception.
liquibase.exception.DatabaseException: (conn=1380) Table 'tasks' already exists [Failed SQL: (1050) CREATE TABLE firstspringboot.tasks (id BIGINT AUTO_INCREMENT NOT NULL, task VARCHAR(255) NOT NULL, CONSTRAINT PK_TASKS PRIMARY KEY (id))]
	at liquibase.executor.jvm.JdbcExecutor$ExecuteStatementCallback.doInStatement(JdbcExecutor.java:497)
	at liquibase.executor.jvm.JdbcExecutor.execute(JdbcExecutor.java:83)
	at liquibase.executor.jvm.JdbcExecutor.execute(JdbcExecutor.java:185)
	at liquibase.executor.AbstractExecutor.execute(AbstractExecutor.java:141)
	at liquibase.database.AbstractJdbcDatabase.executeStatements(AbstractJdbcDatabase.java:1189)
	at liquibase.changelog.ChangeSet.execute(ChangeSet.java:790)
	at liquibase.changelog.visitor.UpdateVisitor.executeAcceptedChange(UpdateVisitor.java:126)
	at liquibase.changelog.visitor.UpdateVisitor.visit(UpdateVisitor.java:70)
	at liquibase.changelog.ChangeLogIterator.lambda$run$0(ChangeLogIterator.java:133)
	at liquibase.Scope.lambda$child$0(Scope.java:201)
	at liquibase.Scope.child(Scope.java:210)
	at liquibase.Scope.child(Scope.java:200)
	at liquibase.Scope.child(Scope.java:179)
	at liquibase.changelog.ChangeLogIterator.lambda$run$1(ChangeLogIterator.java:122)
	at liquibase.Scope.lambda$child$0(Scope.java:201)
	at liquibase.Scope.child(Scope.java:210)
	at liquibase.Scope.child(Scope.java:200)
	at liquibase.Scope.child(Scope.java:179)
	at liquibase.Scope.child(Scope.java:267)
	at liquibase.Scope.child(Scope.java:271)
	at liquibase.changelog.ChangeLogIterator.run(ChangeLogIterator.java:91)
	at liquibase.command.core.AbstractUpdateCommandStep.lambda$run$0(AbstractUpdateCommandStep.java:114)
	at liquibase.Scope.lambda$child$0(Scope.java:201)
	at liquibase.Scope.child(Scope.java:210)
	at liquibase.Scope.child(Scope.java:200)
	at liquibase.Scope.child(Scope.java:179)
	at liquibase.command.core.AbstractUpdateCommandStep.run(AbstractUpdateCommandStep.java:112)
	at liquibase.command.core.UpdateCommandStep.run(UpdateCommandStep.java:100)
	at liquibase.command.CommandScope.lambda$execute$6(CommandScope.java:253)
	at liquibase.Scope.child(Scope.java:210)
	at liquibase.Scope.child(Scope.java:186)
	at liquibase.command.CommandScope.execute(CommandScope.java:241)
	at liquibase.Liquibase.lambda$update$0(Liquibase.java:216)
	at liquibase.Scope.lambda$child$0(Scope.java:201)
	at liquibase.Scope.child(Scope.java:210)
	at liquibase.Scope.child(Scope.java:200)
	at liquibase.Scope.child(Scope.java:179)
	at liquibase.Liquibase.runInScope(Liquibase.java:1333)
	at liquibase.Liquibase.update(Liquibase.java:205)
	at liquibase.Liquibase.update(Liquibase.java:188)
	at liquibase.integration.spring.SpringLiquibase.performUpdate(SpringLiquibase.java:326)
	at liquibase.integration.spring.SpringLiquibase.lambda$afterPropertiesSet$0(SpringLiquibase.java:278)
	at liquibase.Scope.lambda$child$0(Scope.java:201)
	at liquibase.Scope.child(Scope.java:210)
	at liquibase.Scope.child(Scope.java:200)
	at liquibase.Scope.child(Scope.java:179)
	at liquibase.integration.spring.SpringLiquibase.afterPropertiesSet(SpringLiquibase.java:271)
	at org.springframework.beans.factory.support.AbstractAutowireCapableBeanFactory.invokeInitMethods(AbstractAutowireCapableBeanFactory.java:1847)
	at org.springframework.beans.factory.support.AbstractAutowireCapableBeanFactory.initializeBean(AbstractAutowireCapableBeanFactory.java:1784)
	at org.springframework.beans.factory.support.AbstractAutowireCapableBeanFactory.doCreateBean(AbstractAutowireCapableBeanFactory.java:609)
	at org.springframework.beans.factory.support.AbstractAutowireCapableBeanFactory.createBean(AbstractAutowireCapableBeanFactory.java:531)
	at org.springframework.beans.factory.support.AbstractBeanFactory.lambda$doGetBean$0(AbstractBeanFactory.java:335)
	at org.springframework.beans.factory.support.DefaultSingletonBeanRegistry.getSingleton(DefaultSingletonBeanRegistry.java:234)
	at org.springframework.beans.factory.support.AbstractBeanFactory.doGetBean(AbstractBeanFactory.java:333)
	at org.springframework.beans.factory.support.AbstractBeanFactory.getBean(AbstractBeanFactory.java:208)
	at org.springframework.beans.factory.support.AbstractBeanFactory.doGetBean(AbstractBeanFactory.java:322)
	at org.springframework.beans.factory.support.AbstractBeanFactory.getBean(AbstractBeanFactory.java:208)
	at org.springframework.context.support.AbstractApplicationContext.getBean(AbstractApplicationContext.java:1159)
	at org.springframework.context.support.AbstractApplicationContext.finishBeanFactoryInitialization(AbstractApplicationContext.java:913)
	at org.springframework.context.support.AbstractApplicationContext.refresh(AbstractApplicationContext.java:588)
	at org.springframework.boot.SpringApplication.refresh(SpringApplication.java:767)
	at org.springframework.boot.SpringApplication.refresh(SpringApplication.java:759)
	at org.springframework.boot.SpringApplication.refreshContext(SpringApplication.java:426)
	at org.springframework.boot.SpringApplication.run(SpringApplication.java:326)
	at org.springframework.boot.test.context.SpringBootContextLoader.loadContext(SpringBootContextLoader.java:122)
	at org.springframework.test.context.cache.DefaultCacheAwareContextLoaderDelegate.loadContextInternal(DefaultCacheAwareContextLoaderDelegate.java:99)
	at org.springframework.test.context.cache.DefaultCacheAwareContextLoaderDelegate.loadContext(DefaultCacheAwareContextLoaderDelegate.java:124)
	at org.springframework.test.context.support.DefaultTestContext.getApplicationContext(DefaultTestContext.java:123)
	at org.springframework.test.context.web.ServletTestExecutionListener.setUpRequestContextIfNecessary(ServletTestExecutionListener.java:190)
	at org.springframework.test.context.web.ServletTestExecutionListener.prepareTestInstance(ServletTestExecutionListener.java:132)
	at org.springframework.test.context.TestContextManager.prepareTestInstance(TestContextManager.java:244)
	at org.springframework.test.context.junit.jupiter.SpringExtension.postProcessTestInstance(SpringExtension.java:137)
	at org.junit.jupiter.engine.descriptor.ClassBasedTestDescriptor.lambda$invokeTestInstancePostProcessors$6(ClassBasedTestDescriptor.java:350)
	at org.junit.jupiter.engine.descriptor.ClassBasedTestDescriptor.executeAndMaskThrowable(ClassBasedTestDescriptor.java:355)
	at org.junit.jupiter.engine.descriptor.ClassBasedTestDescriptor.lambda$invokeTestInstancePostProcessors$7(ClassBasedTestDescriptor.java:350)
	at java.base/java.util.stream.ReferencePipeline$3$1.accept(ReferencePipeline.java:195)
	at java.base/java.util.stream.ReferencePipeline$2$1.accept(ReferencePipeline.java:177)
	at java.base/java.util.ArrayList$ArrayListSpliterator.forEachRemaining(ArrayList.java:1655)
	at java.base/java.util.stream.AbstractPipeline.copyInto(AbstractPipeline.java:484)
	at java.base/java.util.stream.AbstractPipeline.wrapAndCopyInto(AbstractPipeline.java:474)
	at java.base/java.util.stream.StreamSpliterators$WrappingSpliterator.forEachRemaining(StreamSpliterators.java:312)
	at java.base/java.util.stream.Streams$ConcatSpliterator.forEachRemaining(Streams.java:735)
	at java.base/java.util.stream.Streams$ConcatSpliterator.forEachRemaining(Streams.java:734)
	at java.base/java.util.stream.ReferencePipeline$Head.forEach(ReferencePipeline.java:658)
	at org.junit.jupiter.engine.descriptor.ClassBasedTestDescriptor.invokeTestInstancePostProcessors(ClassBasedTestDescriptor.java:349)
	at org.junit.jupiter.engine.descriptor.ClassBasedTestDescriptor.lambda$instantiateAndPostProcessTestInstance$4(ClassBasedTestDescriptor.java:270)
	at org.junit.platform.engine.support.hierarchical.ThrowableCollector.execute(ThrowableCollector.java:73)
	at org.junit.jupiter.engine.descriptor.ClassBasedTestDescriptor.instantiateAndPostProcessTestInstance(ClassBasedTestDescriptor.java:269)
	at org.junit.jupiter.engine.descriptor.ClassBasedTestDescriptor.lambda$testInstancesProvider$2(ClassBasedTestDescriptor.java:259)
	at java.base/java.util.Optional.orElseGet(Optional.java:369)
	at org.junit.jupiter.engine.descriptor.ClassBasedTestDescriptor.lambda$testInstancesProvider$3(ClassBasedTestDescriptor.java:258)
	at org.junit.jupiter.engine.execution.TestInstancesProvider.getTestInstances(TestInstancesProvider.java:31)
	at org.junit.jupiter.engine.descriptor.TestMethodTestDescriptor.lambda$prepare$0(TestMethodTestDescriptor.java:101)
	at org.junit.platform.engine.support.hierarchical.ThrowableCollector.execute(ThrowableCollector.java:73)
	at org.junit.jupiter.engine.descriptor.TestMethodTestDescriptor.prepare(TestMethodTestDescriptor.java:100)
	at org.junit.jupiter.engine.descriptor.TestMethodTestDescriptor.prepare(TestMethodTestDescriptor.java:65)
	at org.junit.platform.engine.support.hierarchical.NodeTestTask.lambda$prepare$1(NodeTestTask.java:111)
	at org.junit.platform.engine.support.hierarchical.ThrowableCollector.execute(ThrowableCollector.java:73)
	at org.junit.platform.engine.support.hierarchical.NodeTestTask.prepare(NodeTestTask.java:111)
	at org.junit.platform.engine.support.hierarchical.NodeTestTask.execute(NodeTestTask.java:79)
	at java.base/java.util.ArrayList.forEach(ArrayList.java:1541)
	at org.junit.platform.engine.support.hierarchical.SameThreadHierarchicalTestExecutorService.invokeAll(SameThreadHierarchicalTestExecutorService.java:38)
	at org.junit.platform.engine.support.hierarchical.NodeTestTask.lambda$executeRecursively$5(NodeTestTask.java:143)
	at org.junit.platform.engine.support.hierarchical.ThrowableCollector.execute(ThrowableCollector.java:73)
	at org.junit.platform.engine.support.hierarchical.NodeTestTask.lambda$executeRecursively$7(NodeTestTask.java:129)
	at org.junit.platform.engine.support.hierarchical.Node.around(Node.java:137)
	at org.junit.platform.engine.support.hierarchical.NodeTestTask.lambda$executeRecursively$8(NodeTestTask.java:127)
	at org.junit.platform.engine.support.hierarchical.ThrowableCollector.execute(ThrowableCollector.java:73)
	at org.junit.platform.engine.support.hierarchical.NodeTestTask.executeRecursively(NodeTestTask.java:126)
	at org.junit.platform.engine.support.hierarchical.NodeTestTask.execute(NodeTestTask.java:84)
	at java.base/java.util.ArrayList.forEach(ArrayList.java:1541)
	at org.junit.platform.engine.support.hierarchical.SameThreadHierarchicalTestExecutorService.invokeAll(SameThreadHierarchicalTestExecutorService.java:38)
	at org.junit.platform.engine.support.hierarchical.NodeTestTask.lambda$executeRecursively$5(NodeTestTask.java:143)
	at org.junit.platform.engine.support.hierarchical.ThrowableCollector.execute(ThrowableCollector.java:73)
	at org.junit.platform.engine.support.hierarchical.NodeTestTask.lambda$executeRecursively$7(NodeTestTask.java:129)
	at org.junit.platform.engine.support.hierarchical.Node.around(Node.java:137)
	at org.junit.platform.engine.support.hierarchical.NodeTestTask.lambda$executeRecursively$8(NodeTestTask.java:127)
	at org.junit.platform.engine.support.hierarchical.ThrowableCollector.execute(ThrowableCollector.java:73)
	at org.junit.platform.engine.support.hierarchical.NodeTestTask.executeRecursively(NodeTestTask.java:126)
	at org.junit.platform.engine.support.hierarchical.NodeTestTask.execute(NodeTestTask.java:84)
	at org.junit.platform.engine.support.hierarchical.SameThreadHierarchicalTestExecutorService.submit(SameThreadHierarchicalTestExecutorService.java:32)
	at org.junit.platform.engine.support.hierarchical.HierarchicalTestExecutor.execute(HierarchicalTestExecutor.java:57)
	at org.junit.platform.engine.support.hierarchical.HierarchicalTestEngine.execute(HierarchicalTestEngine.java:51)
	at org.junit.platform.launcher.core.DefaultLauncher.execute(DefaultLauncher.java:220)
	at org.junit.platform.launcher.core.DefaultLauncher.lambda$execute$6(DefaultLauncher.java:188)
	at org.junit.platform.launcher.core.DefaultLauncher.withInterceptedStreams(DefaultLauncher.java:202)
	at org.junit.platform.launcher.core.DefaultLauncher.execute(DefaultLauncher.java:181)
	at org.junit.platform.launcher.core.DefaultLauncher.execute(DefaultLauncher.java:128)
	at org.apache.maven.surefire.junitplatform.JUnitPlatformProvider.invokeAllTests(JUnitPlatformProvider.java:150)
	at org.apache.maven.surefire.junitplatform.JUnitPlatformProvider.invoke(JUnitPlatformProvider.java:124)
	at org.apache.maven.surefire.booter.ForkedBooter.invokeProviderInSameClassLoader(ForkedBooter.java:384)
	at org.apache.maven.surefire.booter.ForkedBooter.runSuitesInProcess(ForkedBooter.java:345)
	at org.apache.maven.surefire.booter.ForkedBooter.execute(ForkedBooter.java:126)
	at org.apache.maven.surefire.booter.ForkedBooter.main(ForkedBooter.java:418)
Caused by: java.sql.SQLSyntaxErrorException: (conn=1380) Table 'tasks' already exists
	at org.mariadb.jdbc.internal.util.exceptions.ExceptionFactory.createException(ExceptionFactory.java:62)
	at org.mariadb.jdbc.internal.util.exceptions.ExceptionFactory.create(ExceptionFactory.java:153)
	at org.mariadb.jdbc.MariaDbStatement.executeExceptionEpilogue(MariaDbStatement.java:274)
	at org.mariadb.jdbc.MariaDbStatement.executeInternal(MariaDbStatement.java:363)
	at org.mariadb.jdbc.MariaDbStatement.execute(MariaDbStatement.java:501)
	at com.zaxxer.hikari.pool.ProxyStatement.execute(ProxyStatement.java:95)
	at com.zaxxer.hikari.pool.HikariProxyStatement.execute(HikariProxyStatement.java)
	at liquibase.executor.jvm.JdbcExecutor$ExecuteStatementCallback.doInStatement(JdbcExecutor.java:491)
	... 133 common frames omitted
Caused by: org.mariadb.jdbc.internal.util.exceptions.MariaDbSqlException: Table 'tasks' already exists
	at org.mariadb.jdbc.internal.util.exceptions.MariaDbSqlException.of(MariaDbSqlException.java:34)
	at org.mariadb.jdbc.internal.protocol.AbstractQueryProtocol.exceptionWithQuery(AbstractQueryProtocol.java:194)
	at org.mariadb.jdbc.internal.protocol.AbstractQueryProtocol.executeQuery(AbstractQueryProtocol.java:262)
	at org.mariadb.jdbc.MariaDbStatement.executeInternal(MariaDbStatement.java:357)
	... 137 common frames omitted
Caused by: java.sql.SQLException: Table 'tasks' already exists
	at org.mariadb.jdbc.internal.protocol.AbstractQueryProtocol.readErrorPacket(AbstractQueryProtocol.java:1688)
	at org.mariadb.jdbc.internal.protocol.AbstractQueryProtocol.readPacket(AbstractQueryProtocol.java:1550)
	at org.mariadb.jdbc.internal.protocol.AbstractQueryProtocol.getResult(AbstractQueryProtocol.java:1513)
	at org.mariadb.jdbc.internal.protocol.AbstractQueryProtocol.executeQuery(AbstractQueryProtocol.java:256)
	... 138 common frames omitted
2026-08-17 11:16:05.504 [main] INFO  liquibase.util - UPDATE SUMMARY
2026-08-17 11:16:05.504 [main] INFO  liquibase.util - Run:                          0
2026-08-17 11:16:05.504 [main] INFO  liquibase.util - Previously run:               0
2026-08-17 11:16:05.504 [main] INFO  liquibase.util - Filtered out:                 0
2026-08-17 11:16:05.504 [main] INFO  liquibase.util - -------------------------------
2026-08-17 11:16:05.504 [main] INFO  liquibase.util - Total change sets:            2
2026-08-17 11:16:05.504 [main] INFO  liquibase.util - Update summary generated
2026-08-17 11:16:05.504 [main] INFO  liquibase.command - Update command encountered an exception.
2026-08-17 11:16:05.512 [main] INFO  liquibase.lockservice - Successfully released change log lock
2026-08-17 11:16:05.513 [main] INFO  liquibase.command - Logging exception.
2026-08-17 11:16:05.513 [main] INFO  liquibase.ui - ERROR: Exception Details
2026-08-17 11:16:05.513 [main] INFO  liquibase.ui - ERROR: Exception Primary Class:  SQLException
2026-08-17 11:16:05.513 [main] INFO  liquibase.ui - ERROR: Exception Primary Reason:  Table 'tasks' already exists
2026-08-17 11:16:05.513 [main] INFO  liquibase.ui - ERROR: Exception Primary Source:  MariaDB 11.8.8-MariaDB
2026-08-17 11:16:05.513 [main] INFO  liquibase.command - Command execution complete
2026-08-17 11:16:05.514 [main] WARN  o.s.w.c.s.GenericWebApplicationContext - Exception encountered during context initialization - cancelling refresh attempt: org.springframework.beans.factory.BeanCreationException: Error creating bean with name 'liquibase' defined in class path resource [org/springframework/boot/autoconfigure/liquibase/LiquibaseAutoConfiguration$LiquibaseConfiguration.class]: Invocation of init method failed; nested exception is liquibase.exception.LiquibaseException: liquibase.exception.CommandExecutionException: liquibase.exception.LiquibaseException: liquibase.exception.MigrationFailedException: Migration failed for changeset db/changelog/changes/01-create-tasks-table.xml::1::firstspringbootmariadbuser:
     Reason: liquibase.exception.DatabaseException: (conn=1380) Table 'tasks' already exists [Failed SQL: (1050) CREATE TABLE firstspringboot.tasks (id BIGINT AUTO_INCREMENT NOT NULL, task VARCHAR(255) NOT NULL, CONSTRAINT PK_TASKS PRIMARY KEY (id))]
2026-08-17 11:16:05.514 [main] INFO  com.zaxxer.hikari.HikariDataSource - HikariPool-6 - Shutdown initiated...
2026-08-17 11:16:05.515 [main] INFO  com.zaxxer.hikari.HikariDataSource - HikariPool-6 - Shutdown completed.
2026-08-17 11:16:05.518 [main] INFO  o.s.b.a.l.ConditionEvaluationReportLoggingListener - 

Error starting ApplicationContext. To display the conditions report re-run your application with 'debug' enabled.
2026-08-17 11:16:05.519 [main] ERROR o.s.boot.SpringApplication - Application run failed
org.springframework.beans.factory.BeanCreationException: Error creating bean with name 'liquibase' defined in class path resource [org/springframework/boot/autoconfigure/liquibase/LiquibaseAutoConfiguration$LiquibaseConfiguration.class]: Invocation of init method failed; nested exception is liquibase.exception.LiquibaseException: liquibase.exception.CommandExecutionException: liquibase.exception.LiquibaseException: liquibase.exception.MigrationFailedException: Migration failed for changeset db/changelog/changes/01-create-tasks-table.xml::1::firstspringbootmariadbuser:
     Reason: liquibase.exception.DatabaseException: (conn=1380) Table 'tasks' already exists [Failed SQL: (1050) CREATE TABLE firstspringboot.tasks (id BIGINT AUTO_INCREMENT NOT NULL, task VARCHAR(255) NOT NULL, CONSTRAINT PK_TASKS PRIMARY KEY (id))]
	at org.springframework.beans.factory.support.AbstractAutowireCapableBeanFactory.initializeBean(AbstractAutowireCapableBeanFactory.java:1788)
	at org.springframework.beans.factory.support.AbstractAutowireCapableBeanFactory.doCreateBean(AbstractAutowireCapableBeanFactory.java:609)
	at org.springframework.beans.factory.support.AbstractAutowireCapableBeanFactory.createBean(AbstractAutowireCapableBeanFactory.java:531)
	at org.springframework.beans.factory.support.AbstractBeanFactory.lambda$doGetBean$0(AbstractBeanFactory.java:335)
	at org.springframework.beans.factory.support.DefaultSingletonBeanRegistry.getSingleton(DefaultSingletonBeanRegistry.java:234)
	at org.springframework.beans.factory.support.AbstractBeanFactory.doGetBean(AbstractBeanFactory.java:333)
	at org.springframework.beans.factory.support.AbstractBeanFactory.getBean(AbstractBeanFactory.java:208)
	at org.springframework.beans.factory.support.AbstractBeanFactory.doGetBean(AbstractBeanFactory.java:322)
	at org.springframework.beans.factory.support.AbstractBeanFactory.getBean(AbstractBeanFactory.java:208)
	at org.springframework.context.support.AbstractApplicationContext.getBean(AbstractApplicationContext.java:1159)
	at org.springframework.context.support.AbstractApplicationContext.finishBeanFactoryInitialization(AbstractApplicationContext.java:913)
	at org.springframework.context.support.AbstractApplicationContext.refresh(AbstractApplicationContext.java:588)
	at org.springframework.boot.SpringApplication.refresh(SpringApplication.java:767)
	at org.springframework.boot.SpringApplication.refresh(SpringApplication.java:759)
	at org.springframework.boot.SpringApplication.refreshContext(SpringApplication.java:426)
	at org.springframework.boot.SpringApplication.run(SpringApplication.java:326)
	at org.springframework.boot.test.context.SpringBootContextLoader.loadContext(SpringBootContextLoader.java:122)
	at org.springframework.test.context.cache.DefaultCacheAwareContextLoaderDelegate.loadContextInternal(DefaultCacheAwareContextLoaderDelegate.java:99)
	at org.springframework.test.context.cache.DefaultCacheAwareContextLoaderDelegate.loadContext(DefaultCacheAwareContextLoaderDelegate.java:124)
	at org.springframework.test.context.support.DefaultTestContext.getApplicationContext(DefaultTestContext.java:123)
	at org.springframework.test.context.web.ServletTestExecutionListener.setUpRequestContextIfNecessary(ServletTestExecutionListener.java:190)
	at org.springframework.test.context.web.ServletTestExecutionListener.prepareTestInstance(ServletTestExecutionListener.java:132)
	at org.springframework.test.context.TestContextManager.prepareTestInstance(TestContextManager.java:244)
	at org.springframework.test.context.junit.jupiter.SpringExtension.postProcessTestInstance(SpringExtension.java:137)
	at org.junit.jupiter.engine.descriptor.ClassBasedTestDescriptor.lambda$invokeTestInstancePostProcessors$6(ClassBasedTestDescriptor.java:350)
	at org.junit.jupiter.engine.descriptor.ClassBasedTestDescriptor.executeAndMaskThrowable(ClassBasedTestDescriptor.java:355)
	at org.junit.jupiter.engine.descriptor.ClassBasedTestDescriptor.lambda$invokeTestInstancePostProcessors$7(ClassBasedTestDescriptor.java:350)
	at java.base/java.util.stream.ReferencePipeline$3$1.accept(ReferencePipeline.java:195)
	at java.base/java.util.stream.ReferencePipeline$2$1.accept(ReferencePipeline.java:177)
	at java.base/java.util.ArrayList$ArrayListSpliterator.forEachRemaining(ArrayList.java:1655)
	at java.base/java.util.stream.AbstractPipeline.copyInto(AbstractPipeline.java:484)
	at java.base/java.util.stream.AbstractPipeline.wrapAndCopyInto(AbstractPipeline.java:474)
	at java.base/java.util.stream.StreamSpliterators$WrappingSpliterator.forEachRemaining(StreamSpliterators.java:312)
	at java.base/java.util.stream.Streams$ConcatSpliterator.forEachRemaining(Streams.java:735)
	at java.base/java.util.stream.Streams$ConcatSpliterator.forEachRemaining(Streams.java:734)
	at java.base/java.util.stream.ReferencePipeline$Head.forEach(ReferencePipeline.java:658)
	at org.junit.jupiter.engine.descriptor.ClassBasedTestDescriptor.invokeTestInstancePostProcessors(ClassBasedTestDescriptor.java:349)
	at org.junit.jupiter.engine.descriptor.ClassBasedTestDescriptor.lambda$instantiateAndPostProcessTestInstance$4(ClassBasedTestDescriptor.java:270)
	at org.junit.platform.engine.support.hierarchical.ThrowableCollector.execute(ThrowableCollector.java:73)
	at org.junit.jupiter.engine.descriptor.ClassBasedTestDescriptor.instantiateAndPostProcessTestInstance(ClassBasedTestDescriptor.java:269)
	at org.junit.jupiter.engine.descriptor.ClassBasedTestDescriptor.lambda$testInstancesProvider$2(ClassBasedTestDescriptor.java:259)
	at java.base/java.util.Optional.orElseGet(Optional.java:369)
	at org.junit.jupiter.engine.descriptor.ClassBasedTestDescriptor.lambda$testInstancesProvider$3(ClassBasedTestDescriptor.java:258)
	at org.junit.jupiter.engine.execution.TestInstancesProvider.getTestInstances(TestInstancesProvider.java:31)
	at org.junit.jupiter.engine.descriptor.TestMethodTestDescriptor.lambda$prepare$0(TestMethodTestDescriptor.java:101)
	at org.junit.platform.engine.support.hierarchical.ThrowableCollector.execute(ThrowableCollector.java:73)
	at org.junit.jupiter.engine.descriptor.TestMethodTestDescriptor.prepare(TestMethodTestDescriptor.java:100)
	at org.junit.jupiter.engine.descriptor.TestMethodTestDescriptor.prepare(TestMethodTestDescriptor.java:65)
	at org.junit.platform.engine.support.hierarchical.NodeTestTask.lambda$prepare$1(NodeTestTask.java:111)
	at org.junit.platform.engine.support.hierarchical.ThrowableCollector.execute(ThrowableCollector.java:73)
	at org.junit.platform.engine.support.hierarchical.NodeTestTask.prepare(NodeTestTask.java:111)
	at org.junit.platform.engine.support.hierarchical.NodeTestTask.execute(NodeTestTask.java:79)
	at java.base/java.util.ArrayList.forEach(ArrayList.java:1541)
	at org.junit.platform.engine.support.hierarchical.SameThreadHierarchicalTestExecutorService.invokeAll(SameThreadHierarchicalTestExecutorService.java:38)
	at org.junit.platform.engine.support.hierarchical.NodeTestTask.lambda$executeRecursively$5(NodeTestTask.java:143)
	at org.junit.platform.engine.support.hierarchical.ThrowableCollector.execute(ThrowableCollector.java:73)
	at org.junit.platform.engine.support.hierarchical.NodeTestTask.lambda$executeRecursively$7(NodeTestTask.java:129)
	at org.junit.platform.engine.support.hierarchical.Node.around(Node.java:137)
	at org.junit.platform.engine.support.hierarchical.NodeTestTask.lambda$executeRecursively$8(NodeTestTask.java:127)
	at org.junit.platform.engine.support.hierarchical.ThrowableCollector.execute(ThrowableCollector.java:73)
	at org.junit.platform.engine.support.hierarchical.NodeTestTask.executeRecursively(NodeTestTask.java:126)
	at org.junit.platform.engine.support.hierarchical.NodeTestTask.execute(NodeTestTask.java:84)
	at java.base/java.util.ArrayList.forEach(ArrayList.java:1541)
	at org.junit.platform.engine.support.hierarchical.SameThreadHierarchicalTestExecutorService.invokeAll(SameThreadHierarchicalTestExecutorService.java:38)
	at org.junit.platform.engine.support.hierarchical.NodeTestTask.lambda$executeRecursively$5(NodeTestTask.java:143)
	at org.junit.platform.engine.support.hierarchical.ThrowableCollector.execute(ThrowableCollector.java:73)
	at org.junit.platform.engine.support.hierarchical.NodeTestTask.lambda$executeRecursively$7(NodeTestTask.java:129)
	at org.junit.platform.engine.support.hierarchical.Node.around(Node.java:137)
	at org.junit.platform.engine.support.hierarchical.NodeTestTask.lambda$executeRecursively$8(NodeTestTask.java:127)
	at org.junit.platform.engine.support.hierarchical.ThrowableCollector.execute(ThrowableCollector.java:73)
	at org.junit.platform.engine.support.hierarchical.NodeTestTask.executeRecursively(NodeTestTask.java:126)
	at org.junit.platform.engine.support.hierarchical.NodeTestTask.execute(NodeTestTask.java:84)
	at org.junit.platform.engine.support.hierarchical.SameThreadHierarchicalTestExecutorService.submit(SameThreadHierarchicalTestExecutorService.java:32)
	at org.junit.platform.engine.support.hierarchical.HierarchicalTestExecutor.execute(HierarchicalTestExecutor.java:57)
	at org.junit.platform.engine.support.hierarchical.HierarchicalTestEngine.execute(HierarchicalTestEngine.java:51)
	at org.junit.platform.launcher.core.DefaultLauncher.execute(DefaultLauncher.java:220)
	at org.junit.platform.launcher.core.DefaultLauncher.lambda$execute$6(DefaultLauncher.java:188)
	at org.junit.platform.launcher.core.DefaultLauncher.withInterceptedStreams(DefaultLauncher.java:202)
	at org.junit.platform.launcher.core.DefaultLauncher.execute(DefaultLauncher.java:181)
	at org.junit.platform.launcher.core.DefaultLauncher.execute(DefaultLauncher.java:128)
	at org.apache.maven.surefire.junitplatform.JUnitPlatformProvider.invokeAllTests(JUnitPlatformProvider.java:150)
	at org.apache.maven.surefire.junitplatform.JUnitPlatformProvider.invoke(JUnitPlatformProvider.java:124)
	at org.apache.maven.surefire.booter.ForkedBooter.invokeProviderInSameClassLoader(ForkedBooter.java:384)
	at org.apache.maven.surefire.booter.ForkedBooter.runSuitesInProcess(ForkedBooter.java:345)
	at org.apache.maven.surefire.booter.ForkedBooter.execute(ForkedBooter.java:126)
	at org.apache.maven.surefire.booter.ForkedBooter.main(ForkedBooter.java:418)
Caused by: liquibase.exception.LiquibaseException: liquibase.exception.CommandExecutionException: liquibase.exception.LiquibaseException: liquibase.exception.MigrationFailedException: Migration failed for changeset db/changelog/changes/01-create-tasks-table.xml::1::firstspringbootmariadbuser:
     Reason: liquibase.exception.DatabaseException: (conn=1380) Table 'tasks' already exists [Failed SQL: (1050) CREATE TABLE firstspringboot.tasks (id BIGINT AUTO_INCREMENT NOT NULL, task VARCHAR(255) NOT NULL, CONSTRAINT PK_TASKS PRIMARY KEY (id))]
	at liquibase.integration.spring.SpringLiquibase.afterPropertiesSet(SpringLiquibase.java:288)
	at org.springframework.beans.factory.support.AbstractAutowireCapableBeanFactory.invokeInitMethods(AbstractAutowireCapableBeanFactory.java:1847)
	at org.springframework.beans.factory.support.AbstractAutowireCapableBeanFactory.initializeBean(AbstractAutowireCapableBeanFactory.java:1784)
	... 85 common frames omitted
Caused by: liquibase.exception.CommandExecutionException: liquibase.exception.LiquibaseException: liquibase.exception.MigrationFailedException: Migration failed for changeset db/changelog/changes/01-create-tasks-table.xml::1::firstspringbootmariadbuser:
     Reason: liquibase.exception.DatabaseException: (conn=1380) Table 'tasks' already exists [Failed SQL: (1050) CREATE TABLE firstspringboot.tasks (id BIGINT AUTO_INCREMENT NOT NULL, task VARCHAR(255) NOT NULL, CONSTRAINT PK_TASKS PRIMARY KEY (id))]
	at liquibase.command.CommandScope.lambda$execute$6(CommandScope.java:300)
	at liquibase.Scope.child(Scope.java:210)
	at liquibase.Scope.child(Scope.java:186)
	at liquibase.command.CommandScope.execute(CommandScope.java:241)
	at liquibase.Liquibase.lambda$update$0(Liquibase.java:216)
	at liquibase.Scope.lambda$child$0(Scope.java:201)
	at liquibase.Scope.child(Scope.java:210)
	at liquibase.Scope.child(Scope.java:200)
	at liquibase.Scope.child(Scope.java:179)
	at liquibase.Liquibase.runInScope(Liquibase.java:1333)
	at liquibase.Liquibase.update(Liquibase.java:205)
	at liquibase.Liquibase.update(Liquibase.java:188)
	at liquibase.integration.spring.SpringLiquibase.performUpdate(SpringLiquibase.java:326)
	at liquibase.integration.spring.SpringLiquibase.lambda$afterPropertiesSet$0(SpringLiquibase.java:278)
	at liquibase.Scope.lambda$child$0(Scope.java:201)
	at liquibase.Scope.child(Scope.java:210)
	at liquibase.Scope.child(Scope.java:200)
	at liquibase.Scope.child(Scope.java:179)
	at liquibase.integration.spring.SpringLiquibase.afterPropertiesSet(SpringLiquibase.java:271)
	... 87 common frames omitted
Caused by: liquibase.exception.LiquibaseException: liquibase.exception.MigrationFailedException: Migration failed for changeset db/changelog/changes/01-create-tasks-table.xml::1::firstspringbootmariadbuser:
     Reason: liquibase.exception.DatabaseException: (conn=1380) Table 'tasks' already exists [Failed SQL: (1050) CREATE TABLE firstspringboot.tasks (id BIGINT AUTO_INCREMENT NOT NULL, task VARCHAR(255) NOT NULL, CONSTRAINT PK_TASKS PRIMARY KEY (id))]
	at liquibase.changelog.ChangeLogIterator.run(ChangeLogIterator.java:155)
	at liquibase.command.core.AbstractUpdateCommandStep.lambda$run$0(AbstractUpdateCommandStep.java:114)
	at liquibase.Scope.lambda$child$0(Scope.java:201)
	at liquibase.Scope.child(Scope.java:210)
	at liquibase.Scope.child(Scope.java:200)
	at liquibase.Scope.child(Scope.java:179)
	at liquibase.command.core.AbstractUpdateCommandStep.run(AbstractUpdateCommandStep.java:112)
	at liquibase.command.core.UpdateCommandStep.run(UpdateCommandStep.java:100)
	at liquibase.command.CommandScope.lambda$execute$6(CommandScope.java:253)
	... 105 common frames omitted
Caused by: liquibase.exception.MigrationFailedException: Migration failed for changeset db/changelog/changes/01-create-tasks-table.xml::1::firstspringbootmariadbuser:
     Reason: liquibase.exception.DatabaseException: (conn=1380) Table 'tasks' already exists [Failed SQL: (1050) CREATE TABLE firstspringboot.tasks (id BIGINT AUTO_INCREMENT NOT NULL, task VARCHAR(255) NOT NULL, CONSTRAINT PK_TASKS PRIMARY KEY (id))]
	at liquibase.changelog.ChangeSet.execute(ChangeSet.java:840)
	at liquibase.changelog.visitor.UpdateVisitor.executeAcceptedChange(UpdateVisitor.java:126)
	at liquibase.changelog.visitor.UpdateVisitor.visit(UpdateVisitor.java:70)
	at liquibase.changelog.ChangeLogIterator.lambda$run$0(ChangeLogIterator.java:133)
	at liquibase.Scope.lambda$child$0(Scope.java:201)
	at liquibase.Scope.child(Scope.java:210)
	at liquibase.Scope.child(Scope.java:200)
	at liquibase.Scope.child(Scope.java:179)
	at liquibase.changelog.ChangeLogIterator.lambda$run$1(ChangeLogIterator.java:122)
	at liquibase.Scope.lambda$child$0(Scope.java:201)
	at liquibase.Scope.child(Scope.java:210)
	at liquibase.Scope.child(Scope.java:200)
	at liquibase.Scope.child(Scope.java:179)
	at liquibase.Scope.child(Scope.java:267)
	at liquibase.Scope.child(Scope.java:271)
	at liquibase.changelog.ChangeLogIterator.run(ChangeLogIterator.java:91)
	... 113 common frames omitted
Caused by: liquibase.exception.DatabaseException: (conn=1380) Table 'tasks' already exists [Failed SQL: (1050) CREATE TABLE firstspringboot.tasks (id BIGINT AUTO_INCREMENT NOT NULL, task VARCHAR(255) NOT NULL, CONSTRAINT PK_TASKS PRIMARY KEY (id))]
	at liquibase.executor.jvm.JdbcExecutor$ExecuteStatementCallback.doInStatement(JdbcExecutor.java:497)
	at liquibase.executor.jvm.JdbcExecutor.execute(JdbcExecutor.java:83)
	at liquibase.executor.jvm.JdbcExecutor.execute(JdbcExecutor.java:185)
	at liquibase.executor.AbstractExecutor.execute(AbstractExecutor.java:141)
	at liquibase.database.AbstractJdbcDatabase.executeStatements(AbstractJdbcDatabase.java:1189)
	at liquibase.changelog.ChangeSet.execute(ChangeSet.java:790)
	... 128 common frames omitted
Caused by: java.sql.SQLSyntaxErrorException: (conn=1380) Table 'tasks' already exists
	at org.mariadb.jdbc.internal.util.exceptions.ExceptionFactory.createException(ExceptionFactory.java:62)
	at org.mariadb.jdbc.internal.util.exceptions.ExceptionFactory.create(ExceptionFactory.java:153)
	at org.mariadb.jdbc.MariaDbStatement.executeExceptionEpilogue(MariaDbStatement.java:274)
	at org.mariadb.jdbc.MariaDbStatement.executeInternal(MariaDbStatement.java:363)
	at org.mariadb.jdbc.MariaDbStatement.execute(MariaDbStatement.java:501)
	at com.zaxxer.hikari.pool.ProxyStatement.execute(ProxyStatement.java:95)
	at com.zaxxer.hikari.pool.HikariProxyStatement.execute(HikariProxyStatement.java)
	at liquibase.executor.jvm.JdbcExecutor$ExecuteStatementCallback.doInStatement(JdbcExecutor.java:491)
	... 133 common frames omitted
Caused by: org.mariadb.jdbc.internal.util.exceptions.MariaDbSqlException: Table 'tasks' already exists
	at org.mariadb.jdbc.internal.util.exceptions.MariaDbSqlException.of(MariaDbSqlException.java:34)
	at org.mariadb.jdbc.internal.protocol.AbstractQueryProtocol.exceptionWithQuery(AbstractQueryProtocol.java:194)
	at org.mariadb.jdbc.internal.protocol.AbstractQueryProtocol.executeQuery(AbstractQueryProtocol.java:262)
	at org.mariadb.jdbc.MariaDbStatement.executeInternal(MariaDbStatement.java:357)
	... 137 common frames omitted
Caused by: java.sql.SQLException: Table 'tasks' already exists
	at org.mariadb.jdbc.internal.protocol.AbstractQueryProtocol.readErrorPacket(AbstractQueryProtocol.java:1688)
	at org.mariadb.jdbc.internal.protocol.AbstractQueryProtocol.readPacket(AbstractQueryProtocol.java:1550)
	at org.mariadb.jdbc.internal.protocol.AbstractQueryProtocol.getResult(AbstractQueryProtocol.java:1513)
	at org.mariadb.jdbc.internal.protocol.AbstractQueryProtocol.executeQuery(AbstractQueryProtocol.java:256)
	... 138 common frames omitted
2026-08-17 11:16:05.519 [main] ERROR o.s.test.context.TestContextManager - Caught exception while allowing TestExecutionListener [org.springframework.test.context.web.ServletTestExecutionListener@403b7be3] to prepare test instance [com.viettelsoftware.firstspringboot.EndToEndIntegrationTest@2be9425f]
java.lang.IllegalStateException: Failed to load ApplicationContext
	at org.springframework.test.context.cache.DefaultCacheAwareContextLoaderDelegate.loadContext(DefaultCacheAwareContextLoaderDelegate.java:132)
	at org.springframework.test.context.support.DefaultTestContext.getApplicationContext(DefaultTestContext.java:123)
	at org.springframework.test.context.web.ServletTestExecutionListener.setUpRequestContextIfNecessary(ServletTestExecutionListener.java:190)
	at org.springframework.test.context.web.ServletTestExecutionListener.prepareTestInstance(ServletTestExecutionListener.java:132)
	at org.springframework.test.context.TestContextManager.prepareTestInstance(TestContextManager.java:244)
	at org.springframework.test.context.junit.jupiter.SpringExtension.postProcessTestInstance(SpringExtension.java:137)
	at org.junit.jupiter.engine.descriptor.ClassBasedTestDescriptor.lambda$invokeTestInstancePostProcessors$6(ClassBasedTestDescriptor.java:350)
	at org.junit.jupiter.engine.descriptor.ClassBasedTestDescriptor.executeAndMaskThrowable(ClassBasedTestDescriptor.java:355)
	at org.junit.jupiter.engine.descriptor.ClassBasedTestDescriptor.lambda$invokeTestInstancePostProcessors$7(ClassBasedTestDescriptor.java:350)
	at java.base/java.util.stream.ReferencePipeline$3$1.accept(ReferencePipeline.java:195)
	at java.base/java.util.stream.ReferencePipeline$2$1.accept(ReferencePipeline.java:177)
	at java.base/java.util.ArrayList$ArrayListSpliterator.forEachRemaining(ArrayList.java:1655)
	at java.base/java.util.stream.AbstractPipeline.copyInto(AbstractPipeline.java:484)
	at java.base/java.util.stream.AbstractPipeline.wrapAndCopyInto(AbstractPipeline.java:474)
	at java.base/java.util.stream.StreamSpliterators$WrappingSpliterator.forEachRemaining(StreamSpliterators.java:312)
	at java.base/java.util.stream.Streams$ConcatSpliterator.forEachRemaining(Streams.java:735)
	at java.base/java.util.stream.Streams$ConcatSpliterator.forEachRemaining(Streams.java:734)
	at java.base/java.util.stream.ReferencePipeline$Head.forEach(ReferencePipeline.java:658)
	at org.junit.jupiter.engine.descriptor.ClassBasedTestDescriptor.invokeTestInstancePostProcessors(ClassBasedTestDescriptor.java:349)
	at org.junit.jupiter.engine.descriptor.ClassBasedTestDescriptor.lambda$instantiateAndPostProcessTestInstance$4(ClassBasedTestDescriptor.java:270)
	at org.junit.platform.engine.support.hierarchical.ThrowableCollector.execute(ThrowableCollector.java:73)
	at org.junit.jupiter.engine.descriptor.ClassBasedTestDescriptor.instantiateAndPostProcessTestInstance(ClassBasedTestDescriptor.java:269)
	at org.junit.jupiter.engine.descriptor.ClassBasedTestDescriptor.lambda$testInstancesProvider$2(ClassBasedTestDescriptor.java:259)
	at java.base/java.util.Optional.orElseGet(Optional.java:369)
	at org.junit.jupiter.engine.descriptor.ClassBasedTestDescriptor.lambda$testInstancesProvider$3(ClassBasedTestDescriptor.java:258)
	at org.junit.jupiter.engine.execution.TestInstancesProvider.getTestInstances(TestInstancesProvider.java:31)
	at org.junit.jupiter.engine.descriptor.TestMethodTestDescriptor.lambda$prepare$0(TestMethodTestDescriptor.java:101)
	at org.junit.platform.engine.support.hierarchical.ThrowableCollector.execute(ThrowableCollector.java:73)
	at org.junit.jupiter.engine.descriptor.TestMethodTestDescriptor.prepare(TestMethodTestDescriptor.java:100)
	at org.junit.jupiter.engine.descriptor.TestMethodTestDescriptor.prepare(TestMethodTestDescriptor.java:65)
	at org.junit.platform.engine.support.hierarchical.NodeTestTask.lambda$prepare$1(NodeTestTask.java:111)
	at org.junit.platform.engine.support.hierarchical.ThrowableCollector.execute(ThrowableCollector.java:73)
	at org.junit.platform.engine.support.hierarchical.NodeTestTask.prepare(NodeTestTask.java:111)
	at org.junit.platform.engine.support.hierarchical.NodeTestTask.execute(NodeTestTask.java:79)
	at java.base/java.util.ArrayList.forEach(ArrayList.java:1541)
	at org.junit.platform.engine.support.hierarchical.SameThreadHierarchicalTestExecutorService.invokeAll(SameThreadHierarchicalTestExecutorService.java:38)
	at org.junit.platform.engine.support.hierarchical.NodeTestTask.lambda$executeRecursively$5(NodeTestTask.java:143)
	at org.junit.platform.engine.support.hierarchical.ThrowableCollector.execute(ThrowableCollector.java:73)
	at org.junit.platform.engine.support.hierarchical.NodeTestTask.lambda$executeRecursively$7(NodeTestTask.java:129)
	at org.junit.platform.engine.support.hierarchical.Node.around(Node.java:137)
	at org.junit.platform.engine.support.hierarchical.NodeTestTask.lambda$executeRecursively$8(NodeTestTask.java:127)
	at org.junit.platform.engine.support.hierarchical.ThrowableCollector.execute(ThrowableCollector.java:73)
	at org.junit.platform.engine.support.hierarchical.NodeTestTask.executeRecursively(NodeTestTask.java:126)
	at org.junit.platform.engine.support.hierarchical.NodeTestTask.execute(NodeTestTask.java:84)
	at java.base/java.util.ArrayList.forEach(ArrayList.java:1541)
	at org.junit.platform.engine.support.hierarchical.SameThreadHierarchicalTestExecutorService.invokeAll(SameThreadHierarchicalTestExecutorService.java:38)
	at org.junit.platform.engine.support.hierarchical.NodeTestTask.lambda$executeRecursively$5(NodeTestTask.java:143)
	at org.junit.platform.engine.support.hierarchical.ThrowableCollector.execute(ThrowableCollector.java:73)
	at org.junit.platform.engine.support.hierarchical.NodeTestTask.lambda$executeRecursively$7(NodeTestTask.java:129)
	at org.junit.platform.engine.support.hierarchical.Node.around(Node.java:137)
	at org.junit.platform.engine.support.hierarchical.NodeTestTask.lambda$executeRecursively$8(NodeTestTask.java:127)
	at org.junit.platform.engine.support.hierarchical.ThrowableCollector.execute(ThrowableCollector.java:73)
	at org.junit.platform.engine.support.hierarchical.NodeTestTask.executeRecursively(NodeTestTask.java:126)
	at org.junit.platform.engine.support.hierarchical.NodeTestTask.execute(NodeTestTask.java:84)
	at org.junit.platform.engine.support.hierarchical.SameThreadHierarchicalTestExecutorService.submit(SameThreadHierarchicalTestExecutorService.java:32)
	at org.junit.platform.engine.support.hierarchical.HierarchicalTestExecutor.execute(HierarchicalTestExecutor.java:57)
	at org.junit.platform.engine.support.hierarchical.HierarchicalTestEngine.execute(HierarchicalTestEngine.java:51)
	at org.junit.platform.launcher.core.DefaultLauncher.execute(DefaultLauncher.java:220)
	at org.junit.platform.launcher.core.DefaultLauncher.lambda$execute$6(DefaultLauncher.java:188)
	at org.junit.platform.launcher.core.DefaultLauncher.withInterceptedStreams(DefaultLauncher.java:202)
	at org.junit.platform.launcher.core.DefaultLauncher.execute(DefaultLauncher.java:181)
	at org.junit.platform.launcher.core.DefaultLauncher.execute(DefaultLauncher.java:128)
	at org.apache.maven.surefire.junitplatform.JUnitPlatformProvider.invokeAllTests(JUnitPlatformProvider.java:150)
	at org.apache.maven.surefire.junitplatform.JUnitPlatformProvider.invoke(JUnitPlatformProvider.java:124)
	at org.apache.maven.surefire.booter.ForkedBooter.invokeProviderInSameClassLoader(ForkedBooter.java:384)
	at org.apache.maven.surefire.booter.ForkedBooter.runSuitesInProcess(ForkedBooter.java:345)
	at org.apache.maven.surefire.booter.ForkedBooter.execute(ForkedBooter.java:126)
	at org.apache.maven.surefire.booter.ForkedBooter.main(ForkedBooter.java:418)
Caused by: org.springframework.beans.factory.BeanCreationException: Error creating bean with name 'liquibase' defined in class path resource [org/springframework/boot/autoconfigure/liquibase/LiquibaseAutoConfiguration$LiquibaseConfiguration.class]: Invocation of init method failed; nested exception is liquibase.exception.LiquibaseException: liquibase.exception.CommandExecutionException: liquibase.exception.LiquibaseException: liquibase.exception.MigrationFailedException: Migration failed for changeset db/changelog/changes/01-create-tasks-table.xml::1::firstspringbootmariadbuser:
     Reason: liquibase.exception.DatabaseException: (conn=1380) Table 'tasks' already exists [Failed SQL: (1050) CREATE TABLE firstspringboot.tasks (id BIGINT AUTO_INCREMENT NOT NULL, task VARCHAR(255) NOT NULL, CONSTRAINT PK_TASKS PRIMARY KEY (id))]
	at org.springframework.beans.factory.support.AbstractAutowireCapableBeanFactory.initializeBean(AbstractAutowireCapableBeanFactory.java:1788)
	at org.springframework.beans.factory.support.AbstractAutowireCapableBeanFactory.doCreateBean(AbstractAutowireCapableBeanFactory.java:609)
	at org.springframework.beans.factory.support.AbstractAutowireCapableBeanFactory.createBean(AbstractAutowireCapableBeanFactory.java:531)
	at org.springframework.beans.factory.support.AbstractBeanFactory.lambda$doGetBean$0(AbstractBeanFactory.java:335)
	at org.springframework.beans.factory.support.DefaultSingletonBeanRegistry.getSingleton(DefaultSingletonBeanRegistry.java:234)
	at org.springframework.beans.factory.support.AbstractBeanFactory.doGetBean(AbstractBeanFactory.java:333)
	at org.springframework.beans.factory.support.AbstractBeanFactory.getBean(AbstractBeanFactory.java:208)
	at org.springframework.beans.factory.support.AbstractBeanFactory.doGetBean(AbstractBeanFactory.java:322)
	at org.springframework.beans.factory.support.AbstractBeanFactory.getBean(AbstractBeanFactory.java:208)
	at org.springframework.context.support.AbstractApplicationContext.getBean(AbstractApplicationContext.java:1159)
	at org.springframework.context.support.AbstractApplicationContext.finishBeanFactoryInitialization(AbstractApplicationContext.java:913)
	at org.springframework.context.support.AbstractApplicationContext.refresh(AbstractApplicationContext.java:588)
	at org.springframework.boot.SpringApplication.refresh(SpringApplication.java:767)
	at org.springframework.boot.SpringApplication.refresh(SpringApplication.java:759)
	at org.springframework.boot.SpringApplication.refreshContext(SpringApplication.java:426)
	at org.springframework.boot.SpringApplication.run(SpringApplication.java:326)
	at org.springframework.boot.test.context.SpringBootContextLoader.loadContext(SpringBootContextLoader.java:122)
	at org.springframework.test.context.cache.DefaultCacheAwareContextLoaderDelegate.loadContextInternal(DefaultCacheAwareContextLoaderDelegate.java:99)
	at org.springframework.test.context.cache.DefaultCacheAwareContextLoaderDelegate.loadContext(DefaultCacheAwareContextLoaderDelegate.java:124)
	... 67 common frames omitted
Caused by: liquibase.exception.LiquibaseException: liquibase.exception.CommandExecutionException: liquibase.exception.LiquibaseException: liquibase.exception.MigrationFailedException: Migration failed for changeset db/changelog/changes/01-create-tasks-table.xml::1::firstspringbootmariadbuser:
     Reason: liquibase.exception.DatabaseException: (conn=1380) Table 'tasks' already exists [Failed SQL: (1050) CREATE TABLE firstspringboot.tasks (id BIGINT AUTO_INCREMENT NOT NULL, task VARCHAR(255) NOT NULL, CONSTRAINT PK_TASKS PRIMARY KEY (id))]
	at liquibase.integration.spring.SpringLiquibase.afterPropertiesSet(SpringLiquibase.java:288)
	at org.springframework.beans.factory.support.AbstractAutowireCapableBeanFactory.invokeInitMethods(AbstractAutowireCapableBeanFactory.java:1847)
	at org.springframework.beans.factory.support.AbstractAutowireCapableBeanFactory.initializeBean(AbstractAutowireCapableBeanFactory.java:1784)
	... 85 common frames omitted
Caused by: liquibase.exception.CommandExecutionException: liquibase.exception.LiquibaseException: liquibase.exception.MigrationFailedException: Migration failed for changeset db/changelog/changes/01-create-tasks-table.xml::1::firstspringbootmariadbuser:
     Reason: liquibase.exception.DatabaseException: (conn=1380) Table 'tasks' already exists [Failed SQL: (1050) CREATE TABLE firstspringboot.tasks (id BIGINT AUTO_INCREMENT NOT NULL, task VARCHAR(255) NOT NULL, CONSTRAINT PK_TASKS PRIMARY KEY (id))]
	at liquibase.command.CommandScope.lambda$execute$6(CommandScope.java:300)
	at liquibase.Scope.child(Scope.java:210)
	at liquibase.Scope.child(Scope.java:186)
	at liquibase.command.CommandScope.execute(CommandScope.java:241)
	at liquibase.Liquibase.lambda$update$0(Liquibase.java:216)
	at liquibase.Scope.lambda$child$0(Scope.java:201)
	at liquibase.Scope.child(Scope.java:210)
	at liquibase.Scope.child(Scope.java:200)
	at liquibase.Scope.child(Scope.java:179)
	at liquibase.Liquibase.runInScope(Liquibase.java:1333)
	at liquibase.Liquibase.update(Liquibase.java:205)
	at liquibase.Liquibase.update(Liquibase.java:188)
	at liquibase.integration.spring.SpringLiquibase.performUpdate(SpringLiquibase.java:326)
	at liquibase.integration.spring.SpringLiquibase.lambda$afterPropertiesSet$0(SpringLiquibase.java:278)
	at liquibase.Scope.lambda$child$0(Scope.java:201)
	at liquibase.Scope.child(Scope.java:210)
	at liquibase.Scope.child(Scope.java:200)
	at liquibase.Scope.child(Scope.java:179)
	at liquibase.integration.spring.SpringLiquibase.afterPropertiesSet(SpringLiquibase.java:271)
	... 87 common frames omitted
Caused by: liquibase.exception.LiquibaseException: liquibase.exception.MigrationFailedException: Migration failed for changeset db/changelog/changes/01-create-tasks-table.xml::1::firstspringbootmariadbuser:
     Reason: liquibase.exception.DatabaseException: (conn=1380) Table 'tasks' already exists [Failed SQL: (1050) CREATE TABLE firstspringboot.tasks (id BIGINT AUTO_INCREMENT NOT NULL, task VARCHAR(255) NOT NULL, CONSTRAINT PK_TASKS PRIMARY KEY (id))]
	at liquibase.changelog.ChangeLogIterator.run(ChangeLogIterator.java:155)
	at liquibase.command.core.AbstractUpdateCommandStep.lambda$run$0(AbstractUpdateCommandStep.java:114)
	at liquibase.Scope.lambda$child$0(Scope.java:201)
	at liquibase.Scope.child(Scope.java:210)
	at liquibase.Scope.child(Scope.java:200)
	at liquibase.Scope.child(Scope.java:179)
	at liquibase.command.core.AbstractUpdateCommandStep.run(AbstractUpdateCommandStep.java:112)
	at liquibase.command.core.UpdateCommandStep.run(UpdateCommandStep.java:100)
	at liquibase.command.CommandScope.lambda$execute$6(CommandScope.java:253)
	... 105 common frames omitted
Caused by: liquibase.exception.MigrationFailedException: Migration failed for changeset db/changelog/changes/01-create-tasks-table.xml::1::firstspringbootmariadbuser:
     Reason: liquibase.exception.DatabaseException: (conn=1380) Table 'tasks' already exists [Failed SQL: (1050) CREATE TABLE firstspringboot.tasks (id BIGINT AUTO_INCREMENT NOT NULL, task VARCHAR(255) NOT NULL, CONSTRAINT PK_TASKS PRIMARY KEY (id))]
	at liquibase.changelog.ChangeSet.execute(ChangeSet.java:840)
	at liquibase.changelog.visitor.UpdateVisitor.executeAcceptedChange(UpdateVisitor.java:126)
	at liquibase.changelog.visitor.UpdateVisitor.visit(UpdateVisitor.java:70)
	at liquibase.changelog.ChangeLogIterator.lambda$run$0(ChangeLogIterator.java:133)
	at liquibase.Scope.lambda$child$0(Scope.java:201)
	at liquibase.Scope.child(Scope.java:210)
	at liquibase.Scope.child(Scope.java:200)
	at liquibase.Scope.child(Scope.java:179)
	at liquibase.changelog.ChangeLogIterator.lambda$run$1(ChangeLogIterator.java:122)
	at liquibase.Scope.lambda$child$0(Scope.java:201)
	at liquibase.Scope.child(Scope.java:210)
	at liquibase.Scope.child(Scope.java:200)
	at liquibase.Scope.child(Scope.java:179)
	at liquibase.Scope.child(Scope.java:267)
	at liquibase.Scope.child(Scope.java:271)
	at liquibase.changelog.ChangeLogIterator.run(ChangeLogIterator.java:91)
	... 113 common frames omitted
Caused by: liquibase.exception.DatabaseException: (conn=1380) Table 'tasks' already exists [Failed SQL: (1050) CREATE TABLE firstspringboot.tasks (id BIGINT AUTO_INCREMENT NOT NULL, task VARCHAR(255) NOT NULL, CONSTRAINT PK_TASKS PRIMARY KEY (id))]
	at liquibase.executor.jvm.JdbcExecutor$ExecuteStatementCallback.doInStatement(JdbcExecutor.java:497)
	at liquibase.executor.jvm.JdbcExecutor.execute(JdbcExecutor.java:83)
	at liquibase.executor.jvm.JdbcExecutor.execute(JdbcExecutor.java:185)
	at liquibase.executor.AbstractExecutor.execute(AbstractExecutor.java:141)
	at liquibase.database.AbstractJdbcDatabase.executeStatements(AbstractJdbcDatabase.java:1189)
	at liquibase.changelog.ChangeSet.execute(ChangeSet.java:790)
	... 128 common frames omitted
Caused by: java.sql.SQLSyntaxErrorException: (conn=1380) Table 'tasks' already exists
	at org.mariadb.jdbc.internal.util.exceptions.ExceptionFactory.createException(ExceptionFactory.java:62)
	at org.mariadb.jdbc.internal.util.exceptions.ExceptionFactory.create(ExceptionFactory.java:153)
	at org.mariadb.jdbc.MariaDbStatement.executeExceptionEpilogue(MariaDbStatement.java:274)
	at org.mariadb.jdbc.MariaDbStatement.executeInternal(MariaDbStatement.java:363)
	at org.mariadb.jdbc.MariaDbStatement.execute(MariaDbStatement.java:501)
	at com.zaxxer.hikari.pool.ProxyStatement.execute(ProxyStatement.java:95)
	at com.zaxxer.hikari.pool.HikariProxyStatement.execute(HikariProxyStatement.java)
	at liquibase.executor.jvm.JdbcExecutor$ExecuteStatementCallback.doInStatement(JdbcExecutor.java:491)
	... 133 common frames omitted
Caused by: org.mariadb.jdbc.internal.util.exceptions.MariaDbSqlException: Table 'tasks' already exists
	at org.mariadb.jdbc.internal.util.exceptions.MariaDbSqlException.of(MariaDbSqlException.java:34)
	at org.mariadb.jdbc.internal.protocol.AbstractQueryProtocol.exceptionWithQuery(AbstractQueryProtocol.java:194)
	at org.mariadb.jdbc.internal.protocol.AbstractQueryProtocol.executeQuery(AbstractQueryProtocol.java:262)
	at org.mariadb.jdbc.MariaDbStatement.executeInternal(MariaDbStatement.java:357)
	... 137 common frames omitted
Caused by: java.sql.SQLException: Table 'tasks' already exists
	at org.mariadb.jdbc.internal.protocol.AbstractQueryProtocol.readErrorPacket(AbstractQueryProtocol.java:1688)
	at org.mariadb.jdbc.internal.protocol.AbstractQueryProtocol.readPacket(AbstractQueryProtocol.java:1550)
	at org.mariadb.jdbc.internal.protocol.AbstractQueryProtocol.getResult(AbstractQueryProtocol.java:1513)
	at org.mariadb.jdbc.internal.protocol.AbstractQueryProtocol.executeQuery(AbstractQueryProtocol.java:256)
	... 138 common frames omitted
2026-08-17 11:16:05.542 [main] INFO  c.v.f.aspect.LoggingAspect - [[BEFORE]] [2026-08-17T04:16:05.542397Z] method: TestService.testMethod(), params: [arg1]
2026-08-17 11:16:05.542 [main] INFO  c.v.f.aspect.LoggingAspect - [[AFTER]] [2026-08-17T04:16:05.542672Z] method: TestService.testMethod(), params: [arg1]
2026-08-17 11:16:05.780 [main] INFO  c.v.f.s.KeycloakUserSyncCronjob - Starting Keycloak user synchronization...
2026-08-17 11:16:05.790 [main] ERROR c.v.f.s.KeycloakUserSyncCronjob - Error occurred while syncing Keycloak users: I/O error on POST request for "http://localhost:9999/realms/master/protocol/openid-connect/token": Connection refused (Connection refused); nested exception is java.net.ConnectException: Connection refused (Connection refused)
org.springframework.web.client.ResourceAccessException: I/O error on POST request for "http://localhost:9999/realms/master/protocol/openid-connect/token": Connection refused (Connection refused); nested exception is java.net.ConnectException: Connection refused (Connection refused)
	at org.springframework.web.client.RestTemplate.doExecute(RestTemplate.java:784)
	at org.springframework.web.client.RestTemplate.execute(RestTemplate.java:710)
	at org.springframework.web.client.RestTemplate.exchange(RestTemplate.java:630)
	at com.viettelsoftware.firstspringboot.scheduler.KeycloakUserSyncCronjob.getAdminAccessToken(KeycloakUserSyncCronjob.java:114)
	at com.viettelsoftware.firstspringboot.scheduler.KeycloakUserSyncCronjob.syncKeycloakUsers(KeycloakUserSyncCronjob.java:56)
	at com.viettelsoftware.firstspringboot.scheduler.KeycloakUserSyncCronjobTest.lambda$testSyncKeycloakUsersHandledGracefullyWhenServerDown$0(KeycloakUserSyncCronjobTest.java:33)
	at org.junit.jupiter.api.AssertDoesNotThrow.assertDoesNotThrow(AssertDoesNotThrow.java:50)
	at org.junit.jupiter.api.AssertDoesNotThrow.assertDoesNotThrow(AssertDoesNotThrow.java:37)
	at org.junit.jupiter.api.Assertions.assertDoesNotThrow(Assertions.java:3060)
	at com.viettelsoftware.firstspringboot.scheduler.KeycloakUserSyncCronjobTest.testSyncKeycloakUsersHandledGracefullyWhenServerDown(KeycloakUserSyncCronjobTest.java:33)
	at java.base/jdk.internal.reflect.NativeMethodAccessorImpl.invoke0(Native Method)
	at java.base/jdk.internal.reflect.NativeMethodAccessorImpl.invoke(NativeMethodAccessorImpl.java:62)
	at java.base/jdk.internal.reflect.DelegatingMethodAccessorImpl.invoke(DelegatingMethodAccessorImpl.java:43)
	at java.base/java.lang.reflect.Method.invoke(Method.java:566)
	at org.junit.platform.commons.util.ReflectionUtils.invokeMethod(ReflectionUtils.java:688)
	at org.junit.jupiter.engine.execution.MethodInvocation.proceed(MethodInvocation.java:60)
	at org.junit.jupiter.engine.execution.InvocationInterceptorChain$ValidatingInvocation.proceed(InvocationInterceptorChain.java:131)
	at org.junit.jupiter.engine.extension.TimeoutExtension.intercept(TimeoutExtension.java:149)
	at org.junit.jupiter.engine.extension.TimeoutExtension.interceptTestableMethod(TimeoutExtension.java:140)
	at org.junit.jupiter.engine.extension.TimeoutExtension.interceptTestMethod(TimeoutExtension.java:84)
	at org.junit.jupiter.engine.execution.ExecutableInvoker$ReflectiveInterceptorCall.lambda$ofVoidMethod$0(ExecutableInvoker.java:115)
	at org.junit.jupiter.engine.execution.ExecutableInvoker.lambda$invoke$0(ExecutableInvoker.java:105)
	at org.junit.jupiter.engine.execution.InvocationInterceptorChain$InterceptedInvocation.proceed(InvocationInterceptorChain.java:106)
	at org.junit.jupiter.engine.execution.InvocationInterceptorChain.proceed(InvocationInterceptorChain.java:64)
	at org.junit.jupiter.engine.execution.InvocationInterceptorChain.chainAndInvoke(InvocationInterceptorChain.java:45)
	at org.junit.jupiter.engine.execution.InvocationInterceptorChain.invoke(InvocationInterceptorChain.java:37)
	at org.junit.jupiter.engine.execution.ExecutableInvoker.invoke(ExecutableInvoker.java:104)
	at org.junit.jupiter.engine.execution.ExecutableInvoker.invoke(ExecutableInvoker.java:98)
	at org.junit.jupiter.engine.descriptor.TestMethodTestDescriptor.lambda$invokeTestMethod$6(TestMethodTestDescriptor.java:210)
	at org.junit.platform.engine.support.hierarchical.ThrowableCollector.execute(ThrowableCollector.java:73)
	at org.junit.jupiter.engine.descriptor.TestMethodTestDescriptor.invokeTestMethod(TestMethodTestDescriptor.java:206)
	at org.junit.jupiter.engine.descriptor.TestMethodTestDescriptor.execute(TestMethodTestDescriptor.java:131)
	at org.junit.jupiter.engine.descriptor.TestMethodTestDescriptor.execute(TestMethodTestDescriptor.java:65)
	at org.junit.platform.engine.support.hierarchical.NodeTestTask.lambda$executeRecursively$5(NodeTestTask.java:139)
	at org.junit.platform.engine.support.hierarchical.ThrowableCollector.execute(ThrowableCollector.java:73)
	at org.junit.platform.engine.support.hierarchical.NodeTestTask.lambda$executeRecursively$7(NodeTestTask.java:129)
	at org.junit.platform.engine.support.hierarchical.Node.around(Node.java:137)
	at org.junit.platform.engine.support.hierarchical.NodeTestTask.lambda$executeRecursively$8(NodeTestTask.java:127)
	at org.junit.platform.engine.support.hierarchical.ThrowableCollector.execute(ThrowableCollector.java:73)
	at org.junit.platform.engine.support.hierarchical.NodeTestTask.executeRecursively(NodeTestTask.java:126)
	at org.junit.platform.engine.support.hierarchical.NodeTestTask.execute(NodeTestTask.java:84)
	at java.base/java.util.ArrayList.forEach(ArrayList.java:1541)
	at org.junit.platform.engine.support.hierarchical.SameThreadHierarchicalTestExecutorService.invokeAll(SameThreadHierarchicalTestExecutorService.java:38)
	at org.junit.platform.engine.support.hierarchical.NodeTestTask.lambda$executeRecursively$5(NodeTestTask.java:143)
	at org.junit.platform.engine.support.hierarchical.ThrowableCollector.execute(ThrowableCollector.java:73)
	at org.junit.platform.engine.support.hierarchical.NodeTestTask.lambda$executeRecursively$7(NodeTestTask.java:129)
	at org.junit.platform.engine.support.hierarchical.Node.around(Node.java:137)
	at org.junit.platform.engine.support.hierarchical.NodeTestTask.lambda$executeRecursively$8(NodeTestTask.java:127)
	at org.junit.platform.engine.support.hierarchical.ThrowableCollector.execute(ThrowableCollector.java:73)
	at org.junit.platform.engine.support.hierarchical.NodeTestTask.executeRecursively(NodeTestTask.java:126)
	at org.junit.platform.engine.support.hierarchical.NodeTestTask.execute(NodeTestTask.java:84)
	at java.base/java.util.ArrayList.forEach(ArrayList.java:1541)
	at org.junit.platform.engine.support.hierarchical.SameThreadHierarchicalTestExecutorService.invokeAll(SameThreadHierarchicalTestExecutorService.java:38)
	at org.junit.platform.engine.support.hierarchical.NodeTestTask.lambda$executeRecursively$5(NodeTestTask.java:143)
	at org.junit.platform.engine.support.hierarchical.ThrowableCollector.execute(ThrowableCollector.java:73)
	at org.junit.platform.engine.support.hierarchical.NodeTestTask.lambda$executeRecursively$7(NodeTestTask.java:129)
	at org.junit.platform.engine.support.hierarchical.Node.around(Node.java:137)
	at org.junit.platform.engine.support.hierarchical.NodeTestTask.lambda$executeRecursively$8(NodeTestTask.java:127)
	at org.junit.platform.engine.support.hierarchical.ThrowableCollector.execute(ThrowableCollector.java:73)
	at org.junit.platform.engine.support.hierarchical.NodeTestTask.executeRecursively(NodeTestTask.java:126)
	at org.junit.platform.engine.support.hierarchical.NodeTestTask.execute(NodeTestTask.java:84)
	at org.junit.platform.engine.support.hierarchical.SameThreadHierarchicalTestExecutorService.submit(SameThreadHierarchicalTestExecutorService.java:32)
	at org.junit.platform.engine.support.hierarchical.HierarchicalTestExecutor.execute(HierarchicalTestExecutor.java:57)
	at org.junit.platform.engine.support.hierarchical.HierarchicalTestEngine.execute(HierarchicalTestEngine.java:51)
	at org.junit.platform.launcher.core.DefaultLauncher.execute(DefaultLauncher.java:220)
	at org.junit.platform.launcher.core.DefaultLauncher.lambda$execute$6(DefaultLauncher.java:188)
	at org.junit.platform.launcher.core.DefaultLauncher.withInterceptedStreams(DefaultLauncher.java:202)
	at org.junit.platform.launcher.core.DefaultLauncher.execute(DefaultLauncher.java:181)
	at org.junit.platform.launcher.core.DefaultLauncher.execute(DefaultLauncher.java:128)
	at org.apache.maven.surefire.junitplatform.JUnitPlatformProvider.invokeAllTests(JUnitPlatformProvider.java:150)
	at org.apache.maven.surefire.junitplatform.JUnitPlatformProvider.invoke(JUnitPlatformProvider.java:124)
	at org.apache.maven.surefire.booter.ForkedBooter.invokeProviderInSameClassLoader(ForkedBooter.java:384)
	at org.apache.maven.surefire.booter.ForkedBooter.runSuitesInProcess(ForkedBooter.java:345)
	at org.apache.maven.surefire.booter.ForkedBooter.execute(ForkedBooter.java:126)
	at org.apache.maven.surefire.booter.ForkedBooter.main(ForkedBooter.java:418)
Caused by: java.net.ConnectException: Connection refused (Connection refused)
	at java.base/java.net.PlainSocketImpl.socketConnect(Native Method)
	at java.base/java.net.AbstractPlainSocketImpl.doConnect(AbstractPlainSocketImpl.java:412)
	at java.base/java.net.AbstractPlainSocketImpl.connectToAddress(AbstractPlainSocketImpl.java:255)
	at java.base/java.net.AbstractPlainSocketImpl.connect(AbstractPlainSocketImpl.java:237)
	at java.base/java.net.Socket.connect(Socket.java:609)
	at java.base/java.net.Socket.connect(Socket.java:558)
	at java.base/sun.net.NetworkClient.doConnect(NetworkClient.java:182)
	at java.base/sun.net.www.http.HttpClient.openServer(HttpClient.java:509)
	at java.base/sun.net.www.http.HttpClient.openServer(HttpClient.java:604)
	at java.base/sun.net.www.http.HttpClient.<init>(HttpClient.java:279)
	at java.base/sun.net.www.http.HttpClient.New(HttpClient.java:376)
	at java.base/sun.net.www.http.HttpClient.New(HttpClient.java:397)
	at java.base/sun.net.www.protocol.http.HttpURLConnection.getNewHttpClient(HttpURLConnection.java:1270)
	at java.base/sun.net.www.protocol.http.HttpURLConnection.plainConnect0(HttpURLConnection.java:1204)
	at java.base/sun.net.www.protocol.http.HttpURLConnection.plainConnect(HttpURLConnection.java:1098)
	at java.base/sun.net.www.protocol.http.HttpURLConnection.connect(HttpURLConnection.java:1032)
	at org.springframework.http.client.SimpleBufferingClientHttpRequest.executeInternal(SimpleBufferingClientHttpRequest.java:76)
	at org.springframework.http.client.AbstractBufferingClientHttpRequest.executeInternal(AbstractBufferingClientHttpRequest.java:48)
	at org.springframework.http.client.AbstractClientHttpRequest.execute(AbstractClientHttpRequest.java:66)
	at org.springframework.web.client.RestTemplate.doExecute(RestTemplate.java:775)
	... 74 common frames omitted
2026-08-17 11:16:26.892 [main] INFO  c.v.f.FirstspringbootApplicationTests - Starting FirstspringbootApplicationTests using Java 11.0.32 on lenovo-legion-16iah7h-PF3XJ8SP with PID 183907 (started by ayin in /home/ayin/projs/firstspringboot)
2026-08-17 11:16:26.894 [main] INFO  c.v.f.FirstspringbootApplicationTests - No active profile set, falling back to default profiles: default
2026-08-17 11:16:27.519 [main] INFO  o.s.d.r.c.RepositoryConfigurationDelegate - Bootstrapping Spring Data JPA repositories in DEFAULT mode.
2026-08-17 11:16:27.551 [main] INFO  o.s.d.r.c.RepositoryConfigurationDelegate - Finished Spring Data repository scanning in 27 ms. Found 2 JPA repository interfaces.
2026-08-17 11:16:27.840 [main] INFO  o.s.c.s.PostProcessorRegistrationDelegate$BeanPostProcessorChecker - Bean 'org.springframework.security.access.expression.method.DefaultMethodSecurityExpressionHandler@1e160a9e' of type [org.springframework.security.access.expression.method.DefaultMethodSecurityExpressionHandler] is not eligible for getting processed by all BeanPostProcessors (for example: not eligible for auto-proxying)
2026-08-17 11:16:27.850 [main] INFO  o.s.c.s.PostProcessorRegistrationDelegate$BeanPostProcessorChecker - Bean 'methodSecurityMetadataSource' of type [org.springframework.security.access.method.DelegatingMethodSecurityMetadataSource] is not eligible for getting processed by all BeanPostProcessors (for example: not eligible for auto-proxying)
2026-08-17 11:16:27.976 [main] INFO  com.zaxxer.hikari.HikariDataSource - HikariPool-1 - Starting...
2026-08-17 11:16:28.036 [main] INFO  com.zaxxer.hikari.HikariDataSource - HikariPool-1 - Start completed.
2026-08-17 11:16:28.462 [main] INFO  liquibase.changelog - Reading from firstspringboot.DATABASECHANGELOG
2026-08-17 11:16:28.530 [main] INFO  liquibase.lockservice - Successfully acquired change log lock
2026-08-17 11:16:28.530 [main] INFO  liquibase.command - Using deploymentId: 6940187955
2026-08-17 11:16:28.532 [main] INFO  liquibase.changelog - Reading from firstspringboot.DATABASECHANGELOG
2026-08-17 11:16:28.545 [main] INFO  liquibase.ui - Running Changeset: db/changelog/changes/01-create-tasks-table.xml::1::firstspringbootmariadbuser
2026-08-17 11:16:28.548 [main] INFO  liquibase.changelog - Marking ChangeSet: "db/changelog/changes/01-create-tasks-table.xml::1::firstspringbootmariadbuser" as ran despite precondition failure due to onFail='MARK_RAN': 
          db/changelog/db.changelog-master.xml : Not precondition failed

2026-08-17 11:16:28.563 [main] INFO  liquibase.ui - Running Changeset: db/changelog/changes/02-create-users-table.xml::2::firstspringbootmariadbuser
2026-08-17 11:16:28.564 [main] INFO  liquibase.changelog - Marking ChangeSet: "db/changelog/changes/02-create-users-table.xml::2::firstspringbootmariadbuser" as ran despite precondition failure due to onFail='MARK_RAN': 
          db/changelog/db.changelog-master.xml : Not precondition failed

2026-08-17 11:16:28.576 [main] INFO  liquibase.util - UPDATE SUMMARY
2026-08-17 11:16:28.576 [main] INFO  liquibase.util - Run:                          2
2026-08-17 11:16:28.576 [main] INFO  liquibase.util - Previously run:               0
2026-08-17 11:16:28.576 [main] INFO  liquibase.util - Filtered out:                 0
2026-08-17 11:16:28.576 [main] INFO  liquibase.util - -------------------------------
2026-08-17 11:16:28.576 [main] INFO  liquibase.util - Total change sets:            2
2026-08-17 11:16:28.576 [main] INFO  liquibase.util - Update summary generated
2026-08-17 11:16:28.578 [main] INFO  liquibase.command - Update command completed successfully.
2026-08-17 11:16:28.578 [main] INFO  liquibase.ui - Liquibase: Update has been successful. Rows affected: 2
2026-08-17 11:16:28.588 [main] INFO  liquibase.lockservice - Successfully released change log lock
2026-08-17 11:16:28.589 [main] INFO  liquibase.command - Command execution complete
2026-08-17 11:16:29.815 [main] INFO  o.h.jpa.internal.util.LogHelper - HHH000204: Processing PersistenceUnitInfo [name: default]
2026-08-17 11:16:29.858 [main] INFO  org.hibernate.Version - HHH000412: Hibernate ORM core version 5.4.25.Final
2026-08-17 11:16:29.884 [main] INFO  o.h.annotations.common.Version - HCANN000001: Hibernate Commons Annotations {5.1.2.Final}
2026-08-17 11:16:29.967 [main] INFO  org.hibernate.dialect.Dialect - HHH000400: Using dialect: org.hibernate.dialect.MariaDB53Dialect
2026-08-17 11:16:30.190 [main] INFO  o.h.e.t.j.p.i.JtaPlatformInitiator - HHH000490: Using JtaPlatform implementation: [org.hibernate.engine.transaction.jta.platform.internal.NoJtaPlatform]
2026-08-17 11:16:30.194 [main] INFO  o.s.o.j.LocalContainerEntityManagerFactoryBean - Initialized JPA EntityManagerFactory for persistence unit 'default'
2026-08-17 11:16:30.227 [main] WARN  o.s.b.a.o.j.JpaBaseConfiguration$JpaWebConfiguration - spring.jpa.open-in-view is enabled by default. Therefore, database queries may be performed during view rendering. Explicitly configure spring.jpa.open-in-view to disable this warning
2026-08-17 11:16:30.944 [main] INFO  o.s.s.web.DefaultSecurityFilterChain - Will secure any request with [org.springframework.security.web.context.request.async.WebAsyncManagerIntegrationFilter@45b244c4, org.springframework.security.web.context.SecurityContextPersistenceFilter@9dc9212, org.springframework.security.web.header.HeaderWriterFilter@558bff39, org.springframework.security.web.csrf.CsrfFilter@a72bb34, org.springframework.security.web.authentication.logout.LogoutFilter@8c6a7db, org.springframework.security.oauth2.server.resource.web.BearerTokenAuthenticationFilter@54543211, org.springframework.security.web.savedrequest.RequestCacheAwareFilter@133acad0, org.springframework.security.web.servletapi.SecurityContextHolderAwareRequestFilter@7e1b96a7, org.springframework.security.web.authentication.AnonymousAuthenticationFilter@2954be42, org.springframework.security.web.session.SessionManagementFilter@2b75b77d, org.springframework.security.web.access.ExceptionTranslationFilter@d7b20d9, org.springframework.security.web.access.intercept.FilterSecurityInterceptor@7511e348]
2026-08-17 11:16:31.086 [main] INFO  o.s.s.c.ThreadPoolTaskExecutor - Initializing ExecutorService 'applicationTaskExecutor'
2026-08-17 11:16:31.367 [main] INFO  o.s.s.c.ThreadPoolTaskScheduler - Initializing ExecutorService 'taskScheduler'
2026-08-17 11:16:31.393 [main] INFO  o.s.b.a.e.web.EndpointLinksResolver - Exposing 1 endpoint(s) beneath base path '/actuator'
2026-08-17 11:16:31.430 [main] INFO  c.v.f.FirstspringbootApplicationTests - Started FirstspringbootApplicationTests in 4.701 seconds (JVM running for 6.385)
2026-08-17 11:16:31.464 [main] INFO  c.v.f.s.KeycloakUserSyncCronjob - Starting Keycloak user synchronization...
2026-08-17 11:16:31.547 [main] INFO  c.v.f.aspect.LoggingAspect - [[BEFORE]] [2026-08-17T04:16:31.547164Z] method: UserServiceImpl.createUser(..), params: [com.viettelsoftware.firstspringboot.entity.User@5d225368]
2026-08-17 11:16:31.712 [main] INFO  c.v.f.aspect.LoggingAspect - [[AFTER]] [2026-08-17T04:16:31.712622Z] method: UserServiceImpl.createUser(..), params: [com.viettelsoftware.firstspringboot.entity.User@5d225368]
2026-08-17 11:16:31.712 [main] INFO  c.v.f.aspect.LoggingAspect - [[BEFORE]] [2026-08-17T04:16:31.712739Z] method: UserServiceImpl.createUser(..), params: [com.viettelsoftware.firstspringboot.entity.User@6d6f7412]
2026-08-17 11:16:31.750 [main] INFO  c.v.f.aspect.LoggingAspect - [[AFTER]] [2026-08-17T04:16:31.750461Z] method: UserServiceImpl.createUser(..), params: [com.viettelsoftware.firstspringboot.entity.User@6d6f7412]
2026-08-17 11:16:31.750 [main] INFO  c.v.f.s.KeycloakUserSyncCronjob - Keycloak user synchronization completed successfully. Synced 2 users.
2026-08-17 11:16:31.801 [main] INFO  o.s.b.t.c.SpringBootTestContextBootstrapper - Neither @ContextConfiguration nor @ContextHierarchy found for test class [com.viettelsoftware.firstspringboot.EndToEndIntegrationTest], using SpringBootContextLoader
2026-08-17 11:16:31.801 [main] INFO  o.s.t.c.s.AbstractContextLoader - Could not detect default resource locations for test class [com.viettelsoftware.firstspringboot.EndToEndIntegrationTest]: no resource found for suffixes {-context.xml, Context.groovy}.
2026-08-17 11:16:31.801 [main] INFO  o.s.t.c.s.AnnotationConfigContextLoaderUtils - Could not detect default configuration classes for test class [com.viettelsoftware.firstspringboot.EndToEndIntegrationTest]: EndToEndIntegrationTest does not declare any static, non-private, non-final, nested classes annotated with @Configuration.
2026-08-17 11:16:31.805 [main] INFO  o.s.b.t.c.SpringBootTestContextBootstrapper - Found @SpringBootConfiguration com.viettelsoftware.firstspringboot.FirstspringbootApplication for test class com.viettelsoftware.firstspringboot.EndToEndIntegrationTest
2026-08-17 11:16:31.806 [main] INFO  o.s.b.t.c.SpringBootTestContextBootstrapper - Loaded default TestExecutionListener class names from location [META-INF/spring.factories]: [org.springframework.boot.test.mock.mockito.MockitoTestExecutionListener, org.springframework.boot.test.mock.mockito.ResetMocksTestExecutionListener, org.springframework.boot.test.autoconfigure.restdocs.RestDocsTestExecutionListener, org.springframework.boot.test.autoconfigure.web.client.MockRestServiceServerResetTestExecutionListener, org.springframework.boot.test.autoconfigure.web.servlet.MockMvcPrintOnlyOnFailureTestExecutionListener, org.springframework.boot.test.autoconfigure.web.servlet.WebDriverTestExecutionListener, org.springframework.boot.test.autoconfigure.webservices.client.MockWebServiceServerTestExecutionListener, org.springframework.test.context.web.ServletTestExecutionListener, org.springframework.test.context.support.DirtiesContextBeforeModesTestExecutionListener, org.springframework.test.context.support.DependencyInjectionTestExecutionListener, org.springframework.test.context.support.DirtiesContextTestExecutionListener, org.springframework.test.context.transaction.TransactionalTestExecutionListener, org.springframework.test.context.jdbc.SqlScriptsTestExecutionListener, org.springframework.test.context.event.EventPublishingTestExecutionListener, org.springframework.security.test.context.support.WithSecurityContextTestExecutionListener, org.springframework.security.test.context.support.ReactorContextTestExecutionListener]
2026-08-17 11:16:31.807 [main] INFO  o.s.b.t.c.SpringBootTestContextBootstrapper - Using TestExecutionListeners: [org.springframework.test.context.web.ServletTestExecutionListener@47f74d8f, org.springframework.test.context.support.DirtiesContextBeforeModesTestExecutionListener@7dd6aa3e, org.springframework.boot.test.mock.mockito.MockitoTestExecutionListener@398857f8, org.springframework.boot.test.autoconfigure.SpringBootDependencyInjectionTestExecutionListener@1d5522e4, org.springframework.test.context.support.DirtiesContextTestExecutionListener@60339ff4, org.springframework.test.context.transaction.TransactionalTestExecutionListener@287c4e96, org.springframework.test.context.jdbc.SqlScriptsTestExecutionListener@53b0fbf6, org.springframework.test.context.event.EventPublishingTestExecutionListener@67c6b166, org.springframework.security.test.context.support.WithSecurityContextTestExecutionListener@1bf64e55, org.springframework.security.test.context.support.ReactorContextTestExecutionListener@51b4ab43, org.springframework.boot.test.mock.mockito.ResetMocksTestExecutionListener@50f95c8, org.springframework.boot.test.autoconfigure.restdocs.RestDocsTestExecutionListener@5710598e, org.springframework.boot.test.autoconfigure.web.client.MockRestServiceServerResetTestExecutionListener@7ebd31df, org.springframework.boot.test.autoconfigure.web.servlet.MockMvcPrintOnlyOnFailureTestExecutionListener@a2763f8, org.springframework.boot.test.autoconfigure.web.servlet.WebDriverTestExecutionListener@73ff16a1, org.springframework.boot.test.autoconfigure.webservices.client.MockWebServiceServerTestExecutionListener@26f6ed79]
2026-08-17 11:16:31.818 [main] INFO  c.v.f.EndToEndIntegrationTest - Starting EndToEndIntegrationTest using Java 11.0.32 on lenovo-legion-16iah7h-PF3XJ8SP with PID 183907 (started by ayin in /home/ayin/projs/firstspringboot)
2026-08-17 11:16:31.818 [main] INFO  c.v.f.EndToEndIntegrationTest - No active profile set, falling back to default profiles: default
2026-08-17 11:16:31.938 [main] INFO  o.s.d.r.c.RepositoryConfigurationDelegate - Bootstrapping Spring Data JPA repositories in DEFAULT mode.
2026-08-17 11:16:31.944 [main] INFO  o.s.d.r.c.RepositoryConfigurationDelegate - Finished Spring Data repository scanning in 5 ms. Found 2 JPA repository interfaces.
2026-08-17 11:16:31.998 [main] INFO  o.s.c.s.PostProcessorRegistrationDelegate$BeanPostProcessorChecker - Bean 'org.springframework.security.access.expression.method.DefaultMethodSecurityExpressionHandler@4b0f5c72' of type [org.springframework.security.access.expression.method.DefaultMethodSecurityExpressionHandler] is not eligible for getting processed by all BeanPostProcessors (for example: not eligible for auto-proxying)
2026-08-17 11:16:32.002 [main] INFO  o.s.c.s.PostProcessorRegistrationDelegate$BeanPostProcessorChecker - Bean 'methodSecurityMetadataSource' of type [org.springframework.security.access.method.DelegatingMethodSecurityMetadataSource] is not eligible for getting processed by all BeanPostProcessors (for example: not eligible for auto-proxying)
2026-08-17 11:16:32.026 [main] INFO  com.zaxxer.hikari.HikariDataSource - HikariPool-2 - Starting...
2026-08-17 11:16:32.028 [main] INFO  com.zaxxer.hikari.HikariDataSource - HikariPool-2 - Start completed.
2026-08-17 11:16:32.056 [main] INFO  liquibase.changelog - Reading from firstspringboot.DATABASECHANGELOG
2026-08-17 11:16:32.068 [main] INFO  liquibase.ui - Database is up to date, no changesets to execute
2026-08-17 11:16:32.069 [main] INFO  liquibase.changelog - Reading from firstspringboot.DATABASECHANGELOG
2026-08-17 11:16:32.071 [main] INFO  liquibase.util - UPDATE SUMMARY
2026-08-17 11:16:32.072 [main] INFO  liquibase.util - Run:                          0
2026-08-17 11:16:32.072 [main] INFO  liquibase.util - Previously run:               2
2026-08-17 11:16:32.072 [main] INFO  liquibase.util - Filtered out:                 0
2026-08-17 11:16:32.072 [main] INFO  liquibase.util - -------------------------------
2026-08-17 11:16:32.072 [main] INFO  liquibase.util - Total change sets:            2
2026-08-17 11:16:32.072 [main] INFO  liquibase.util - Update summary generated
2026-08-17 11:16:32.072 [main] INFO  liquibase.command - Command execution complete
2026-08-17 11:16:32.086 [main] INFO  o.h.jpa.internal.util.LogHelper - HHH000204: Processing PersistenceUnitInfo [name: default]
2026-08-17 11:16:32.089 [main] INFO  org.hibernate.dialect.Dialect - HHH000400: Using dialect: org.hibernate.dialect.MariaDB53Dialect
2026-08-17 11:16:32.105 [main] INFO  o.h.e.t.j.p.i.JtaPlatformInitiator - HHH000490: Using JtaPlatform implementation: [org.hibernate.engine.transaction.jta.platform.internal.NoJtaPlatform]
2026-08-17 11:16:32.105 [main] INFO  o.s.o.j.LocalContainerEntityManagerFactoryBean - Initialized JPA EntityManagerFactory for persistence unit 'default'
2026-08-17 11:16:32.123 [main] WARN  o.s.b.a.o.j.JpaBaseConfiguration$JpaWebConfiguration - spring.jpa.open-in-view is enabled by default. Therefore, database queries may be performed during view rendering. Explicitly configure spring.jpa.open-in-view to disable this warning
2026-08-17 11:16:32.293 [main] INFO  o.s.s.web.DefaultSecurityFilterChain - Will secure any request with [org.springframework.security.web.context.request.async.WebAsyncManagerIntegrationFilter@14c10311, org.springframework.security.web.context.SecurityContextPersistenceFilter@4501e484, org.springframework.security.web.header.HeaderWriterFilter@3095f1eb, org.springframework.security.web.csrf.CsrfFilter@29e7da9c, org.springframework.security.web.authentication.logout.LogoutFilter@3fae2cd3, org.springframework.security.oauth2.server.resource.web.BearerTokenAuthenticationFilter@387c5d79, org.springframework.security.web.savedrequest.RequestCacheAwareFilter@1727aa28, org.springframework.security.web.servletapi.SecurityContextHolderAwareRequestFilter@8a20b8e, org.springframework.security.web.authentication.AnonymousAuthenticationFilter@592e29ae, org.springframework.security.web.session.SessionManagementFilter@5225e766, org.springframework.security.web.access.ExceptionTranslationFilter@58e142be, org.springframework.security.web.access.intercept.FilterSecurityInterceptor@38b1101c]
2026-08-17 11:16:32.345 [main] INFO  o.s.s.c.ThreadPoolTaskExecutor - Initializing ExecutorService 'applicationTaskExecutor'
2026-08-17 11:16:32.478 [main] INFO  o.s.s.c.ThreadPoolTaskScheduler - Initializing ExecutorService 'taskScheduler'
2026-08-17 11:16:32.514 [main] INFO  o.s.b.t.m.w.SpringBootMockServletContext - Initializing Spring TestDispatcherServlet ''
2026-08-17 11:16:32.514 [main] INFO  o.s.t.w.s.TestDispatcherServlet - Initializing Servlet ''
2026-08-17 11:16:32.518 [main] INFO  o.s.b.a.e.web.EndpointLinksResolver - Exposing 1 endpoint(s) beneath base path '/actuator'
2026-08-17 11:16:32.538 [main] INFO  o.s.t.w.s.TestDispatcherServlet - Completed initialization in 24 ms
2026-08-17 11:16:32.554 [main] INFO  c.v.f.EndToEndIntegrationTest - Started EndToEndIntegrationTest in 0.745 seconds (JVM running for 7.508)
2026-08-17 11:16:32.554 [main] INFO  c.v.f.s.KeycloakUserSyncCronjob - Starting Keycloak user synchronization...
2026-08-17 11:16:32.600 [main] INFO  c.v.f.aspect.LoggingAspect - [[BEFORE]] [2026-08-17T04:16:32.600369Z] method: UserServiceImpl.createUser(..), params: [com.viettelsoftware.firstspringboot.entity.User@5e1fd72a]
2026-08-17 11:16:32.648 [main] INFO  c.v.f.aspect.LoggingAspect - [[AFTER]] [2026-08-17T04:16:32.648828Z] method: UserServiceImpl.createUser(..), params: [com.viettelsoftware.firstspringboot.entity.User@5e1fd72a]
2026-08-17 11:16:32.648 [main] INFO  c.v.f.aspect.LoggingAspect - [[BEFORE]] [2026-08-17T04:16:32.648933Z] method: UserServiceImpl.createUser(..), params: [com.viettelsoftware.firstspringboot.entity.User@675f9bc6]
2026-08-17 11:16:32.690 [main] INFO  c.v.f.aspect.LoggingAspect - [[AFTER]] [2026-08-17T04:16:32.690505Z] method: UserServiceImpl.createUser(..), params: [com.viettelsoftware.firstspringboot.entity.User@675f9bc6]
2026-08-17 11:16:32.690 [main] INFO  c.v.f.s.KeycloakUserSyncCronjob - Keycloak user synchronization completed successfully. Synced 2 users.
2026-08-17 11:16:32.718 [main] INFO  c.v.f.aspect.LoggingAspect - [[BEFORE]] [2026-08-17T04:16:32.718050Z] method: TaskController.getTasks(), params: []
2026-08-17 11:16:32.720 [main] INFO  c.v.f.aspect.LoggingAspect - [[BEFORE]] [2026-08-17T04:16:32.720725Z] method: TaskServiceImpl.getTasks(), params: []
2026-08-17 11:16:32.728 [main] INFO  c.v.f.aspect.LoggingAspect - [[AFTER]] [2026-08-17T04:16:32.728177Z] method: TaskServiceImpl.getTasks(), params: []
2026-08-17 11:16:32.728 [main] INFO  c.v.f.aspect.LoggingAspect - [[AFTER]] [2026-08-17T04:16:32.728272Z] method: TaskController.getTasks(), params: []
2026-08-17 11:16:32.752 [main] INFO  c.v.f.aspect.LoggingAspect - [[BEFORE]] [2026-08-17T04:16:32.752853Z] method: TaskController.exportTasks(), params: []
2026-08-17 11:16:32.752 [main] INFO  c.v.f.aspect.LoggingAspect - [[BEFORE]] [2026-08-17T04:16:32.752964Z] method: TaskServiceImpl.getTasks(), params: []
2026-08-17 11:16:32.754 [main] INFO  c.v.f.aspect.LoggingAspect - [[AFTER]] [2026-08-17T04:16:32.754366Z] method: TaskServiceImpl.getTasks(), params: []
2026-08-17 11:16:32.754 [main] INFO  c.v.f.aspect.LoggingAspect - [[BEFORE]] [2026-08-17T04:16:32.754459Z] method: TaskExportServiceImpl.exportTasks(..), params: [[com.viettelsoftware.firstspringboot.entity.Task@abc771e, com.viettelsoftware.firstspringboot.entity.Task@1e0630cc, com.viettelsoftware.firstspringboot.entity.Task@29ad358c]]
2026-08-17 11:16:32.756 [main] INFO  org.jxls.util.TransformerFactory - Loading transformer by class org.jxls.transform.poi.PoiTransformer
2026-08-17 11:16:32.774 [main] INFO  c.v.f.aspect.LoggingAspect - [[AFTER]] [2026-08-17T04:16:32.774970Z] method: TaskExportServiceImpl.exportTasks(..), params: [[com.viettelsoftware.firstspringboot.entity.Task@abc771e, com.viettelsoftware.firstspringboot.entity.Task@1e0630cc, com.viettelsoftware.firstspringboot.entity.Task@29ad358c]]
2026-08-17 11:16:32.775 [main] INFO  c.v.f.aspect.LoggingAspect - [[AFTER]] [2026-08-17T04:16:32.775472Z] method: TaskController.exportTasks(), params: []
2026-08-17 11:16:32.812 [main] WARN  o.s.w.s.m.s.DefaultHandlerExceptionResolver - Resolved [org.springframework.web.bind.MethodArgumentNotValidException: Validation failed for argument [0] in public com.viettelsoftware.firstspringboot.entity.Task com.viettelsoftware.firstspringboot.controller.TaskController.createTask(com.viettelsoftware.firstspringboot.dto.CreateTaskRequest): [Field error in object 'createTaskRequest' on field 'description': rejected value [ Invalid Description ]; codes [ValidTaskDescription.createTaskRequest.description,ValidTaskDescription.description,ValidTaskDescription.java.lang.String,ValidTaskDescription]; arguments [org.springframework.context.support.DefaultMessageSourceResolvable: codes [createTaskRequest.description,description]; arguments []; default message [description]]; default message [Invalid task description (must be `@NotBlank + @Size(max = 255) + @Pattern(regexp = "^\S(?:.*\S)?$")`)]] ]
2026-08-17 11:16:32.816 [main] INFO  c.v.f.aspect.LoggingAspect - [[BEFORE]] [2026-08-17T04:16:32.816410Z] method: UserController.profile(), params: []
2026-08-17 11:16:32.818 [main] INFO  c.v.f.aspect.LoggingAspect - [[BEFORE]] [2026-08-17T04:16:32.818729Z] method: AuthServiceImpl.getCurrentUser(), params: []
2026-08-17 11:16:32.820 [main] INFO  c.v.f.aspect.LoggingAspect - [[AFTER]] [2026-08-17T04:16:32.820118Z] method: AuthServiceImpl.getCurrentUser(), params: []
2026-08-17 11:16:32.820 [main] INFO  c.v.f.aspect.LoggingAspect - [[AFTER]] [2026-08-17T04:16:32.820412Z] method: UserController.profile(), params: []
2026-08-17 11:16:32.839 [main] INFO  c.v.f.aspect.LoggingAspect - [[BEFORE]] [2026-08-17T04:16:32.839196Z] method: UserController.createUser(..), params: [com.viettelsoftware.firstspringboot.dto.CreateUserRequest@7e58471]
2026-08-17 11:16:32.839 [main] INFO  c.v.f.aspect.LoggingAspect - [[BEFORE]] [2026-08-17T04:16:32.839319Z] method: UserServiceImpl.createUser(..), params: [com.viettelsoftware.firstspringboot.entity.User@22ce83d6]
2026-08-17 11:16:32.884 [main] INFO  c.v.f.aspect.LoggingAspect - [[AFTER]] [2026-08-17T04:16:32.884285Z] method: UserServiceImpl.createUser(..), params: [com.viettelsoftware.firstspringboot.entity.User@22ce83d6]
2026-08-17 11:16:32.884 [main] INFO  c.v.f.aspect.LoggingAspect - [[AFTER]] [2026-08-17T04:16:32.884357Z] method: UserController.createUser(..), params: [com.viettelsoftware.firstspringboot.dto.CreateUserRequest@7e58471]
2026-08-17 11:16:32.887 [main] INFO  c.v.f.aspect.LoggingAspect - [[BEFORE]] [2026-08-17T04:16:32.887261Z] method: UserController.getUsers(), params: []
2026-08-17 11:16:32.887 [main] INFO  c.v.f.aspect.LoggingAspect - [[BEFORE]] [2026-08-17T04:16:32.887394Z] method: UserServiceImpl.getUsers(), params: []
2026-08-17 11:16:32.890 [main] INFO  c.v.f.aspect.LoggingAspect - [[AFTER]] [2026-08-17T04:16:32.890283Z] method: UserServiceImpl.getUsers(), params: []
2026-08-17 11:16:32.890 [main] INFO  c.v.f.aspect.LoggingAspect - [[AFTER]] [2026-08-17T04:16:32.890357Z] method: UserController.getUsers(), params: []
2026-08-17 11:16:32.892 [main] INFO  c.v.f.aspect.LoggingAspect - [[BEFORE]] [2026-08-17T04:16:32.892425Z] method: UserController.exportUsers(), params: []
2026-08-17 11:16:32.892 [main] INFO  c.v.f.aspect.LoggingAspect - [[BEFORE]] [2026-08-17T04:16:32.892529Z] method: UserServiceImpl.getUsers(), params: []
2026-08-17 11:16:32.894 [main] INFO  c.v.f.aspect.LoggingAspect - [[AFTER]] [2026-08-17T04:16:32.894337Z] method: UserServiceImpl.getUsers(), params: []
2026-08-17 11:16:32.894 [main] INFO  c.v.f.aspect.LoggingAspect - [[BEFORE]] [2026-08-17T04:16:32.894439Z] method: UserExportServiceImpl.exportUsers(..), params: [[com.viettelsoftware.firstspringboot.entity.User@378c2cb4, com.viettelsoftware.firstspringboot.entity.User@c2ef25b, com.viettelsoftware.firstspringboot.entity.User@47338b8b, com.viettelsoftware.firstspringboot.entity.User@27afeede]]
2026-08-17 11:16:32.896 [main] INFO  org.jxls.util.TransformerFactory - Loading transformer by class org.jxls.transform.poi.PoiTransformer
2026-08-17 11:16:32.917 [main] INFO  c.v.f.aspect.LoggingAspect - [[AFTER]] [2026-08-17T04:16:32.917010Z] method: UserExportServiceImpl.exportUsers(..), params: [[com.viettelsoftware.firstspringboot.entity.User@378c2cb4, com.viettelsoftware.firstspringboot.entity.User@c2ef25b, com.viettelsoftware.firstspringboot.entity.User@47338b8b, com.viettelsoftware.firstspringboot.entity.User@27afeede]]
2026-08-17 11:16:32.917 [main] INFO  c.v.f.aspect.LoggingAspect - [[AFTER]] [2026-08-17T04:16:32.917260Z] method: UserController.exportUsers(), params: []
2026-08-17 11:16:32.930 [main] INFO  c.v.f.aspect.LoggingAspect - [[BEFORE]] [2026-08-17T04:16:32.930409Z] method: TestService.testMethod(), params: [arg1]
2026-08-17 11:16:32.930 [main] INFO  c.v.f.aspect.LoggingAspect - [[AFTER]] [2026-08-17T04:16:32.930587Z] method: TestService.testMethod(), params: [arg1]
2026-08-17 11:16:33.163 [main] INFO  c.v.f.s.KeycloakUserSyncCronjob - Starting Keycloak user synchronization...
2026-08-17 11:16:33.166 [main] ERROR c.v.f.s.KeycloakUserSyncCronjob - Error occurred while syncing Keycloak users: I/O error on POST request for "http://localhost:9999/realms/master/protocol/openid-connect/token": Connection refused (Connection refused); nested exception is java.net.ConnectException: Connection refused (Connection refused)
org.springframework.web.client.ResourceAccessException: I/O error on POST request for "http://localhost:9999/realms/master/protocol/openid-connect/token": Connection refused (Connection refused); nested exception is java.net.ConnectException: Connection refused (Connection refused)
	at org.springframework.web.client.RestTemplate.doExecute(RestTemplate.java:784)
	at org.springframework.web.client.RestTemplate.execute(RestTemplate.java:710)
	at org.springframework.web.client.RestTemplate.exchange(RestTemplate.java:630)
	at com.viettelsoftware.firstspringboot.scheduler.KeycloakUserSyncCronjob.getAdminAccessToken(KeycloakUserSyncCronjob.java:114)
	at com.viettelsoftware.firstspringboot.scheduler.KeycloakUserSyncCronjob.syncKeycloakUsers(KeycloakUserSyncCronjob.java:56)
	at com.viettelsoftware.firstspringboot.scheduler.KeycloakUserSyncCronjobTest.lambda$testSyncKeycloakUsersHandledGracefullyWhenServerDown$0(KeycloakUserSyncCronjobTest.java:33)
	at org.junit.jupiter.api.AssertDoesNotThrow.assertDoesNotThrow(AssertDoesNotThrow.java:50)
	at org.junit.jupiter.api.AssertDoesNotThrow.assertDoesNotThrow(AssertDoesNotThrow.java:37)
	at org.junit.jupiter.api.Assertions.assertDoesNotThrow(Assertions.java:3060)
	at com.viettelsoftware.firstspringboot.scheduler.KeycloakUserSyncCronjobTest.testSyncKeycloakUsersHandledGracefullyWhenServerDown(KeycloakUserSyncCronjobTest.java:33)
	at java.base/jdk.internal.reflect.NativeMethodAccessorImpl.invoke0(Native Method)
	at java.base/jdk.internal.reflect.NativeMethodAccessorImpl.invoke(NativeMethodAccessorImpl.java:62)
	at java.base/jdk.internal.reflect.DelegatingMethodAccessorImpl.invoke(DelegatingMethodAccessorImpl.java:43)
	at java.base/java.lang.reflect.Method.invoke(Method.java:566)
	at org.junit.platform.commons.util.ReflectionUtils.invokeMethod(ReflectionUtils.java:688)
	at org.junit.jupiter.engine.execution.MethodInvocation.proceed(MethodInvocation.java:60)
	at org.junit.jupiter.engine.execution.InvocationInterceptorChain$ValidatingInvocation.proceed(InvocationInterceptorChain.java:131)
	at org.junit.jupiter.engine.extension.TimeoutExtension.intercept(TimeoutExtension.java:149)
	at org.junit.jupiter.engine.extension.TimeoutExtension.interceptTestableMethod(TimeoutExtension.java:140)
	at org.junit.jupiter.engine.extension.TimeoutExtension.interceptTestMethod(TimeoutExtension.java:84)
	at org.junit.jupiter.engine.execution.ExecutableInvoker$ReflectiveInterceptorCall.lambda$ofVoidMethod$0(ExecutableInvoker.java:115)
	at org.junit.jupiter.engine.execution.ExecutableInvoker.lambda$invoke$0(ExecutableInvoker.java:105)
	at org.junit.jupiter.engine.execution.InvocationInterceptorChain$InterceptedInvocation.proceed(InvocationInterceptorChain.java:106)
	at org.junit.jupiter.engine.execution.InvocationInterceptorChain.proceed(InvocationInterceptorChain.java:64)
	at org.junit.jupiter.engine.execution.InvocationInterceptorChain.chainAndInvoke(InvocationInterceptorChain.java:45)
	at org.junit.jupiter.engine.execution.InvocationInterceptorChain.invoke(InvocationInterceptorChain.java:37)
	at org.junit.jupiter.engine.execution.ExecutableInvoker.invoke(ExecutableInvoker.java:104)
	at org.junit.jupiter.engine.execution.ExecutableInvoker.invoke(ExecutableInvoker.java:98)
	at org.junit.jupiter.engine.descriptor.TestMethodTestDescriptor.lambda$invokeTestMethod$6(TestMethodTestDescriptor.java:210)
	at org.junit.platform.engine.support.hierarchical.ThrowableCollector.execute(ThrowableCollector.java:73)
	at org.junit.jupiter.engine.descriptor.TestMethodTestDescriptor.invokeTestMethod(TestMethodTestDescriptor.java:206)
	at org.junit.jupiter.engine.descriptor.TestMethodTestDescriptor.execute(TestMethodTestDescriptor.java:131)
	at org.junit.jupiter.engine.descriptor.TestMethodTestDescriptor.execute(TestMethodTestDescriptor.java:65)
	at org.junit.platform.engine.support.hierarchical.NodeTestTask.lambda$executeRecursively$5(NodeTestTask.java:139)
	at org.junit.platform.engine.support.hierarchical.ThrowableCollector.execute(ThrowableCollector.java:73)
	at org.junit.platform.engine.support.hierarchical.NodeTestTask.lambda$executeRecursively$7(NodeTestTask.java:129)
	at org.junit.platform.engine.support.hierarchical.Node.around(Node.java:137)
	at org.junit.platform.engine.support.hierarchical.NodeTestTask.lambda$executeRecursively$8(NodeTestTask.java:127)
	at org.junit.platform.engine.support.hierarchical.ThrowableCollector.execute(ThrowableCollector.java:73)
	at org.junit.platform.engine.support.hierarchical.NodeTestTask.executeRecursively(NodeTestTask.java:126)
	at org.junit.platform.engine.support.hierarchical.NodeTestTask.execute(NodeTestTask.java:84)
	at java.base/java.util.ArrayList.forEach(ArrayList.java:1541)
	at org.junit.platform.engine.support.hierarchical.SameThreadHierarchicalTestExecutorService.invokeAll(SameThreadHierarchicalTestExecutorService.java:38)
	at org.junit.platform.engine.support.hierarchical.NodeTestTask.lambda$executeRecursively$5(NodeTestTask.java:143)
	at org.junit.platform.engine.support.hierarchical.ThrowableCollector.execute(ThrowableCollector.java:73)
	at org.junit.platform.engine.support.hierarchical.NodeTestTask.lambda$executeRecursively$7(NodeTestTask.java:129)
	at org.junit.platform.engine.support.hierarchical.Node.around(Node.java:137)
	at org.junit.platform.engine.support.hierarchical.NodeTestTask.lambda$executeRecursively$8(NodeTestTask.java:127)
	at org.junit.platform.engine.support.hierarchical.ThrowableCollector.execute(ThrowableCollector.java:73)
	at org.junit.platform.engine.support.hierarchical.NodeTestTask.executeRecursively(NodeTestTask.java:126)
	at org.junit.platform.engine.support.hierarchical.NodeTestTask.execute(NodeTestTask.java:84)
	at java.base/java.util.ArrayList.forEach(ArrayList.java:1541)
	at org.junit.platform.engine.support.hierarchical.SameThreadHierarchicalTestExecutorService.invokeAll(SameThreadHierarchicalTestExecutorService.java:38)
	at org.junit.platform.engine.support.hierarchical.NodeTestTask.lambda$executeRecursively$5(NodeTestTask.java:143)
	at org.junit.platform.engine.support.hierarchical.ThrowableCollector.execute(ThrowableCollector.java:73)
	at org.junit.platform.engine.support.hierarchical.NodeTestTask.lambda$executeRecursively$7(NodeTestTask.java:129)
	at org.junit.platform.engine.support.hierarchical.Node.around(Node.java:137)
	at org.junit.platform.engine.support.hierarchical.NodeTestTask.lambda$executeRecursively$8(NodeTestTask.java:127)
	at org.junit.platform.engine.support.hierarchical.ThrowableCollector.execute(ThrowableCollector.java:73)
	at org.junit.platform.engine.support.hierarchical.NodeTestTask.executeRecursively(NodeTestTask.java:126)
	at org.junit.platform.engine.support.hierarchical.NodeTestTask.execute(NodeTestTask.java:84)
	at org.junit.platform.engine.support.hierarchical.SameThreadHierarchicalTestExecutorService.submit(SameThreadHierarchicalTestExecutorService.java:32)
	at org.junit.platform.engine.support.hierarchical.HierarchicalTestExecutor.execute(HierarchicalTestExecutor.java:57)
	at org.junit.platform.engine.support.hierarchical.HierarchicalTestEngine.execute(HierarchicalTestEngine.java:51)
	at org.junit.platform.launcher.core.DefaultLauncher.execute(DefaultLauncher.java:220)
	at org.junit.platform.launcher.core.DefaultLauncher.lambda$execute$6(DefaultLauncher.java:188)
	at org.junit.platform.launcher.core.DefaultLauncher.withInterceptedStreams(DefaultLauncher.java:202)
	at org.junit.platform.launcher.core.DefaultLauncher.execute(DefaultLauncher.java:181)
	at org.junit.platform.launcher.core.DefaultLauncher.execute(DefaultLauncher.java:128)
	at org.apache.maven.surefire.junitplatform.JUnitPlatformProvider.invokeAllTests(JUnitPlatformProvider.java:150)
	at org.apache.maven.surefire.junitplatform.JUnitPlatformProvider.invoke(JUnitPlatformProvider.java:124)
	at org.apache.maven.surefire.booter.ForkedBooter.invokeProviderInSameClassLoader(ForkedBooter.java:384)
	at org.apache.maven.surefire.booter.ForkedBooter.runSuitesInProcess(ForkedBooter.java:345)
	at org.apache.maven.surefire.booter.ForkedBooter.execute(ForkedBooter.java:126)
	at org.apache.maven.surefire.booter.ForkedBooter.main(ForkedBooter.java:418)
Caused by: java.net.ConnectException: Connection refused (Connection refused)
	at java.base/java.net.PlainSocketImpl.socketConnect(Native Method)
	at java.base/java.net.AbstractPlainSocketImpl.doConnect(AbstractPlainSocketImpl.java:412)
	at java.base/java.net.AbstractPlainSocketImpl.connectToAddress(AbstractPlainSocketImpl.java:255)
	at java.base/java.net.AbstractPlainSocketImpl.connect(AbstractPlainSocketImpl.java:237)
	at java.base/java.net.Socket.connect(Socket.java:609)
	at java.base/java.net.Socket.connect(Socket.java:558)
	at java.base/sun.net.NetworkClient.doConnect(NetworkClient.java:182)
	at java.base/sun.net.www.http.HttpClient.openServer(HttpClient.java:509)
	at java.base/sun.net.www.http.HttpClient.openServer(HttpClient.java:604)
	at java.base/sun.net.www.http.HttpClient.<init>(HttpClient.java:279)
	at java.base/sun.net.www.http.HttpClient.New(HttpClient.java:376)
	at java.base/sun.net.www.http.HttpClient.New(HttpClient.java:397)
	at java.base/sun.net.www.protocol.http.HttpURLConnection.getNewHttpClient(HttpURLConnection.java:1270)
	at java.base/sun.net.www.protocol.http.HttpURLConnection.plainConnect0(HttpURLConnection.java:1204)
	at java.base/sun.net.www.protocol.http.HttpURLConnection.plainConnect(HttpURLConnection.java:1098)
	at java.base/sun.net.www.protocol.http.HttpURLConnection.connect(HttpURLConnection.java:1032)
	at org.springframework.http.client.SimpleBufferingClientHttpRequest.executeInternal(SimpleBufferingClientHttpRequest.java:76)
	at org.springframework.http.client.AbstractBufferingClientHttpRequest.executeInternal(AbstractBufferingClientHttpRequest.java:48)
	at org.springframework.http.client.AbstractClientHttpRequest.execute(AbstractClientHttpRequest.java:66)
	at org.springframework.web.client.RestTemplate.doExecute(RestTemplate.java:775)
	... 74 common frames omitted
2026-08-17 11:16:33.172 [SpringContextShutdownHook] INFO  o.s.s.c.ThreadPoolTaskScheduler - Shutting down ExecutorService 'taskScheduler'
2026-08-17 11:16:33.172 [SpringContextShutdownHook] INFO  o.s.s.c.ThreadPoolTaskScheduler - Shutting down ExecutorService 'taskScheduler'
2026-08-17 11:16:33.173 [SpringContextShutdownHook] INFO  o.s.s.c.ThreadPoolTaskExecutor - Shutting down ExecutorService 'applicationTaskExecutor'
2026-08-17 11:16:33.173 [SpringContextShutdownHook] INFO  o.s.s.c.ThreadPoolTaskExecutor - Shutting down ExecutorService 'applicationTaskExecutor'
2026-08-17 11:16:33.176 [SpringContextShutdownHook] INFO  o.s.o.j.LocalContainerEntityManagerFactoryBean - Closing JPA EntityManagerFactory for persistence unit 'default'
2026-08-17 11:16:33.176 [SpringContextShutdownHook] INFO  o.s.o.j.LocalContainerEntityManagerFactoryBean - Closing JPA EntityManagerFactory for persistence unit 'default'
2026-08-17 11:16:33.178 [SpringContextShutdownHook] INFO  com.zaxxer.hikari.HikariDataSource - HikariPool-2 - Shutdown initiated...
2026-08-17 11:16:33.178 [SpringContextShutdownHook] INFO  com.zaxxer.hikari.HikariDataSource - HikariPool-1 - Shutdown initiated...
2026-08-17 11:16:33.181 [SpringContextShutdownHook] INFO  com.zaxxer.hikari.HikariDataSource - HikariPool-2 - Shutdown completed.
2026-08-17 11:16:33.181 [SpringContextShutdownHook] INFO  com.zaxxer.hikari.HikariDataSource - HikariPool-1 - Shutdown completed.
2026-08-17 14:41:59.030 [main] INFO  c.v.f.FirstspringbootApplicationTests - Starting FirstspringbootApplicationTests using Java 11.0.32 on lenovo-legion-16iah7h-PF3XJ8SP with PID 336559 (started by ayin in /home/ayin/projs/firstspringboot)
2026-08-17 14:41:59.033 [main] INFO  c.v.f.FirstspringbootApplicationTests - No active profile set, falling back to default profiles: default
2026-08-17 14:41:59.653 [main] INFO  o.s.d.r.c.RepositoryConfigurationDelegate - Bootstrapping Spring Data JPA repositories in DEFAULT mode.
2026-08-17 14:41:59.686 [main] INFO  o.s.d.r.c.RepositoryConfigurationDelegate - Finished Spring Data repository scanning in 28 ms. Found 2 JPA repository interfaces.
2026-08-17 14:42:00.025 [main] INFO  o.s.c.s.PostProcessorRegistrationDelegate$BeanPostProcessorChecker - Bean 'org.springframework.security.access.expression.method.DefaultMethodSecurityExpressionHandler@281963c' of type [org.springframework.security.access.expression.method.DefaultMethodSecurityExpressionHandler] is not eligible for getting processed by all BeanPostProcessors (for example: not eligible for auto-proxying)
2026-08-17 14:42:00.035 [main] INFO  o.s.c.s.PostProcessorRegistrationDelegate$BeanPostProcessorChecker - Bean 'methodSecurityMetadataSource' of type [org.springframework.security.access.method.DelegatingMethodSecurityMetadataSource] is not eligible for getting processed by all BeanPostProcessors (for example: not eligible for auto-proxying)
2026-08-17 14:42:00.146 [main] INFO  com.zaxxer.hikari.HikariDataSource - HikariPool-1 - Starting...
2026-08-17 14:42:00.207 [main] INFO  com.zaxxer.hikari.HikariDataSource - HikariPool-1 - Start completed.
2026-08-17 14:42:00.668 [main] INFO  liquibase.changelog - Reading from firstspringboot.DATABASECHANGELOG
2026-08-17 14:42:00.704 [main] INFO  liquibase.ui - Database is up to date, no changesets to execute
2026-08-17 14:42:00.706 [main] INFO  liquibase.changelog - Reading from firstspringboot.DATABASECHANGELOG
2026-08-17 14:42:00.712 [main] INFO  liquibase.util - UPDATE SUMMARY
2026-08-17 14:42:00.712 [main] INFO  liquibase.util - Run:                          0
2026-08-17 14:42:00.712 [main] INFO  liquibase.util - Previously run:               2
2026-08-17 14:42:00.712 [main] INFO  liquibase.util - Filtered out:                 0
2026-08-17 14:42:00.712 [main] INFO  liquibase.util - -------------------------------
2026-08-17 14:42:00.712 [main] INFO  liquibase.util - Total change sets:            2
2026-08-17 14:42:00.712 [main] INFO  liquibase.util - Update summary generated
2026-08-17 14:42:00.713 [main] INFO  liquibase.command - Command execution complete
2026-08-17 14:42:01.894 [main] INFO  o.h.jpa.internal.util.LogHelper - HHH000204: Processing PersistenceUnitInfo [name: default]
2026-08-17 14:42:01.942 [main] INFO  org.hibernate.Version - HHH000412: Hibernate ORM core version 5.4.25.Final
2026-08-17 14:42:01.966 [main] INFO  o.h.annotations.common.Version - HCANN000001: Hibernate Commons Annotations {5.1.2.Final}
2026-08-17 14:42:02.053 [main] INFO  org.hibernate.dialect.Dialect - HHH000400: Using dialect: org.hibernate.dialect.MariaDB53Dialect
2026-08-17 14:42:02.278 [main] INFO  o.h.e.t.j.p.i.JtaPlatformInitiator - HHH000490: Using JtaPlatform implementation: [org.hibernate.engine.transaction.jta.platform.internal.NoJtaPlatform]
2026-08-17 14:42:02.283 [main] INFO  o.s.o.j.LocalContainerEntityManagerFactoryBean - Initialized JPA EntityManagerFactory for persistence unit 'default'
2026-08-17 14:42:02.319 [main] WARN  o.s.b.a.o.j.JpaBaseConfiguration$JpaWebConfiguration - spring.jpa.open-in-view is enabled by default. Therefore, database queries may be performed during view rendering. Explicitly configure spring.jpa.open-in-view to disable this warning
2026-08-17 14:42:03.044 [main] INFO  o.s.s.web.DefaultSecurityFilterChain - Will secure any request with [org.springframework.security.web.context.request.async.WebAsyncManagerIntegrationFilter@3e6f3ad5, org.springframework.security.web.context.SecurityContextPersistenceFilter@243c4ffe, org.springframework.security.web.header.HeaderWriterFilter@a72bb34, org.springframework.security.web.csrf.CsrfFilter@1bab3926, org.springframework.security.web.authentication.logout.LogoutFilter@26e199ed, org.springframework.security.oauth2.server.resource.web.BearerTokenAuthenticationFilter@3a9d6f5d, org.springframework.security.web.savedrequest.RequestCacheAwareFilter@d7b20d9, org.springframework.security.web.servletapi.SecurityContextHolderAwareRequestFilter@4b7ecd37, org.springframework.security.web.authentication.AnonymousAuthenticationFilter@46e05384, org.springframework.security.web.session.SessionManagementFilter@125c1134, org.springframework.security.web.access.ExceptionTranslationFilter@65314e4, org.springframework.security.web.access.intercept.FilterSecurityInterceptor@5a637c4f]
2026-08-17 14:42:03.188 [main] INFO  o.s.s.c.ThreadPoolTaskExecutor - Initializing ExecutorService 'applicationTaskExecutor'
2026-08-17 14:42:03.477 [main] INFO  o.s.s.c.ThreadPoolTaskScheduler - Initializing ExecutorService 'taskScheduler'
2026-08-17 14:42:03.505 [main] INFO  o.s.b.a.e.web.EndpointLinksResolver - Exposing 1 endpoint(s) beneath base path '/actuator'
2026-08-17 14:42:03.545 [main] INFO  c.v.f.FirstspringbootApplicationTests - Started FirstspringbootApplicationTests in 4.696 seconds (JVM running for 6.451)
2026-08-17 14:42:03.589 [main] INFO  c.v.f.s.KeycloakUserSyncCronjob - Starting Keycloak user synchronization...
2026-08-17 14:42:03.802 [main] INFO  c.v.f.aspect.LoggingAspect - [[BEFORE]] [2026-08-17T07:42:03.802189Z] method: UserServiceImpl.createUser(..), params: [com.viettelsoftware.firstspringboot.entity.User@1352211d]
2026-08-17 14:42:03.966 [main] INFO  c.v.f.aspect.LoggingAspect - [[AFTER]] [2026-08-17T07:42:03.966549Z] method: UserServiceImpl.createUser(..), params: [com.viettelsoftware.firstspringboot.entity.User@1352211d]
2026-08-17 14:42:03.966 [main] INFO  c.v.f.aspect.LoggingAspect - [[BEFORE]] [2026-08-17T07:42:03.966662Z] method: UserServiceImpl.createUser(..), params: [com.viettelsoftware.firstspringboot.entity.User@55fee98a]
2026-08-17 14:42:04.013 [main] INFO  c.v.f.aspect.LoggingAspect - [[AFTER]] [2026-08-17T07:42:04.013Z] method: UserServiceImpl.createUser(..), params: [com.viettelsoftware.firstspringboot.entity.User@55fee98a]
2026-08-17 14:42:04.013 [main] INFO  c.v.f.s.KeycloakUserSyncCronjob - Keycloak user synchronization completed successfully. Synced 2 users.
2026-08-17 14:42:04.075 [main] INFO  o.s.b.t.c.SpringBootTestContextBootstrapper - Neither @ContextConfiguration nor @ContextHierarchy found for test class [com.viettelsoftware.firstspringboot.EndToEndIntegrationTest], using SpringBootContextLoader
2026-08-17 14:42:04.075 [main] INFO  o.s.t.c.s.AbstractContextLoader - Could not detect default resource locations for test class [com.viettelsoftware.firstspringboot.EndToEndIntegrationTest]: no resource found for suffixes {-context.xml, Context.groovy}.
2026-08-17 14:42:04.075 [main] INFO  o.s.t.c.s.AnnotationConfigContextLoaderUtils - Could not detect default configuration classes for test class [com.viettelsoftware.firstspringboot.EndToEndIntegrationTest]: EndToEndIntegrationTest does not declare any static, non-private, non-final, nested classes annotated with @Configuration.
2026-08-17 14:42:04.081 [main] INFO  o.s.b.t.c.SpringBootTestContextBootstrapper - Found @SpringBootConfiguration com.viettelsoftware.firstspringboot.FirstspringbootApplication for test class com.viettelsoftware.firstspringboot.EndToEndIntegrationTest
2026-08-17 14:42:04.082 [main] INFO  o.s.b.t.c.SpringBootTestContextBootstrapper - Loaded default TestExecutionListener class names from location [META-INF/spring.factories]: [org.springframework.boot.test.mock.mockito.MockitoTestExecutionListener, org.springframework.boot.test.mock.mockito.ResetMocksTestExecutionListener, org.springframework.boot.test.autoconfigure.restdocs.RestDocsTestExecutionListener, org.springframework.boot.test.autoconfigure.web.client.MockRestServiceServerResetTestExecutionListener, org.springframework.boot.test.autoconfigure.web.servlet.MockMvcPrintOnlyOnFailureTestExecutionListener, org.springframework.boot.test.autoconfigure.web.servlet.WebDriverTestExecutionListener, org.springframework.boot.test.autoconfigure.webservices.client.MockWebServiceServerTestExecutionListener, org.springframework.test.context.web.ServletTestExecutionListener, org.springframework.test.context.support.DirtiesContextBeforeModesTestExecutionListener, org.springframework.test.context.support.DependencyInjectionTestExecutionListener, org.springframework.test.context.support.DirtiesContextTestExecutionListener, org.springframework.test.context.transaction.TransactionalTestExecutionListener, org.springframework.test.context.jdbc.SqlScriptsTestExecutionListener, org.springframework.test.context.event.EventPublishingTestExecutionListener, org.springframework.security.test.context.support.WithSecurityContextTestExecutionListener, org.springframework.security.test.context.support.ReactorContextTestExecutionListener]
2026-08-17 14:42:04.082 [main] INFO  o.s.b.t.c.SpringBootTestContextBootstrapper - Using TestExecutionListeners: [org.springframework.test.context.web.ServletTestExecutionListener@4af9217f, org.springframework.test.context.support.DirtiesContextBeforeModesTestExecutionListener@6a64be00, org.springframework.boot.test.mock.mockito.MockitoTestExecutionListener@473711df, org.springframework.boot.test.autoconfigure.SpringBootDependencyInjectionTestExecutionListener@14318e90, org.springframework.test.context.support.DirtiesContextTestExecutionListener@1740a7b0, org.springframework.test.context.transaction.TransactionalTestExecutionListener@581b9fe6, org.springframework.test.context.jdbc.SqlScriptsTestExecutionListener@27ddc4d3, org.springframework.test.context.event.EventPublishingTestExecutionListener@3f008bb6, org.springframework.security.test.context.support.WithSecurityContextTestExecutionListener@2defc6c1, org.springframework.security.test.context.support.ReactorContextTestExecutionListener@298f8835, org.springframework.boot.test.mock.mockito.ResetMocksTestExecutionListener@60bd3a8b, org.springframework.boot.test.autoconfigure.restdocs.RestDocsTestExecutionListener@5b5b5011, org.springframework.boot.test.autoconfigure.web.client.MockRestServiceServerResetTestExecutionListener@8d15c75, org.springframework.boot.test.autoconfigure.web.servlet.MockMvcPrintOnlyOnFailureTestExecutionListener@5dcaa37a, org.springframework.boot.test.autoconfigure.web.servlet.WebDriverTestExecutionListener@542aa32a, org.springframework.boot.test.autoconfigure.webservices.client.MockWebServiceServerTestExecutionListener@55f0ba66]
2026-08-17 14:42:04.096 [main] INFO  c.v.f.EndToEndIntegrationTest - Starting EndToEndIntegrationTest using Java 11.0.32 on lenovo-legion-16iah7h-PF3XJ8SP with PID 336559 (started by ayin in /home/ayin/projs/firstspringboot)
2026-08-17 14:42:04.097 [main] INFO  c.v.f.EndToEndIntegrationTest - No active profile set, falling back to default profiles: default
2026-08-17 14:42:04.210 [main] INFO  o.s.d.r.c.RepositoryConfigurationDelegate - Bootstrapping Spring Data JPA repositories in DEFAULT mode.
2026-08-17 14:42:04.220 [main] INFO  o.s.d.r.c.RepositoryConfigurationDelegate - Finished Spring Data repository scanning in 9 ms. Found 2 JPA repository interfaces.
2026-08-17 14:42:04.284 [main] INFO  o.s.c.s.PostProcessorRegistrationDelegate$BeanPostProcessorChecker - Bean 'org.springframework.security.access.expression.method.DefaultMethodSecurityExpressionHandler@13890ab8' of type [org.springframework.security.access.expression.method.DefaultMethodSecurityExpressionHandler] is not eligible for getting processed by all BeanPostProcessors (for example: not eligible for auto-proxying)
2026-08-17 14:42:04.287 [main] INFO  o.s.c.s.PostProcessorRegistrationDelegate$BeanPostProcessorChecker - Bean 'methodSecurityMetadataSource' of type [org.springframework.security.access.method.DelegatingMethodSecurityMetadataSource] is not eligible for getting processed by all BeanPostProcessors (for example: not eligible for auto-proxying)
2026-08-17 14:42:04.313 [main] INFO  com.zaxxer.hikari.HikariDataSource - HikariPool-2 - Starting...
2026-08-17 14:42:04.315 [main] INFO  com.zaxxer.hikari.HikariDataSource - HikariPool-2 - Start completed.
2026-08-17 14:42:04.344 [main] INFO  liquibase.changelog - Reading from firstspringboot.DATABASECHANGELOG
2026-08-17 14:42:04.357 [main] INFO  liquibase.ui - Database is up to date, no changesets to execute
2026-08-17 14:42:04.359 [main] INFO  liquibase.util - UPDATE SUMMARY
2026-08-17 14:42:04.359 [main] INFO  liquibase.util - Run:                          0
2026-08-17 14:42:04.359 [main] INFO  liquibase.util - Previously run:               2
2026-08-17 14:42:04.359 [main] INFO  liquibase.util - Filtered out:                 0
2026-08-17 14:42:04.359 [main] INFO  liquibase.util - -------------------------------
2026-08-17 14:42:04.359 [main] INFO  liquibase.util - Total change sets:            2
2026-08-17 14:42:04.359 [main] INFO  liquibase.util - Update summary generated
2026-08-17 14:42:04.359 [main] INFO  liquibase.command - Command execution complete
2026-08-17 14:42:04.375 [main] INFO  o.h.jpa.internal.util.LogHelper - HHH000204: Processing PersistenceUnitInfo [name: default]
2026-08-17 14:42:04.378 [main] INFO  org.hibernate.dialect.Dialect - HHH000400: Using dialect: org.hibernate.dialect.MariaDB53Dialect
2026-08-17 14:42:04.395 [main] INFO  o.h.e.t.j.p.i.JtaPlatformInitiator - HHH000490: Using JtaPlatform implementation: [org.hibernate.engine.transaction.jta.platform.internal.NoJtaPlatform]
2026-08-17 14:42:04.395 [main] INFO  o.s.o.j.LocalContainerEntityManagerFactoryBean - Initialized JPA EntityManagerFactory for persistence unit 'default'
2026-08-17 14:42:04.415 [main] WARN  o.s.b.a.o.j.JpaBaseConfiguration$JpaWebConfiguration - spring.jpa.open-in-view is enabled by default. Therefore, database queries may be performed during view rendering. Explicitly configure spring.jpa.open-in-view to disable this warning
2026-08-17 14:42:04.610 [main] INFO  o.s.s.web.DefaultSecurityFilterChain - Will secure any request with [org.springframework.security.web.context.request.async.WebAsyncManagerIntegrationFilter@3230d2b2, org.springframework.security.web.context.SecurityContextPersistenceFilter@1f879e78, org.springframework.security.web.header.HeaderWriterFilter@743e5472, org.springframework.security.web.csrf.CsrfFilter@743efe35, org.springframework.security.web.authentication.logout.LogoutFilter@63e17053, org.springframework.security.oauth2.server.resource.web.BearerTokenAuthenticationFilter@477367ad, org.springframework.security.web.savedrequest.RequestCacheAwareFilter@206e080, org.springframework.security.web.servletapi.SecurityContextHolderAwareRequestFilter@49da976, org.springframework.security.web.authentication.AnonymousAuthenticationFilter@aab2419, org.springframework.security.web.session.SessionManagementFilter@1ccb0482, org.springframework.security.web.access.ExceptionTranslationFilter@45339f9, org.springframework.security.web.access.intercept.FilterSecurityInterceptor@25b531b2]
2026-08-17 14:42:04.675 [main] INFO  o.s.s.c.ThreadPoolTaskExecutor - Initializing ExecutorService 'applicationTaskExecutor'
2026-08-17 14:42:04.832 [main] INFO  o.s.s.c.ThreadPoolTaskScheduler - Initializing ExecutorService 'taskScheduler'
2026-08-17 14:42:04.867 [main] INFO  o.s.b.t.m.w.SpringBootMockServletContext - Initializing Spring TestDispatcherServlet ''
2026-08-17 14:42:04.867 [main] INFO  o.s.t.w.s.TestDispatcherServlet - Initializing Servlet ''
2026-08-17 14:42:04.870 [main] INFO  o.s.b.a.e.web.EndpointLinksResolver - Exposing 1 endpoint(s) beneath base path '/actuator'
2026-08-17 14:42:04.908 [main] INFO  o.s.t.w.s.TestDispatcherServlet - Completed initialization in 41 ms
2026-08-17 14:42:04.921 [main] INFO  c.v.f.EndToEndIntegrationTest - Started EndToEndIntegrationTest in 0.837 seconds (JVM running for 7.827)
2026-08-17 14:42:04.921 [main] INFO  c.v.f.s.KeycloakUserSyncCronjob - Starting Keycloak user synchronization...
2026-08-17 14:42:04.961 [main] INFO  c.v.f.aspect.LoggingAspect - [[BEFORE]] [2026-08-17T07:42:04.961960Z] method: UserServiceImpl.createUser(..), params: [com.viettelsoftware.firstspringboot.entity.User@5a414ed4]
2026-08-17 14:42:05.011 [main] INFO  c.v.f.aspect.LoggingAspect - [[AFTER]] [2026-08-17T07:42:05.011884Z] method: UserServiceImpl.createUser(..), params: [com.viettelsoftware.firstspringboot.entity.User@5a414ed4]
2026-08-17 14:42:05.011 [main] INFO  c.v.f.aspect.LoggingAspect - [[BEFORE]] [2026-08-17T07:42:05.011972Z] method: UserServiceImpl.createUser(..), params: [com.viettelsoftware.firstspringboot.entity.User@4a8c4dae]
2026-08-17 14:42:05.054 [main] INFO  c.v.f.aspect.LoggingAspect - [[AFTER]] [2026-08-17T07:42:05.054726Z] method: UserServiceImpl.createUser(..), params: [com.viettelsoftware.firstspringboot.entity.User@4a8c4dae]
2026-08-17 14:42:05.054 [main] INFO  c.v.f.s.KeycloakUserSyncCronjob - Keycloak user synchronization completed successfully. Synced 2 users.
2026-08-17 14:42:05.079 [main] INFO  c.v.f.aspect.LoggingAspect - [[BEFORE]] [2026-08-17T07:42:05.079514Z] method: TaskController.getTasks(), params: []
2026-08-17 14:42:05.082 [main] INFO  c.v.f.aspect.LoggingAspect - [[BEFORE]] [2026-08-17T07:42:05.082663Z] method: TaskServiceImpl.getTasks(), params: []
2026-08-17 14:42:05.091 [main] INFO  c.v.f.aspect.LoggingAspect - [[AFTER]] [2026-08-17T07:42:05.091079Z] method: TaskServiceImpl.getTasks(), params: []
2026-08-17 14:42:05.091 [main] INFO  c.v.f.aspect.LoggingAspect - [[AFTER]] [2026-08-17T07:42:05.091161Z] method: TaskController.getTasks(), params: []
2026-08-17 14:42:05.114 [main] INFO  c.v.f.aspect.LoggingAspect - [[BEFORE]] [2026-08-17T07:42:05.114714Z] method: TaskController.exportTasks(), params: []
2026-08-17 14:42:05.114 [main] INFO  c.v.f.aspect.LoggingAspect - [[BEFORE]] [2026-08-17T07:42:05.114862Z] method: TaskExportServiceImpl.exportTasks(), params: []
2026-08-17 14:42:05.116 [main] INFO  c.v.f.aspect.LoggingAspect - [[BEFORE]] [2026-08-17T07:42:05.116731Z] method: TaskServiceImpl.getTasks(), params: []
2026-08-17 14:42:05.118 [main] INFO  c.v.f.aspect.LoggingAspect - [[AFTER]] [2026-08-17T07:42:05.118583Z] method: TaskServiceImpl.getTasks(), params: []
2026-08-17 14:42:05.118 [main] INFO  org.jxls.util.TransformerFactory - Loading transformer by class org.jxls.transform.poi.PoiTransformer
2026-08-17 14:42:05.136 [main] INFO  c.v.f.aspect.LoggingAspect - [[AFTER]] [2026-08-17T07:42:05.136683Z] method: TaskExportServiceImpl.exportTasks(), params: []
2026-08-17 14:42:05.137 [main] INFO  c.v.f.aspect.LoggingAspect - [[AFTER]] [2026-08-17T07:42:05.137141Z] method: TaskController.exportTasks(), params: []
2026-08-17 14:42:05.174 [main] WARN  o.s.w.s.m.s.DefaultHandlerExceptionResolver - Resolved [org.springframework.web.bind.MethodArgumentNotValidException: Validation failed for argument [0] in public com.viettelsoftware.firstspringboot.entity.Task com.viettelsoftware.firstspringboot.controller.TaskController.createTask(com.viettelsoftware.firstspringboot.dto.CreateTaskRequest): [Field error in object 'createTaskRequest' on field 'description': rejected value [ Invalid Description ]; codes [ValidTaskDescription.createTaskRequest.description,ValidTaskDescription.description,ValidTaskDescription.java.lang.String,ValidTaskDescription]; arguments [org.springframework.context.support.DefaultMessageSourceResolvable: codes [createTaskRequest.description,description]; arguments []; default message [description]]; default message [Invalid task description (must be `@NotBlank + @Size(max = 255) + @Pattern(regexp = "^\S(?:.*\S)?$")`)]] ]
2026-08-17 14:42:05.178 [main] INFO  c.v.f.aspect.LoggingAspect - [[BEFORE]] [2026-08-17T07:42:05.178523Z] method: UserController.profile(), params: []
2026-08-17 14:42:05.180 [main] INFO  c.v.f.aspect.LoggingAspect - [[BEFORE]] [2026-08-17T07:42:05.180642Z] method: AuthServiceImpl.getCurrentUser(), params: []
2026-08-17 14:42:05.181 [main] INFO  c.v.f.aspect.LoggingAspect - [[AFTER]] [2026-08-17T07:42:05.181943Z] method: AuthServiceImpl.getCurrentUser(), params: []
2026-08-17 14:42:05.182 [main] INFO  c.v.f.aspect.LoggingAspect - [[AFTER]] [2026-08-17T07:42:05.182254Z] method: UserController.profile(), params: []
2026-08-17 14:42:05.199 [main] INFO  c.v.f.aspect.LoggingAspect - [[BEFORE]] [2026-08-17T07:42:05.199369Z] method: UserController.createUser(..), params: [com.viettelsoftware.firstspringboot.dto.CreateUserRequest@d3bf018]
2026-08-17 14:42:05.199 [main] INFO  c.v.f.aspect.LoggingAspect - [[BEFORE]] [2026-08-17T07:42:05.199486Z] method: UserServiceImpl.createUser(..), params: [com.viettelsoftware.firstspringboot.entity.User@be60fad]
2026-08-17 14:42:05.267 [main] INFO  c.v.f.aspect.LoggingAspect - [[AFTER]] [2026-08-17T07:42:05.267148Z] method: UserServiceImpl.createUser(..), params: [com.viettelsoftware.firstspringboot.entity.User@be60fad]
2026-08-17 14:42:05.267 [main] INFO  c.v.f.aspect.LoggingAspect - [[AFTER]] [2026-08-17T07:42:05.267234Z] method: UserController.createUser(..), params: [com.viettelsoftware.firstspringboot.dto.CreateUserRequest@d3bf018]
2026-08-17 14:42:05.269 [main] INFO  c.v.f.aspect.LoggingAspect - [[BEFORE]] [2026-08-17T07:42:05.269928Z] method: UserController.getUsers(), params: []
2026-08-17 14:42:05.270 [main] INFO  c.v.f.aspect.LoggingAspect - [[BEFORE]] [2026-08-17T07:42:05.270043Z] method: UserServiceImpl.getUsers(), params: []
2026-08-17 14:42:05.273 [main] INFO  c.v.f.aspect.LoggingAspect - [[AFTER]] [2026-08-17T07:42:05.273208Z] method: UserServiceImpl.getUsers(), params: []
2026-08-17 14:42:05.273 [main] INFO  c.v.f.aspect.LoggingAspect - [[AFTER]] [2026-08-17T07:42:05.273279Z] method: UserController.getUsers(), params: []
2026-08-17 14:42:05.275 [main] INFO  c.v.f.aspect.LoggingAspect - [[BEFORE]] [2026-08-17T07:42:05.275245Z] method: UserController.exportUsers(), params: []
2026-08-17 14:42:05.275 [main] INFO  c.v.f.aspect.LoggingAspect - [[BEFORE]] [2026-08-17T07:42:05.275362Z] method: UserExportServiceImpl.exportUsers(), params: []
2026-08-17 14:42:05.276 [main] INFO  c.v.f.aspect.LoggingAspect - [[BEFORE]] [2026-08-17T07:42:05.276833Z] method: UserServiceImpl.getUsers(), params: []
2026-08-17 14:42:05.278 [main] INFO  c.v.f.aspect.LoggingAspect - [[AFTER]] [2026-08-17T07:42:05.278830Z] method: UserServiceImpl.getUsers(), params: []
2026-08-17 14:42:05.278 [main] INFO  org.jxls.util.TransformerFactory - Loading transformer by class org.jxls.transform.poi.PoiTransformer
2026-08-17 14:42:05.299 [main] INFO  c.v.f.aspect.LoggingAspect - [[AFTER]] [2026-08-17T07:42:05.299735Z] method: UserExportServiceImpl.exportUsers(), params: []
2026-08-17 14:42:05.299 [main] INFO  c.v.f.aspect.LoggingAspect - [[AFTER]] [2026-08-17T07:42:05.299950Z] method: UserController.exportUsers(), params: []
2026-08-17 14:42:05.312 [main] INFO  c.v.f.aspect.LoggingAspect - [[BEFORE]] [2026-08-17T07:42:05.312685Z] method: TestService.testMethod(), params: [arg1]
2026-08-17 14:42:05.312 [main] INFO  c.v.f.aspect.LoggingAspect - [[AFTER]] [2026-08-17T07:42:05.312854Z] method: TestService.testMethod(), params: [arg1]
2026-08-17 14:42:05.545 [main] INFO  c.v.f.s.KeycloakUserSyncCronjob - Starting Keycloak user synchronization...
2026-08-17 14:42:05.547 [main] ERROR c.v.f.s.KeycloakUserSyncCronjob - Error occurred while syncing Keycloak users: I/O error on POST request for "http://localhost:9999/realms/master/protocol/openid-connect/token": Connection refused (Connection refused); nested exception is java.net.ConnectException: Connection refused (Connection refused)
org.springframework.web.client.ResourceAccessException: I/O error on POST request for "http://localhost:9999/realms/master/protocol/openid-connect/token": Connection refused (Connection refused); nested exception is java.net.ConnectException: Connection refused (Connection refused)
	at org.springframework.web.client.RestTemplate.doExecute(RestTemplate.java:784)
	at org.springframework.web.client.RestTemplate.execute(RestTemplate.java:710)
	at org.springframework.web.client.RestTemplate.exchange(RestTemplate.java:630)
	at com.viettelsoftware.firstspringboot.scheduler.KeycloakUserSyncCronjob.getAdminAccessToken(KeycloakUserSyncCronjob.java:114)
	at com.viettelsoftware.firstspringboot.scheduler.KeycloakUserSyncCronjob.syncKeycloakUsers(KeycloakUserSyncCronjob.java:56)
	at com.viettelsoftware.firstspringboot.scheduler.KeycloakUserSyncCronjobTest.lambda$testSyncKeycloakUsersHandledGracefullyWhenServerDown$0(KeycloakUserSyncCronjobTest.java:33)
	at org.junit.jupiter.api.AssertDoesNotThrow.assertDoesNotThrow(AssertDoesNotThrow.java:50)
	at org.junit.jupiter.api.AssertDoesNotThrow.assertDoesNotThrow(AssertDoesNotThrow.java:37)
	at org.junit.jupiter.api.Assertions.assertDoesNotThrow(Assertions.java:3060)
	at com.viettelsoftware.firstspringboot.scheduler.KeycloakUserSyncCronjobTest.testSyncKeycloakUsersHandledGracefullyWhenServerDown(KeycloakUserSyncCronjobTest.java:33)
	at java.base/jdk.internal.reflect.NativeMethodAccessorImpl.invoke0(Native Method)
	at java.base/jdk.internal.reflect.NativeMethodAccessorImpl.invoke(NativeMethodAccessorImpl.java:62)
	at java.base/jdk.internal.reflect.DelegatingMethodAccessorImpl.invoke(DelegatingMethodAccessorImpl.java:43)
	at java.base/java.lang.reflect.Method.invoke(Method.java:566)
	at org.junit.platform.commons.util.ReflectionUtils.invokeMethod(ReflectionUtils.java:688)
	at org.junit.jupiter.engine.execution.MethodInvocation.proceed(MethodInvocation.java:60)
	at org.junit.jupiter.engine.execution.InvocationInterceptorChain$ValidatingInvocation.proceed(InvocationInterceptorChain.java:131)
	at org.junit.jupiter.engine.extension.TimeoutExtension.intercept(TimeoutExtension.java:149)
	at org.junit.jupiter.engine.extension.TimeoutExtension.interceptTestableMethod(TimeoutExtension.java:140)
	at org.junit.jupiter.engine.extension.TimeoutExtension.interceptTestMethod(TimeoutExtension.java:84)
	at org.junit.jupiter.engine.execution.ExecutableInvoker$ReflectiveInterceptorCall.lambda$ofVoidMethod$0(ExecutableInvoker.java:115)
	at org.junit.jupiter.engine.execution.ExecutableInvoker.lambda$invoke$0(ExecutableInvoker.java:105)
	at org.junit.jupiter.engine.execution.InvocationInterceptorChain$InterceptedInvocation.proceed(InvocationInterceptorChain.java:106)
	at org.junit.jupiter.engine.execution.InvocationInterceptorChain.proceed(InvocationInterceptorChain.java:64)
	at org.junit.jupiter.engine.execution.InvocationInterceptorChain.chainAndInvoke(InvocationInterceptorChain.java:45)
	at org.junit.jupiter.engine.execution.InvocationInterceptorChain.invoke(InvocationInterceptorChain.java:37)
	at org.junit.jupiter.engine.execution.ExecutableInvoker.invoke(ExecutableInvoker.java:104)
	at org.junit.jupiter.engine.execution.ExecutableInvoker.invoke(ExecutableInvoker.java:98)
	at org.junit.jupiter.engine.descriptor.TestMethodTestDescriptor.lambda$invokeTestMethod$6(TestMethodTestDescriptor.java:210)
	at org.junit.platform.engine.support.hierarchical.ThrowableCollector.execute(ThrowableCollector.java:73)
	at org.junit.jupiter.engine.descriptor.TestMethodTestDescriptor.invokeTestMethod(TestMethodTestDescriptor.java:206)
	at org.junit.jupiter.engine.descriptor.TestMethodTestDescriptor.execute(TestMethodTestDescriptor.java:131)
	at org.junit.jupiter.engine.descriptor.TestMethodTestDescriptor.execute(TestMethodTestDescriptor.java:65)
	at org.junit.platform.engine.support.hierarchical.NodeTestTask.lambda$executeRecursively$5(NodeTestTask.java:139)
	at org.junit.platform.engine.support.hierarchical.ThrowableCollector.execute(ThrowableCollector.java:73)
	at org.junit.platform.engine.support.hierarchical.NodeTestTask.lambda$executeRecursively$7(NodeTestTask.java:129)
	at org.junit.platform.engine.support.hierarchical.Node.around(Node.java:137)
	at org.junit.platform.engine.support.hierarchical.NodeTestTask.lambda$executeRecursively$8(NodeTestTask.java:127)
	at org.junit.platform.engine.support.hierarchical.ThrowableCollector.execute(ThrowableCollector.java:73)
	at org.junit.platform.engine.support.hierarchical.NodeTestTask.executeRecursively(NodeTestTask.java:126)
	at org.junit.platform.engine.support.hierarchical.NodeTestTask.execute(NodeTestTask.java:84)
	at java.base/java.util.ArrayList.forEach(ArrayList.java:1541)
	at org.junit.platform.engine.support.hierarchical.SameThreadHierarchicalTestExecutorService.invokeAll(SameThreadHierarchicalTestExecutorService.java:38)
	at org.junit.platform.engine.support.hierarchical.NodeTestTask.lambda$executeRecursively$5(NodeTestTask.java:143)
	at org.junit.platform.engine.support.hierarchical.ThrowableCollector.execute(ThrowableCollector.java:73)
	at org.junit.platform.engine.support.hierarchical.NodeTestTask.lambda$executeRecursively$7(NodeTestTask.java:129)
	at org.junit.platform.engine.support.hierarchical.Node.around(Node.java:137)
	at org.junit.platform.engine.support.hierarchical.NodeTestTask.lambda$executeRecursively$8(NodeTestTask.java:127)
	at org.junit.platform.engine.support.hierarchical.ThrowableCollector.execute(ThrowableCollector.java:73)
	at org.junit.platform.engine.support.hierarchical.NodeTestTask.executeRecursively(NodeTestTask.java:126)
	at org.junit.platform.engine.support.hierarchical.NodeTestTask.execute(NodeTestTask.java:84)
	at java.base/java.util.ArrayList.forEach(ArrayList.java:1541)
	at org.junit.platform.engine.support.hierarchical.SameThreadHierarchicalTestExecutorService.invokeAll(SameThreadHierarchicalTestExecutorService.java:38)
	at org.junit.platform.engine.support.hierarchical.NodeTestTask.lambda$executeRecursively$5(NodeTestTask.java:143)
	at org.junit.platform.engine.support.hierarchical.ThrowableCollector.execute(ThrowableCollector.java:73)
	at org.junit.platform.engine.support.hierarchical.NodeTestTask.lambda$executeRecursively$7(NodeTestTask.java:129)
	at org.junit.platform.engine.support.hierarchical.Node.around(Node.java:137)
	at org.junit.platform.engine.support.hierarchical.NodeTestTask.lambda$executeRecursively$8(NodeTestTask.java:127)
	at org.junit.platform.engine.support.hierarchical.ThrowableCollector.execute(ThrowableCollector.java:73)
	at org.junit.platform.engine.support.hierarchical.NodeTestTask.executeRecursively(NodeTestTask.java:126)
	at org.junit.platform.engine.support.hierarchical.NodeTestTask.execute(NodeTestTask.java:84)
	at org.junit.platform.engine.support.hierarchical.SameThreadHierarchicalTestExecutorService.submit(SameThreadHierarchicalTestExecutorService.java:32)
	at org.junit.platform.engine.support.hierarchical.HierarchicalTestExecutor.execute(HierarchicalTestExecutor.java:57)
	at org.junit.platform.engine.support.hierarchical.HierarchicalTestEngine.execute(HierarchicalTestEngine.java:51)
	at org.junit.platform.launcher.core.DefaultLauncher.execute(DefaultLauncher.java:220)
	at org.junit.platform.launcher.core.DefaultLauncher.lambda$execute$6(DefaultLauncher.java:188)
	at org.junit.platform.launcher.core.DefaultLauncher.withInterceptedStreams(DefaultLauncher.java:202)
	at org.junit.platform.launcher.core.DefaultLauncher.execute(DefaultLauncher.java:181)
	at org.junit.platform.launcher.core.DefaultLauncher.execute(DefaultLauncher.java:128)
	at org.apache.maven.surefire.junitplatform.JUnitPlatformProvider.invokeAllTests(JUnitPlatformProvider.java:150)
	at org.apache.maven.surefire.junitplatform.JUnitPlatformProvider.invoke(JUnitPlatformProvider.java:124)
	at org.apache.maven.surefire.booter.ForkedBooter.invokeProviderInSameClassLoader(ForkedBooter.java:384)
	at org.apache.maven.surefire.booter.ForkedBooter.runSuitesInProcess(ForkedBooter.java:345)
	at org.apache.maven.surefire.booter.ForkedBooter.execute(ForkedBooter.java:126)
	at org.apache.maven.surefire.booter.ForkedBooter.main(ForkedBooter.java:418)
Caused by: java.net.ConnectException: Connection refused (Connection refused)
	at java.base/java.net.PlainSocketImpl.socketConnect(Native Method)
	at java.base/java.net.AbstractPlainSocketImpl.doConnect(AbstractPlainSocketImpl.java:412)
	at java.base/java.net.AbstractPlainSocketImpl.connectToAddress(AbstractPlainSocketImpl.java:255)
	at java.base/java.net.AbstractPlainSocketImpl.connect(AbstractPlainSocketImpl.java:237)
	at java.base/java.net.Socket.connect(Socket.java:609)
	at java.base/java.net.Socket.connect(Socket.java:558)
	at java.base/sun.net.NetworkClient.doConnect(NetworkClient.java:182)
	at java.base/sun.net.www.http.HttpClient.openServer(HttpClient.java:509)
	at java.base/sun.net.www.http.HttpClient.openServer(HttpClient.java:604)
	at java.base/sun.net.www.http.HttpClient.<init>(HttpClient.java:279)
	at java.base/sun.net.www.http.HttpClient.New(HttpClient.java:376)
	at java.base/sun.net.www.http.HttpClient.New(HttpClient.java:397)
	at java.base/sun.net.www.protocol.http.HttpURLConnection.getNewHttpClient(HttpURLConnection.java:1270)
	at java.base/sun.net.www.protocol.http.HttpURLConnection.plainConnect0(HttpURLConnection.java:1204)
	at java.base/sun.net.www.protocol.http.HttpURLConnection.plainConnect(HttpURLConnection.java:1098)
	at java.base/sun.net.www.protocol.http.HttpURLConnection.connect(HttpURLConnection.java:1032)
	at org.springframework.http.client.SimpleBufferingClientHttpRequest.executeInternal(SimpleBufferingClientHttpRequest.java:76)
	at org.springframework.http.client.AbstractBufferingClientHttpRequest.executeInternal(AbstractBufferingClientHttpRequest.java:48)
	at org.springframework.http.client.AbstractClientHttpRequest.execute(AbstractClientHttpRequest.java:66)
	at org.springframework.web.client.RestTemplate.doExecute(RestTemplate.java:775)
	... 74 common frames omitted
2026-08-17 14:42:05.554 [SpringContextShutdownHook] INFO  o.s.s.c.ThreadPoolTaskScheduler - Shutting down ExecutorService 'taskScheduler'
2026-08-17 14:42:05.555 [SpringContextShutdownHook] INFO  o.s.s.c.ThreadPoolTaskScheduler - Shutting down ExecutorService 'taskScheduler'
2026-08-17 14:42:05.556 [SpringContextShutdownHook] INFO  o.s.s.c.ThreadPoolTaskExecutor - Shutting down ExecutorService 'applicationTaskExecutor'
2026-08-17 14:42:05.556 [SpringContextShutdownHook] INFO  o.s.s.c.ThreadPoolTaskExecutor - Shutting down ExecutorService 'applicationTaskExecutor'
2026-08-17 14:42:05.559 [SpringContextShutdownHook] INFO  o.s.o.j.LocalContainerEntityManagerFactoryBean - Closing JPA EntityManagerFactory for persistence unit 'default'
2026-08-17 14:42:05.559 [SpringContextShutdownHook] INFO  o.s.o.j.LocalContainerEntityManagerFactoryBean - Closing JPA EntityManagerFactory for persistence unit 'default'
2026-08-17 14:42:05.561 [SpringContextShutdownHook] INFO  com.zaxxer.hikari.HikariDataSource - HikariPool-2 - Shutdown initiated...
2026-08-17 14:42:05.561 [SpringContextShutdownHook] INFO  com.zaxxer.hikari.HikariDataSource - HikariPool-1 - Shutdown initiated...
2026-08-17 14:42:05.566 [SpringContextShutdownHook] INFO  com.zaxxer.hikari.HikariDataSource - HikariPool-2 - Shutdown completed.
2026-08-17 14:42:05.566 [SpringContextShutdownHook] INFO  com.zaxxer.hikari.HikariDataSource - HikariPool-1 - Shutdown completed.
2026-08-17 15:00:05.471 [main] INFO  c.v.f.FirstspringbootApplicationTests - Starting FirstspringbootApplicationTests using Java 11.0.32 on lenovo-legion-16iah7h-PF3XJ8SP with PID 354968 (started by ayin in /home/ayin/projs/firstspringboot)
2026-08-17 15:00:05.473 [main] INFO  c.v.f.FirstspringbootApplicationTests - No active profile set, falling back to default profiles: default
2026-08-17 15:00:06.030 [main] INFO  o.s.d.r.c.RepositoryConfigurationDelegate - Bootstrapping Spring Data JPA repositories in DEFAULT mode.
2026-08-17 15:00:06.065 [main] INFO  o.s.d.r.c.RepositoryConfigurationDelegate - Finished Spring Data repository scanning in 31 ms. Found 3 JPA repository interfaces.
2026-08-17 15:00:06.354 [main] INFO  o.s.c.s.PostProcessorRegistrationDelegate$BeanPostProcessorChecker - Bean 'org.springframework.security.access.expression.method.DefaultMethodSecurityExpressionHandler@912a644' of type [org.springframework.security.access.expression.method.DefaultMethodSecurityExpressionHandler] is not eligible for getting processed by all BeanPostProcessors (for example: not eligible for auto-proxying)
2026-08-17 15:00:06.362 [main] INFO  o.s.c.s.PostProcessorRegistrationDelegate$BeanPostProcessorChecker - Bean 'methodSecurityMetadataSource' of type [org.springframework.security.access.method.DelegatingMethodSecurityMetadataSource] is not eligible for getting processed by all BeanPostProcessors (for example: not eligible for auto-proxying)
2026-08-17 15:00:06.460 [main] INFO  com.zaxxer.hikari.HikariDataSource - HikariPool-1 - Starting...
2026-08-17 15:00:06.525 [main] INFO  com.zaxxer.hikari.HikariDataSource - HikariPool-1 - Start completed.
2026-08-17 15:00:06.932 [main] INFO  liquibase.changelog - Reading from firstspringboot.DATABASECHANGELOG
2026-08-17 15:00:07.022 [main] INFO  liquibase.lockservice - Successfully acquired change log lock
2026-08-17 15:00:07.023 [main] INFO  liquibase.command - Using deploymentId: 6953606446
2026-08-17 15:00:07.024 [main] INFO  liquibase.changelog - Reading from firstspringboot.DATABASECHANGELOG
2026-08-17 15:00:07.032 [main] INFO  liquibase.ui - Running Changeset: db/changelog/changes/03-create-audit-events-table.xml::3::firstspringbootmariadbuser
2026-08-17 15:00:07.035 [main] INFO  liquibase.snapshot - Creating snapshot
2026-08-17 15:00:07.100 [main] INFO  liquibase.changelog - Table audit_events created
2026-08-17 15:00:07.209 [main] INFO  liquibase.changelog - Index idx_audit_service_timestamp created
2026-08-17 15:00:07.321 [main] INFO  liquibase.changelog - Index idx_audit_actor_timestamp created
2026-08-17 15:00:07.321 [main] INFO  liquibase.changelog - ChangeSet db/changelog/changes/03-create-audit-events-table.xml::3::firstspringbootmariadbuser ran successfully in 288ms
2026-08-17 15:00:07.335 [main] INFO  liquibase.util - UPDATE SUMMARY
2026-08-17 15:00:07.335 [main] INFO  liquibase.util - Run:                          1
2026-08-17 15:00:07.335 [main] INFO  liquibase.util - Previously run:               2
2026-08-17 15:00:07.335 [main] INFO  liquibase.util - Filtered out:                 0
2026-08-17 15:00:07.335 [main] INFO  liquibase.util - -------------------------------
2026-08-17 15:00:07.335 [main] INFO  liquibase.util - Total change sets:            3
2026-08-17 15:00:07.336 [main] INFO  liquibase.util - Update summary generated
2026-08-17 15:00:07.337 [main] INFO  liquibase.command - Update command completed successfully.
2026-08-17 15:00:07.337 [main] INFO  liquibase.ui - Liquibase: Update has been successful. Rows affected: 1
2026-08-17 15:00:07.345 [main] INFO  liquibase.lockservice - Successfully released change log lock
2026-08-17 15:00:07.346 [main] INFO  liquibase.command - Command execution complete
2026-08-17 15:00:08.765 [main] INFO  o.h.jpa.internal.util.LogHelper - HHH000204: Processing PersistenceUnitInfo [name: default]
2026-08-17 15:00:08.802 [main] INFO  org.hibernate.Version - HHH000412: Hibernate ORM core version 5.4.25.Final
2026-08-17 15:00:08.824 [main] INFO  o.h.annotations.common.Version - HCANN000001: Hibernate Commons Annotations {5.1.2.Final}
2026-08-17 15:00:08.898 [main] INFO  org.hibernate.dialect.Dialect - HHH000400: Using dialect: org.hibernate.dialect.MariaDB53Dialect
2026-08-17 15:00:09.118 [main] INFO  o.h.e.t.j.p.i.JtaPlatformInitiator - HHH000490: Using JtaPlatform implementation: [org.hibernate.engine.transaction.jta.platform.internal.NoJtaPlatform]
2026-08-17 15:00:09.122 [main] INFO  o.s.o.j.LocalContainerEntityManagerFactoryBean - Initialized JPA EntityManagerFactory for persistence unit 'default'
2026-08-17 15:00:09.157 [main] WARN  o.s.b.a.o.j.JpaBaseConfiguration$JpaWebConfiguration - spring.jpa.open-in-view is enabled by default. Therefore, database queries may be performed during view rendering. Explicitly configure spring.jpa.open-in-view to disable this warning
2026-08-17 15:00:09.961 [main] INFO  o.s.s.web.DefaultSecurityFilterChain - Will secure any request with [org.springframework.security.web.context.request.async.WebAsyncManagerIntegrationFilter@4cee91b, org.springframework.security.web.context.SecurityContextPersistenceFilter@71c16f67, org.springframework.security.web.header.HeaderWriterFilter@2e949007, org.springframework.security.web.csrf.CsrfFilter@2c1a86e1, org.springframework.security.web.authentication.logout.LogoutFilter@7408b3db, org.springframework.security.oauth2.server.resource.web.BearerTokenAuthenticationFilter@40ea5cd3, org.springframework.security.web.savedrequest.RequestCacheAwareFilter@1fb66050, org.springframework.security.web.servletapi.SecurityContextHolderAwareRequestFilter@65f68e96, org.springframework.security.web.authentication.AnonymousAuthenticationFilter@7b70596d, org.springframework.security.web.session.SessionManagementFilter@3c6c5b44, org.springframework.security.web.access.ExceptionTranslationFilter@5f45abe6, org.springframework.security.web.access.intercept.FilterSecurityInterceptor@2533cbcc]
2026-08-17 15:00:10.097 [main] INFO  o.s.s.c.ThreadPoolTaskExecutor - Initializing ExecutorService 'applicationTaskExecutor'
2026-08-17 15:00:10.375 [main] INFO  o.s.s.c.ThreadPoolTaskScheduler - Initializing ExecutorService 'taskScheduler'
2026-08-17 15:00:10.392 [main] INFO  o.s.b.a.e.web.EndpointLinksResolver - Exposing 1 endpoint(s) beneath base path '/actuator'
2026-08-17 15:00:10.433 [main] INFO  c.v.f.FirstspringbootApplicationTests - Started FirstspringbootApplicationTests in 5.122 seconds (JVM running for 6.698)
2026-08-17 15:00:10.464 [main] INFO  c.v.f.s.KeycloakUserSyncCronjob - Starting Keycloak user synchronization...
2026-08-17 15:00:10.604 [main] INFO  c.v.f.aspect.LoggingAspect - [[BEFORE]] [2026-08-17T08:00:10.603582Z] method: UserServiceImpl.createUser(..), params: [com.viettelsoftware.firstspringboot.entity.User@49bc9588]
2026-08-17 15:00:10.773 [main] INFO  c.v.f.aspect.LoggingAspect - [[AFTER]] [2026-08-17T08:00:10.773964Z] method: UserServiceImpl.createUser(..), params: [com.viettelsoftware.firstspringboot.entity.User@49bc9588]
2026-08-17 15:00:10.775 [main] ERROR c.v.f.s.KeycloakUserSyncCronjob - Error occurred while syncing Keycloak users: actorUsername is marked non-null but is null
java.lang.NullPointerException: actorUsername is marked non-null but is null
	at com.viettelsoftware.firstspringboot.entity.AuditEvent.<init>(AuditEvent.java:13)
	at com.viettelsoftware.firstspringboot.entity.AuditEvent$AuditEventBuilder.build(AuditEvent.java:11)
	at com.viettelsoftware.firstspringboot.service.UserServiceImpl.createUser(UserServiceImpl.java:111)
	at com.viettelsoftware.firstspringboot.service.UserServiceImpl$$FastClassBySpringCGLIB$$1452da17.invoke(<generated>)
	at org.springframework.cglib.proxy.MethodProxy.invoke(MethodProxy.java:218)
	at org.springframework.aop.framework.CglibAopProxy$CglibMethodInvocation.invokeJoinpoint(CglibAopProxy.java:771)
	at org.springframework.aop.framework.ReflectiveMethodInvocation.proceed(ReflectiveMethodInvocation.java:163)
	at org.springframework.aop.framework.CglibAopProxy$CglibMethodInvocation.proceed(CglibAopProxy.java:749)
	at org.springframework.aop.aspectj.AspectJAfterAdvice.invoke(AspectJAfterAdvice.java:49)
	at org.springframework.aop.framework.ReflectiveMethodInvocation.proceed(ReflectiveMethodInvocation.java:186)
	at org.springframework.aop.framework.CglibAopProxy$CglibMethodInvocation.proceed(CglibAopProxy.java:749)
	at org.springframework.aop.framework.adapter.MethodBeforeAdviceInterceptor.invoke(MethodBeforeAdviceInterceptor.java:58)
	at org.springframework.aop.framework.ReflectiveMethodInvocation.proceed(ReflectiveMethodInvocation.java:186)
	at org.springframework.aop.framework.CglibAopProxy$CglibMethodInvocation.proceed(CglibAopProxy.java:749)
	at org.springframework.aop.interceptor.ExposeInvocationInterceptor.invoke(ExposeInvocationInterceptor.java:97)
	at org.springframework.aop.framework.ReflectiveMethodInvocation.proceed(ReflectiveMethodInvocation.java:186)
	at org.springframework.aop.framework.CglibAopProxy$CglibMethodInvocation.proceed(CglibAopProxy.java:749)
	at org.springframework.aop.framework.CglibAopProxy$DynamicAdvisedInterceptor.intercept(CglibAopProxy.java:691)
	at com.viettelsoftware.firstspringboot.service.UserServiceImpl$$EnhancerBySpringCGLIB$$9d5ad533.createUser(<generated>)
	at com.viettelsoftware.firstspringboot.scheduler.KeycloakUserSyncCronjob.syncKeycloakUsers(KeycloakUserSyncCronjob.java:88)
	at java.base/jdk.internal.reflect.NativeMethodAccessorImpl.invoke0(Native Method)
	at java.base/jdk.internal.reflect.NativeMethodAccessorImpl.invoke(NativeMethodAccessorImpl.java:62)
	at java.base/jdk.internal.reflect.DelegatingMethodAccessorImpl.invoke(DelegatingMethodAccessorImpl.java:43)
	at java.base/java.lang.reflect.Method.invoke(Method.java:566)
	at org.springframework.context.event.ApplicationListenerMethodAdapter.doInvoke(ApplicationListenerMethodAdapter.java:312)
	at org.springframework.context.event.ApplicationListenerMethodAdapter.processEvent(ApplicationListenerMethodAdapter.java:197)
	at org.springframework.context.event.ApplicationListenerMethodAdapter.onApplicationEvent(ApplicationListenerMethodAdapter.java:160)
	at org.springframework.context.event.SimpleApplicationEventMulticaster.doInvokeListener(SimpleApplicationEventMulticaster.java:172)
	at org.springframework.context.event.SimpleApplicationEventMulticaster.invokeListener(SimpleApplicationEventMulticaster.java:165)
	at org.springframework.context.event.SimpleApplicationEventMulticaster.multicastEvent(SimpleApplicationEventMulticaster.java:139)
	at org.springframework.context.support.AbstractApplicationContext.publishEvent(AbstractApplicationContext.java:426)
	at org.springframework.context.support.AbstractApplicationContext.publishEvent(AbstractApplicationContext.java:383)
	at org.springframework.boot.context.event.EventPublishingRunListener.running(EventPublishingRunListener.java:111)
	at org.springframework.boot.SpringApplicationRunListeners.lambda$running$6(SpringApplicationRunListeners.java:79)
	at java.base/java.util.ArrayList.forEach(ArrayList.java:1541)
	at org.springframework.boot.SpringApplicationRunListeners.doWithListeners(SpringApplicationRunListeners.java:117)
	at org.springframework.boot.SpringApplicationRunListeners.doWithListeners(SpringApplicationRunListeners.java:111)
	at org.springframework.boot.SpringApplicationRunListeners.running(SpringApplicationRunListeners.java:79)
	at org.springframework.boot.SpringApplication.run(SpringApplication.java:341)
	at org.springframework.boot.test.context.SpringBootContextLoader.loadContext(SpringBootContextLoader.java:122)
	at org.springframework.test.context.cache.DefaultCacheAwareContextLoaderDelegate.loadContextInternal(DefaultCacheAwareContextLoaderDelegate.java:99)
	at org.springframework.test.context.cache.DefaultCacheAwareContextLoaderDelegate.loadContext(DefaultCacheAwareContextLoaderDelegate.java:124)
	at org.springframework.test.context.support.DefaultTestContext.getApplicationContext(DefaultTestContext.java:123)
	at org.springframework.test.context.web.ServletTestExecutionListener.setUpRequestContextIfNecessary(ServletTestExecutionListener.java:190)
	at org.springframework.test.context.web.ServletTestExecutionListener.prepareTestInstance(ServletTestExecutionListener.java:132)
	at org.springframework.test.context.TestContextManager.prepareTestInstance(TestContextManager.java:244)
	at org.springframework.test.context.junit.jupiter.SpringExtension.postProcessTestInstance(SpringExtension.java:137)
	at org.junit.jupiter.engine.descriptor.ClassBasedTestDescriptor.lambda$invokeTestInstancePostProcessors$6(ClassBasedTestDescriptor.java:350)
	at org.junit.jupiter.engine.descriptor.ClassBasedTestDescriptor.executeAndMaskThrowable(ClassBasedTestDescriptor.java:355)
	at org.junit.jupiter.engine.descriptor.ClassBasedTestDescriptor.lambda$invokeTestInstancePostProcessors$7(ClassBasedTestDescriptor.java:350)
	at java.base/java.util.stream.ReferencePipeline$3$1.accept(ReferencePipeline.java:195)
	at java.base/java.util.stream.ReferencePipeline$2$1.accept(ReferencePipeline.java:177)
	at java.base/java.util.ArrayList$ArrayListSpliterator.forEachRemaining(ArrayList.java:1655)
	at java.base/java.util.stream.AbstractPipeline.copyInto(AbstractPipeline.java:484)
	at java.base/java.util.stream.AbstractPipeline.wrapAndCopyInto(AbstractPipeline.java:474)
	at java.base/java.util.stream.StreamSpliterators$WrappingSpliterator.forEachRemaining(StreamSpliterators.java:312)
	at java.base/java.util.stream.Streams$ConcatSpliterator.forEachRemaining(Streams.java:735)
	at java.base/java.util.stream.Streams$ConcatSpliterator.forEachRemaining(Streams.java:734)
	at java.base/java.util.stream.ReferencePipeline$Head.forEach(ReferencePipeline.java:658)
	at org.junit.jupiter.engine.descriptor.ClassBasedTestDescriptor.invokeTestInstancePostProcessors(ClassBasedTestDescriptor.java:349)
	at org.junit.jupiter.engine.descriptor.ClassBasedTestDescriptor.lambda$instantiateAndPostProcessTestInstance$4(ClassBasedTestDescriptor.java:270)
	at org.junit.platform.engine.support.hierarchical.ThrowableCollector.execute(ThrowableCollector.java:73)
	at org.junit.jupiter.engine.descriptor.ClassBasedTestDescriptor.instantiateAndPostProcessTestInstance(ClassBasedTestDescriptor.java:269)
	at org.junit.jupiter.engine.descriptor.ClassBasedTestDescriptor.lambda$testInstancesProvider$2(ClassBasedTestDescriptor.java:259)
	at java.base/java.util.Optional.orElseGet(Optional.java:369)
	at org.junit.jupiter.engine.descriptor.ClassBasedTestDescriptor.lambda$testInstancesProvider$3(ClassBasedTestDescriptor.java:258)
	at org.junit.jupiter.engine.execution.TestInstancesProvider.getTestInstances(TestInstancesProvider.java:31)
	at org.junit.jupiter.engine.descriptor.TestMethodTestDescriptor.lambda$prepare$0(TestMethodTestDescriptor.java:101)
	at org.junit.platform.engine.support.hierarchical.ThrowableCollector.execute(ThrowableCollector.java:73)
	at org.junit.jupiter.engine.descriptor.TestMethodTestDescriptor.prepare(TestMethodTestDescriptor.java:100)
	at org.junit.jupiter.engine.descriptor.TestMethodTestDescriptor.prepare(TestMethodTestDescriptor.java:65)
	at org.junit.platform.engine.support.hierarchical.NodeTestTask.lambda$prepare$1(NodeTestTask.java:111)
	at org.junit.platform.engine.support.hierarchical.ThrowableCollector.execute(ThrowableCollector.java:73)
	at org.junit.platform.engine.support.hierarchical.NodeTestTask.prepare(NodeTestTask.java:111)
	at org.junit.platform.engine.support.hierarchical.NodeTestTask.execute(NodeTestTask.java:79)
	at java.base/java.util.ArrayList.forEach(ArrayList.java:1541)
	at org.junit.platform.engine.support.hierarchical.SameThreadHierarchicalTestExecutorService.invokeAll(SameThreadHierarchicalTestExecutorService.java:38)
	at org.junit.platform.engine.support.hierarchical.NodeTestTask.lambda$executeRecursively$5(NodeTestTask.java:143)
	at org.junit.platform.engine.support.hierarchical.ThrowableCollector.execute(ThrowableCollector.java:73)
	at org.junit.platform.engine.support.hierarchical.NodeTestTask.lambda$executeRecursively$7(NodeTestTask.java:129)
	at org.junit.platform.engine.support.hierarchical.Node.around(Node.java:137)
	at org.junit.platform.engine.support.hierarchical.NodeTestTask.lambda$executeRecursively$8(NodeTestTask.java:127)
	at org.junit.platform.engine.support.hierarchical.ThrowableCollector.execute(ThrowableCollector.java:73)
	at org.junit.platform.engine.support.hierarchical.NodeTestTask.executeRecursively(NodeTestTask.java:126)
	at org.junit.platform.engine.support.hierarchical.NodeTestTask.execute(NodeTestTask.java:84)
	at java.base/java.util.ArrayList.forEach(ArrayList.java:1541)
	at org.junit.platform.engine.support.hierarchical.SameThreadHierarchicalTestExecutorService.invokeAll(SameThreadHierarchicalTestExecutorService.java:38)
	at org.junit.platform.engine.support.hierarchical.NodeTestTask.lambda$executeRecursively$5(NodeTestTask.java:143)
	at org.junit.platform.engine.support.hierarchical.ThrowableCollector.execute(ThrowableCollector.java:73)
	at org.junit.platform.engine.support.hierarchical.NodeTestTask.lambda$executeRecursively$7(NodeTestTask.java:129)
	at org.junit.platform.engine.support.hierarchical.Node.around(Node.java:137)
	at org.junit.platform.engine.support.hierarchical.NodeTestTask.lambda$executeRecursively$8(NodeTestTask.java:127)
	at org.junit.platform.engine.support.hierarchical.ThrowableCollector.execute(ThrowableCollector.java:73)
	at org.junit.platform.engine.support.hierarchical.NodeTestTask.executeRecursively(NodeTestTask.java:126)
	at org.junit.platform.engine.support.hierarchical.NodeTestTask.execute(NodeTestTask.java:84)
	at org.junit.platform.engine.support.hierarchical.SameThreadHierarchicalTestExecutorService.submit(SameThreadHierarchicalTestExecutorService.java:32)
	at org.junit.platform.engine.support.hierarchical.HierarchicalTestExecutor.execute(HierarchicalTestExecutor.java:57)
	at org.junit.platform.engine.support.hierarchical.HierarchicalTestEngine.execute(HierarchicalTestEngine.java:51)
	at org.junit.platform.launcher.core.DefaultLauncher.execute(DefaultLauncher.java:220)
	at org.junit.platform.launcher.core.DefaultLauncher.lambda$execute$6(DefaultLauncher.java:188)
	at org.junit.platform.launcher.core.DefaultLauncher.withInterceptedStreams(DefaultLauncher.java:202)
	at org.junit.platform.launcher.core.DefaultLauncher.execute(DefaultLauncher.java:181)
	at org.junit.platform.launcher.core.DefaultLauncher.execute(DefaultLauncher.java:128)
	at org.apache.maven.surefire.junitplatform.JUnitPlatformProvider.invokeAllTests(JUnitPlatformProvider.java:150)
	at org.apache.maven.surefire.junitplatform.JUnitPlatformProvider.invoke(JUnitPlatformProvider.java:124)
	at org.apache.maven.surefire.booter.ForkedBooter.invokeProviderInSameClassLoader(ForkedBooter.java:384)
	at org.apache.maven.surefire.booter.ForkedBooter.runSuitesInProcess(ForkedBooter.java:345)
	at org.apache.maven.surefire.booter.ForkedBooter.execute(ForkedBooter.java:126)
	at org.apache.maven.surefire.booter.ForkedBooter.main(ForkedBooter.java:418)
2026-08-17 15:00:10.838 [main] INFO  o.s.b.t.c.SpringBootTestContextBootstrapper - Neither @ContextConfiguration nor @ContextHierarchy found for test class [com.viettelsoftware.firstspringboot.EndToEndIntegrationTest], using SpringBootContextLoader
2026-08-17 15:00:10.839 [main] INFO  o.s.t.c.s.AbstractContextLoader - Could not detect default resource locations for test class [com.viettelsoftware.firstspringboot.EndToEndIntegrationTest]: no resource found for suffixes {-context.xml, Context.groovy}.
2026-08-17 15:00:10.839 [main] INFO  o.s.t.c.s.AnnotationConfigContextLoaderUtils - Could not detect default configuration classes for test class [com.viettelsoftware.firstspringboot.EndToEndIntegrationTest]: EndToEndIntegrationTest does not declare any static, non-private, non-final, nested classes annotated with @Configuration.
2026-08-17 15:00:10.844 [main] INFO  o.s.b.t.c.SpringBootTestContextBootstrapper - Found @SpringBootConfiguration com.viettelsoftware.firstspringboot.FirstspringbootApplication for test class com.viettelsoftware.firstspringboot.EndToEndIntegrationTest
2026-08-17 15:00:10.845 [main] INFO  o.s.b.t.c.SpringBootTestContextBootstrapper - Loaded default TestExecutionListener class names from location [META-INF/spring.factories]: [org.springframework.boot.test.mock.mockito.MockitoTestExecutionListener, org.springframework.boot.test.mock.mockito.ResetMocksTestExecutionListener, org.springframework.boot.test.autoconfigure.restdocs.RestDocsTestExecutionListener, org.springframework.boot.test.autoconfigure.web.client.MockRestServiceServerResetTestExecutionListener, org.springframework.boot.test.autoconfigure.web.servlet.MockMvcPrintOnlyOnFailureTestExecutionListener, org.springframework.boot.test.autoconfigure.web.servlet.WebDriverTestExecutionListener, org.springframework.boot.test.autoconfigure.webservices.client.MockWebServiceServerTestExecutionListener, org.springframework.test.context.web.ServletTestExecutionListener, org.springframework.test.context.support.DirtiesContextBeforeModesTestExecutionListener, org.springframework.test.context.support.DependencyInjectionTestExecutionListener, org.springframework.test.context.support.DirtiesContextTestExecutionListener, org.springframework.test.context.transaction.TransactionalTestExecutionListener, org.springframework.test.context.jdbc.SqlScriptsTestExecutionListener, org.springframework.test.context.event.EventPublishingTestExecutionListener, org.springframework.security.test.context.support.WithSecurityContextTestExecutionListener, org.springframework.security.test.context.support.ReactorContextTestExecutionListener]
2026-08-17 15:00:10.845 [main] INFO  o.s.b.t.c.SpringBootTestContextBootstrapper - Using TestExecutionListeners: [org.springframework.test.context.web.ServletTestExecutionListener@4e55d96, org.springframework.test.context.support.DirtiesContextBeforeModesTestExecutionListener@e83d546, org.springframework.boot.test.mock.mockito.MockitoTestExecutionListener@7408c08, org.springframework.boot.test.autoconfigure.SpringBootDependencyInjectionTestExecutionListener@767f03c5, org.springframework.test.context.support.DirtiesContextTestExecutionListener@58d8e971, org.springframework.test.context.transaction.TransactionalTestExecutionListener@48e13ec9, org.springframework.test.context.jdbc.SqlScriptsTestExecutionListener@4bc2cb11, org.springframework.test.context.event.EventPublishingTestExecutionListener@452d9887, org.springframework.security.test.context.support.WithSecurityContextTestExecutionListener@5aa16232, org.springframework.security.test.context.support.ReactorContextTestExecutionListener@1b7708d9, org.springframework.boot.test.mock.mockito.ResetMocksTestExecutionListener@4630c2e5, org.springframework.boot.test.autoconfigure.restdocs.RestDocsTestExecutionListener@6ff08304, org.springframework.boot.test.autoconfigure.web.client.MockRestServiceServerResetTestExecutionListener@3e11cc3a, org.springframework.boot.test.autoconfigure.web.servlet.MockMvcPrintOnlyOnFailureTestExecutionListener@1d033ae1, org.springframework.boot.test.autoconfigure.web.servlet.WebDriverTestExecutionListener@5de4f44e, org.springframework.boot.test.autoconfigure.webservices.client.MockWebServiceServerTestExecutionListener@36e7a455]
2026-08-17 15:00:10.856 [main] INFO  c.v.f.EndToEndIntegrationTest - Starting EndToEndIntegrationTest using Java 11.0.32 on lenovo-legion-16iah7h-PF3XJ8SP with PID 354968 (started by ayin in /home/ayin/projs/firstspringboot)
2026-08-17 15:00:10.856 [main] INFO  c.v.f.EndToEndIntegrationTest - No active profile set, falling back to default profiles: default
2026-08-17 15:00:10.975 [main] INFO  o.s.d.r.c.RepositoryConfigurationDelegate - Bootstrapping Spring Data JPA repositories in DEFAULT mode.
2026-08-17 15:00:10.985 [main] INFO  o.s.d.r.c.RepositoryConfigurationDelegate - Finished Spring Data repository scanning in 9 ms. Found 3 JPA repository interfaces.
2026-08-17 15:00:11.034 [main] INFO  o.s.c.s.PostProcessorRegistrationDelegate$BeanPostProcessorChecker - Bean 'org.springframework.security.access.expression.method.DefaultMethodSecurityExpressionHandler@570e6180' of type [org.springframework.security.access.expression.method.DefaultMethodSecurityExpressionHandler] is not eligible for getting processed by all BeanPostProcessors (for example: not eligible for auto-proxying)
2026-08-17 15:00:11.037 [main] INFO  o.s.c.s.PostProcessorRegistrationDelegate$BeanPostProcessorChecker - Bean 'methodSecurityMetadataSource' of type [org.springframework.security.access.method.DelegatingMethodSecurityMetadataSource] is not eligible for getting processed by all BeanPostProcessors (for example: not eligible for auto-proxying)
2026-08-17 15:00:11.062 [main] INFO  com.zaxxer.hikari.HikariDataSource - HikariPool-2 - Starting...
2026-08-17 15:00:11.064 [main] INFO  com.zaxxer.hikari.HikariDataSource - HikariPool-2 - Start completed.
2026-08-17 15:00:11.090 [main] INFO  liquibase.changelog - Reading from firstspringboot.DATABASECHANGELOG
2026-08-17 15:00:11.114 [main] INFO  liquibase.ui - Database is up to date, no changesets to execute
2026-08-17 15:00:11.115 [main] INFO  liquibase.changelog - Reading from firstspringboot.DATABASECHANGELOG
2026-08-17 15:00:11.116 [main] INFO  liquibase.util - UPDATE SUMMARY
2026-08-17 15:00:11.117 [main] INFO  liquibase.util - Run:                          0
2026-08-17 15:00:11.117 [main] INFO  liquibase.util - Previously run:               3
2026-08-17 15:00:11.117 [main] INFO  liquibase.util - Filtered out:                 0
2026-08-17 15:00:11.117 [main] INFO  liquibase.util - -------------------------------
2026-08-17 15:00:11.117 [main] INFO  liquibase.util - Total change sets:            3
2026-08-17 15:00:11.117 [main] INFO  liquibase.util - Update summary generated
2026-08-17 15:00:11.117 [main] INFO  liquibase.command - Command execution complete
2026-08-17 15:00:11.133 [main] INFO  o.h.jpa.internal.util.LogHelper - HHH000204: Processing PersistenceUnitInfo [name: default]
2026-08-17 15:00:11.135 [main] INFO  org.hibernate.dialect.Dialect - HHH000400: Using dialect: org.hibernate.dialect.MariaDB53Dialect
2026-08-17 15:00:11.155 [main] INFO  o.h.e.t.j.p.i.JtaPlatformInitiator - HHH000490: Using JtaPlatform implementation: [org.hibernate.engine.transaction.jta.platform.internal.NoJtaPlatform]
2026-08-17 15:00:11.155 [main] INFO  o.s.o.j.LocalContainerEntityManagerFactoryBean - Initialized JPA EntityManagerFactory for persistence unit 'default'
2026-08-17 15:00:11.177 [main] WARN  o.s.b.a.o.j.JpaBaseConfiguration$JpaWebConfiguration - spring.jpa.open-in-view is enabled by default. Therefore, database queries may be performed during view rendering. Explicitly configure spring.jpa.open-in-view to disable this warning
2026-08-17 15:00:11.369 [main] INFO  o.s.s.web.DefaultSecurityFilterChain - Will secure any request with [org.springframework.security.web.context.request.async.WebAsyncManagerIntegrationFilter@5e5616f2, org.springframework.security.web.context.SecurityContextPersistenceFilter@43eb44f4, org.springframework.security.web.header.HeaderWriterFilter@17556c0a, org.springframework.security.web.csrf.CsrfFilter@726d34de, org.springframework.security.web.authentication.logout.LogoutFilter@4eb3dacc, org.springframework.security.oauth2.server.resource.web.BearerTokenAuthenticationFilter@10a8bfac, org.springframework.security.web.savedrequest.RequestCacheAwareFilter@69d142f6, org.springframework.security.web.servletapi.SecurityContextHolderAwareRequestFilter@555856fa, org.springframework.security.web.authentication.AnonymousAuthenticationFilter@4e71c196, org.springframework.security.web.session.SessionManagementFilter@58bb50f9, org.springframework.security.web.access.ExceptionTranslationFilter@162796e1, org.springframework.security.web.access.intercept.FilterSecurityInterceptor@a1c87e6]
2026-08-17 15:00:11.420 [main] INFO  o.s.s.c.ThreadPoolTaskExecutor - Initializing ExecutorService 'applicationTaskExecutor'
2026-08-17 15:00:11.564 [main] INFO  o.s.s.c.ThreadPoolTaskScheduler - Initializing ExecutorService 'taskScheduler'
2026-08-17 15:00:11.592 [main] INFO  o.s.b.t.m.w.SpringBootMockServletContext - Initializing Spring TestDispatcherServlet ''
2026-08-17 15:00:11.592 [main] INFO  o.s.t.w.s.TestDispatcherServlet - Initializing Servlet ''
2026-08-17 15:00:11.595 [main] INFO  o.s.b.a.e.web.EndpointLinksResolver - Exposing 1 endpoint(s) beneath base path '/actuator'
2026-08-17 15:00:11.608 [main] INFO  o.s.t.w.s.TestDispatcherServlet - Completed initialization in 16 ms
2026-08-17 15:00:11.620 [main] INFO  c.v.f.EndToEndIntegrationTest - Started EndToEndIntegrationTest in 0.774 seconds (JVM running for 7.886)
2026-08-17 15:00:11.621 [main] INFO  c.v.f.s.KeycloakUserSyncCronjob - Starting Keycloak user synchronization...
2026-08-17 15:00:11.669 [main] INFO  c.v.f.aspect.LoggingAspect - [[BEFORE]] [2026-08-17T08:00:11.669041Z] method: UserServiceImpl.createUser(..), params: [com.viettelsoftware.firstspringboot.entity.User@27afeede]
2026-08-17 15:00:11.719 [main] INFO  c.v.f.aspect.LoggingAspect - [[AFTER]] [2026-08-17T08:00:11.719473Z] method: UserServiceImpl.createUser(..), params: [com.viettelsoftware.firstspringboot.entity.User@27afeede]
2026-08-17 15:00:11.719 [main] ERROR c.v.f.s.KeycloakUserSyncCronjob - Error occurred while syncing Keycloak users: actorUsername is marked non-null but is null
java.lang.NullPointerException: actorUsername is marked non-null but is null
	at com.viettelsoftware.firstspringboot.entity.AuditEvent.<init>(AuditEvent.java:13)
	at com.viettelsoftware.firstspringboot.entity.AuditEvent$AuditEventBuilder.build(AuditEvent.java:11)
	at com.viettelsoftware.firstspringboot.service.UserServiceImpl.createUser(UserServiceImpl.java:111)
	at com.viettelsoftware.firstspringboot.service.UserServiceImpl$$FastClassBySpringCGLIB$$1452da17.invoke(<generated>)
	at org.springframework.cglib.proxy.MethodProxy.invoke(MethodProxy.java:218)
	at org.springframework.aop.framework.CglibAopProxy$CglibMethodInvocation.invokeJoinpoint(CglibAopProxy.java:771)
	at org.springframework.aop.framework.ReflectiveMethodInvocation.proceed(ReflectiveMethodInvocation.java:163)
	at org.springframework.aop.framework.CglibAopProxy$CglibMethodInvocation.proceed(CglibAopProxy.java:749)
	at org.springframework.aop.aspectj.AspectJAfterAdvice.invoke(AspectJAfterAdvice.java:49)
	at org.springframework.aop.framework.ReflectiveMethodInvocation.proceed(ReflectiveMethodInvocation.java:186)
	at org.springframework.aop.framework.CglibAopProxy$CglibMethodInvocation.proceed(CglibAopProxy.java:749)
	at org.springframework.aop.framework.adapter.MethodBeforeAdviceInterceptor.invoke(MethodBeforeAdviceInterceptor.java:58)
	at org.springframework.aop.framework.ReflectiveMethodInvocation.proceed(ReflectiveMethodInvocation.java:186)
	at org.springframework.aop.framework.CglibAopProxy$CglibMethodInvocation.proceed(CglibAopProxy.java:749)
	at org.springframework.aop.interceptor.ExposeInvocationInterceptor.invoke(ExposeInvocationInterceptor.java:97)
	at org.springframework.aop.framework.ReflectiveMethodInvocation.proceed(ReflectiveMethodInvocation.java:186)
	at org.springframework.aop.framework.CglibAopProxy$CglibMethodInvocation.proceed(CglibAopProxy.java:749)
	at org.springframework.aop.framework.CglibAopProxy$DynamicAdvisedInterceptor.intercept(CglibAopProxy.java:691)
	at com.viettelsoftware.firstspringboot.service.UserServiceImpl$$EnhancerBySpringCGLIB$$9d5ad533.createUser(<generated>)
	at com.viettelsoftware.firstspringboot.scheduler.KeycloakUserSyncCronjob.syncKeycloakUsers(KeycloakUserSyncCronjob.java:88)
	at java.base/jdk.internal.reflect.NativeMethodAccessorImpl.invoke0(Native Method)
	at java.base/jdk.internal.reflect.NativeMethodAccessorImpl.invoke(NativeMethodAccessorImpl.java:62)
	at java.base/jdk.internal.reflect.DelegatingMethodAccessorImpl.invoke(DelegatingMethodAccessorImpl.java:43)
	at java.base/java.lang.reflect.Method.invoke(Method.java:566)
	at org.springframework.context.event.ApplicationListenerMethodAdapter.doInvoke(ApplicationListenerMethodAdapter.java:312)
	at org.springframework.context.event.ApplicationListenerMethodAdapter.processEvent(ApplicationListenerMethodAdapter.java:197)
	at org.springframework.context.event.ApplicationListenerMethodAdapter.onApplicationEvent(ApplicationListenerMethodAdapter.java:160)
	at org.springframework.context.event.SimpleApplicationEventMulticaster.doInvokeListener(SimpleApplicationEventMulticaster.java:172)
	at org.springframework.context.event.SimpleApplicationEventMulticaster.invokeListener(SimpleApplicationEventMulticaster.java:165)
	at org.springframework.context.event.SimpleApplicationEventMulticaster.multicastEvent(SimpleApplicationEventMulticaster.java:139)
	at org.springframework.context.support.AbstractApplicationContext.publishEvent(AbstractApplicationContext.java:426)
	at org.springframework.context.support.AbstractApplicationContext.publishEvent(AbstractApplicationContext.java:383)
	at org.springframework.boot.context.event.EventPublishingRunListener.running(EventPublishingRunListener.java:111)
	at org.springframework.boot.SpringApplicationRunListeners.lambda$running$6(SpringApplicationRunListeners.java:79)
	at java.base/java.util.ArrayList.forEach(ArrayList.java:1541)
	at org.springframework.boot.SpringApplicationRunListeners.doWithListeners(SpringApplicationRunListeners.java:117)
	at org.springframework.boot.SpringApplicationRunListeners.doWithListeners(SpringApplicationRunListeners.java:111)
	at org.springframework.boot.SpringApplicationRunListeners.running(SpringApplicationRunListeners.java:79)
	at org.springframework.boot.SpringApplication.run(SpringApplication.java:341)
	at org.springframework.boot.test.context.SpringBootContextLoader.loadContext(SpringBootContextLoader.java:122)
	at org.springframework.test.context.cache.DefaultCacheAwareContextLoaderDelegate.loadContextInternal(DefaultCacheAwareContextLoaderDelegate.java:99)
	at org.springframework.test.context.cache.DefaultCacheAwareContextLoaderDelegate.loadContext(DefaultCacheAwareContextLoaderDelegate.java:124)
	at org.springframework.test.context.support.DefaultTestContext.getApplicationContext(DefaultTestContext.java:123)
	at org.springframework.test.context.web.ServletTestExecutionListener.setUpRequestContextIfNecessary(ServletTestExecutionListener.java:190)
	at org.springframework.test.context.web.ServletTestExecutionListener.prepareTestInstance(ServletTestExecutionListener.java:132)
	at org.springframework.test.context.TestContextManager.prepareTestInstance(TestContextManager.java:244)
	at org.springframework.test.context.junit.jupiter.SpringExtension.postProcessTestInstance(SpringExtension.java:137)
	at org.junit.jupiter.engine.descriptor.ClassBasedTestDescriptor.lambda$invokeTestInstancePostProcessors$6(ClassBasedTestDescriptor.java:350)
	at org.junit.jupiter.engine.descriptor.ClassBasedTestDescriptor.executeAndMaskThrowable(ClassBasedTestDescriptor.java:355)
	at org.junit.jupiter.engine.descriptor.ClassBasedTestDescriptor.lambda$invokeTestInstancePostProcessors$7(ClassBasedTestDescriptor.java:350)
	at java.base/java.util.stream.ReferencePipeline$3$1.accept(ReferencePipeline.java:195)
	at java.base/java.util.stream.ReferencePipeline$2$1.accept(ReferencePipeline.java:177)
	at java.base/java.util.ArrayList$ArrayListSpliterator.forEachRemaining(ArrayList.java:1655)
	at java.base/java.util.stream.AbstractPipeline.copyInto(AbstractPipeline.java:484)
	at java.base/java.util.stream.AbstractPipeline.wrapAndCopyInto(AbstractPipeline.java:474)
	at java.base/java.util.stream.StreamSpliterators$WrappingSpliterator.forEachRemaining(StreamSpliterators.java:312)
	at java.base/java.util.stream.Streams$ConcatSpliterator.forEachRemaining(Streams.java:735)
	at java.base/java.util.stream.Streams$ConcatSpliterator.forEachRemaining(Streams.java:734)
	at java.base/java.util.stream.ReferencePipeline$Head.forEach(ReferencePipeline.java:658)
	at org.junit.jupiter.engine.descriptor.ClassBasedTestDescriptor.invokeTestInstancePostProcessors(ClassBasedTestDescriptor.java:349)
	at org.junit.jupiter.engine.descriptor.ClassBasedTestDescriptor.lambda$instantiateAndPostProcessTestInstance$4(ClassBasedTestDescriptor.java:270)
	at org.junit.platform.engine.support.hierarchical.ThrowableCollector.execute(ThrowableCollector.java:73)
	at org.junit.jupiter.engine.descriptor.ClassBasedTestDescriptor.instantiateAndPostProcessTestInstance(ClassBasedTestDescriptor.java:269)
	at org.junit.jupiter.engine.descriptor.ClassBasedTestDescriptor.lambda$testInstancesProvider$2(ClassBasedTestDescriptor.java:259)
	at java.base/java.util.Optional.orElseGet(Optional.java:369)
	at org.junit.jupiter.engine.descriptor.ClassBasedTestDescriptor.lambda$testInstancesProvider$3(ClassBasedTestDescriptor.java:258)
	at org.junit.jupiter.engine.execution.TestInstancesProvider.getTestInstances(TestInstancesProvider.java:31)
	at org.junit.jupiter.engine.descriptor.TestMethodTestDescriptor.lambda$prepare$0(TestMethodTestDescriptor.java:101)
	at org.junit.platform.engine.support.hierarchical.ThrowableCollector.execute(ThrowableCollector.java:73)
	at org.junit.jupiter.engine.descriptor.TestMethodTestDescriptor.prepare(TestMethodTestDescriptor.java:100)
	at org.junit.jupiter.engine.descriptor.TestMethodTestDescriptor.prepare(TestMethodTestDescriptor.java:65)
	at org.junit.platform.engine.support.hierarchical.NodeTestTask.lambda$prepare$1(NodeTestTask.java:111)
	at org.junit.platform.engine.support.hierarchical.ThrowableCollector.execute(ThrowableCollector.java:73)
	at org.junit.platform.engine.support.hierarchical.NodeTestTask.prepare(NodeTestTask.java:111)
	at org.junit.platform.engine.support.hierarchical.NodeTestTask.execute(NodeTestTask.java:79)
	at java.base/java.util.ArrayList.forEach(ArrayList.java:1541)
	at org.junit.platform.engine.support.hierarchical.SameThreadHierarchicalTestExecutorService.invokeAll(SameThreadHierarchicalTestExecutorService.java:38)
	at org.junit.platform.engine.support.hierarchical.NodeTestTask.lambda$executeRecursively$5(NodeTestTask.java:143)
	at org.junit.platform.engine.support.hierarchical.ThrowableCollector.execute(ThrowableCollector.java:73)
	at org.junit.platform.engine.support.hierarchical.NodeTestTask.lambda$executeRecursively$7(NodeTestTask.java:129)
	at org.junit.platform.engine.support.hierarchical.Node.around(Node.java:137)
	at org.junit.platform.engine.support.hierarchical.NodeTestTask.lambda$executeRecursively$8(NodeTestTask.java:127)
	at org.junit.platform.engine.support.hierarchical.ThrowableCollector.execute(ThrowableCollector.java:73)
	at org.junit.platform.engine.support.hierarchical.NodeTestTask.executeRecursively(NodeTestTask.java:126)
	at org.junit.platform.engine.support.hierarchical.NodeTestTask.execute(NodeTestTask.java:84)
	at java.base/java.util.ArrayList.forEach(ArrayList.java:1541)
	at org.junit.platform.engine.support.hierarchical.SameThreadHierarchicalTestExecutorService.invokeAll(SameThreadHierarchicalTestExecutorService.java:38)
	at org.junit.platform.engine.support.hierarchical.NodeTestTask.lambda$executeRecursively$5(NodeTestTask.java:143)
	at org.junit.platform.engine.support.hierarchical.ThrowableCollector.execute(ThrowableCollector.java:73)
	at org.junit.platform.engine.support.hierarchical.NodeTestTask.lambda$executeRecursively$7(NodeTestTask.java:129)
	at org.junit.platform.engine.support.hierarchical.Node.around(Node.java:137)
	at org.junit.platform.engine.support.hierarchical.NodeTestTask.lambda$executeRecursively$8(NodeTestTask.java:127)
	at org.junit.platform.engine.support.hierarchical.ThrowableCollector.execute(ThrowableCollector.java:73)
	at org.junit.platform.engine.support.hierarchical.NodeTestTask.executeRecursively(NodeTestTask.java:126)
	at org.junit.platform.engine.support.hierarchical.NodeTestTask.execute(NodeTestTask.java:84)
	at org.junit.platform.engine.support.hierarchical.SameThreadHierarchicalTestExecutorService.submit(SameThreadHierarchicalTestExecutorService.java:32)
	at org.junit.platform.engine.support.hierarchical.HierarchicalTestExecutor.execute(HierarchicalTestExecutor.java:57)
	at org.junit.platform.engine.support.hierarchical.HierarchicalTestEngine.execute(HierarchicalTestEngine.java:51)
	at org.junit.platform.launcher.core.DefaultLauncher.execute(DefaultLauncher.java:220)
	at org.junit.platform.launcher.core.DefaultLauncher.lambda$execute$6(DefaultLauncher.java:188)
	at org.junit.platform.launcher.core.DefaultLauncher.withInterceptedStreams(DefaultLauncher.java:202)
	at org.junit.platform.launcher.core.DefaultLauncher.execute(DefaultLauncher.java:181)
	at org.junit.platform.launcher.core.DefaultLauncher.execute(DefaultLauncher.java:128)
	at org.apache.maven.surefire.junitplatform.JUnitPlatformProvider.invokeAllTests(JUnitPlatformProvider.java:150)
	at org.apache.maven.surefire.junitplatform.JUnitPlatformProvider.invoke(JUnitPlatformProvider.java:124)
	at org.apache.maven.surefire.booter.ForkedBooter.invokeProviderInSameClassLoader(ForkedBooter.java:384)
	at org.apache.maven.surefire.booter.ForkedBooter.runSuitesInProcess(ForkedBooter.java:345)
	at org.apache.maven.surefire.booter.ForkedBooter.execute(ForkedBooter.java:126)
	at org.apache.maven.surefire.booter.ForkedBooter.main(ForkedBooter.java:418)
2026-08-17 15:00:11.745 [main] INFO  c.v.f.aspect.LoggingAspect - [[BEFORE]] [2026-08-17T08:00:11.745821Z] method: TaskController.getTasks(), params: []
2026-08-17 15:00:11.748 [main] INFO  c.v.f.aspect.LoggingAspect - [[BEFORE]] [2026-08-17T08:00:11.748653Z] method: TaskServiceImpl.getTasks(), params: []
2026-08-17 15:00:11.756 [main] INFO  c.v.f.aspect.LoggingAspect - [[AFTER]] [2026-08-17T08:00:11.756333Z] method: TaskServiceImpl.getTasks(), params: []
2026-08-17 15:00:11.756 [main] INFO  c.v.f.aspect.LoggingAspect - [[AFTER]] [2026-08-17T08:00:11.756421Z] method: TaskController.getTasks(), params: []
2026-08-17 15:00:11.783 [main] INFO  c.v.f.aspect.LoggingAspect - [[BEFORE]] [2026-08-17T08:00:11.783496Z] method: TaskController.exportTasks(), params: []
2026-08-17 15:00:11.783 [main] INFO  c.v.f.aspect.LoggingAspect - [[BEFORE]] [2026-08-17T08:00:11.783680Z] method: TaskExportServiceImpl.exportTasks(), params: []
2026-08-17 15:00:11.787 [main] INFO  c.v.f.aspect.LoggingAspect - [[BEFORE]] [2026-08-17T08:00:11.787036Z] method: TaskServiceImpl.getTasks(), params: []
2026-08-17 15:00:11.788 [main] INFO  c.v.f.aspect.LoggingAspect - [[AFTER]] [2026-08-17T08:00:11.788962Z] method: TaskServiceImpl.getTasks(), params: []
2026-08-17 15:00:11.789 [main] INFO  org.jxls.util.TransformerFactory - Loading transformer by class org.jxls.transform.poi.PoiTransformer
2026-08-17 15:00:11.806 [main] INFO  c.v.f.aspect.LoggingAspect - [[AFTER]] [2026-08-17T08:00:11.806652Z] method: TaskExportServiceImpl.exportTasks(), params: []
2026-08-17 15:00:11.807 [main] INFO  c.v.f.aspect.LoggingAspect - [[AFTER]] [2026-08-17T08:00:11.807110Z] method: TaskController.exportTasks(), params: []
2026-08-17 15:00:11.849 [main] WARN  o.s.w.s.m.s.DefaultHandlerExceptionResolver - Resolved [org.springframework.web.bind.MethodArgumentNotValidException: Validation failed for argument [0] in public com.viettelsoftware.firstspringboot.entity.Task com.viettelsoftware.firstspringboot.controller.TaskController.createTask(com.viettelsoftware.firstspringboot.dto.CreateTaskRequest): [Field error in object 'createTaskRequest' on field 'description': rejected value [ Invalid Description ]; codes [ValidTaskDescription.createTaskRequest.description,ValidTaskDescription.description,ValidTaskDescription.java.lang.String,ValidTaskDescription]; arguments [org.springframework.context.support.DefaultMessageSourceResolvable: codes [createTaskRequest.description,description]; arguments []; default message [description]]; default message [Invalid task description (must be `@NotBlank + @Size(max = 255) + @Pattern(regexp = "^\S(?:.*\S)?$")`)]] ]
2026-08-17 15:00:11.854 [main] INFO  c.v.f.aspect.LoggingAspect - [[BEFORE]] [2026-08-17T08:00:11.854292Z] method: UserController.profile(), params: []
2026-08-17 15:00:11.856 [main] INFO  c.v.f.aspect.LoggingAspect - [[BEFORE]] [2026-08-17T08:00:11.856378Z] method: AuthServiceImpl.getCurrentUser(), params: []
2026-08-17 15:00:11.857 [main] INFO  c.v.f.aspect.LoggingAspect - [[AFTER]] [2026-08-17T08:00:11.857757Z] method: AuthServiceImpl.getCurrentUser(), params: []
2026-08-17 15:00:11.858 [main] INFO  c.v.f.aspect.LoggingAspect - [[AFTER]] [2026-08-17T08:00:11.858045Z] method: UserController.profile(), params: []
2026-08-17 15:00:11.877 [main] INFO  c.v.f.aspect.LoggingAspect - [[BEFORE]] [2026-08-17T08:00:11.877318Z] method: UserController.createUser(..), params: [com.viettelsoftware.firstspringboot.dto.CreateUserRequest@6e133ed]
2026-08-17 15:00:11.877 [main] INFO  c.v.f.aspect.LoggingAspect - [[BEFORE]] [2026-08-17T08:00:11.877438Z] method: UserServiceImpl.createUser(..), params: [com.viettelsoftware.firstspringboot.entity.User@6cd7c114]
2026-08-17 15:00:11.923 [main] INFO  c.v.f.aspect.LoggingAspect - [[AFTER]] [2026-08-17T08:00:11.923431Z] method: UserServiceImpl.createUser(..), params: [com.viettelsoftware.firstspringboot.entity.User@6cd7c114]
2026-08-17 15:00:11.923 [main] INFO  c.v.f.aspect.LoggingAspect - [[AFTER]] [2026-08-17T08:00:11.923536Z] method: UserController.createUser(..), params: [com.viettelsoftware.firstspringboot.dto.CreateUserRequest@6e133ed]
2026-08-17 15:00:11.936 [main] INFO  c.v.f.aspect.LoggingAspect - [[BEFORE]] [2026-08-17T08:00:11.936815Z] method: TestService.testMethod(), params: [arg1]
2026-08-17 15:00:11.937 [main] INFO  c.v.f.aspect.LoggingAspect - [[AFTER]] [2026-08-17T08:00:11.936986Z] method: TestService.testMethod(), params: [arg1]
2026-08-17 15:00:12.159 [main] INFO  c.v.f.s.KeycloakUserSyncCronjob - Starting Keycloak user synchronization...
2026-08-17 15:00:12.160 [main] ERROR c.v.f.s.KeycloakUserSyncCronjob - Error occurred while syncing Keycloak users: I/O error on POST request for "http://localhost:9999/realms/master/protocol/openid-connect/token": Connection refused (Connection refused); nested exception is java.net.ConnectException: Connection refused (Connection refused)
org.springframework.web.client.ResourceAccessException: I/O error on POST request for "http://localhost:9999/realms/master/protocol/openid-connect/token": Connection refused (Connection refused); nested exception is java.net.ConnectException: Connection refused (Connection refused)
	at org.springframework.web.client.RestTemplate.doExecute(RestTemplate.java:784)
	at org.springframework.web.client.RestTemplate.execute(RestTemplate.java:710)
	at org.springframework.web.client.RestTemplate.exchange(RestTemplate.java:630)
	at com.viettelsoftware.firstspringboot.scheduler.KeycloakUserSyncCronjob.getAdminAccessToken(KeycloakUserSyncCronjob.java:114)
	at com.viettelsoftware.firstspringboot.scheduler.KeycloakUserSyncCronjob.syncKeycloakUsers(KeycloakUserSyncCronjob.java:56)
	at com.viettelsoftware.firstspringboot.scheduler.KeycloakUserSyncCronjobTest.lambda$testSyncKeycloakUsersHandledGracefullyWhenServerDown$0(KeycloakUserSyncCronjobTest.java:33)
	at org.junit.jupiter.api.AssertDoesNotThrow.assertDoesNotThrow(AssertDoesNotThrow.java:50)
	at org.junit.jupiter.api.AssertDoesNotThrow.assertDoesNotThrow(AssertDoesNotThrow.java:37)
	at org.junit.jupiter.api.Assertions.assertDoesNotThrow(Assertions.java:3060)
	at com.viettelsoftware.firstspringboot.scheduler.KeycloakUserSyncCronjobTest.testSyncKeycloakUsersHandledGracefullyWhenServerDown(KeycloakUserSyncCronjobTest.java:33)
	at java.base/jdk.internal.reflect.NativeMethodAccessorImpl.invoke0(Native Method)
	at java.base/jdk.internal.reflect.NativeMethodAccessorImpl.invoke(NativeMethodAccessorImpl.java:62)
	at java.base/jdk.internal.reflect.DelegatingMethodAccessorImpl.invoke(DelegatingMethodAccessorImpl.java:43)
	at java.base/java.lang.reflect.Method.invoke(Method.java:566)
	at org.junit.platform.commons.util.ReflectionUtils.invokeMethod(ReflectionUtils.java:688)
	at org.junit.jupiter.engine.execution.MethodInvocation.proceed(MethodInvocation.java:60)
	at org.junit.jupiter.engine.execution.InvocationInterceptorChain$ValidatingInvocation.proceed(InvocationInterceptorChain.java:131)
	at org.junit.jupiter.engine.extension.TimeoutExtension.intercept(TimeoutExtension.java:149)
	at org.junit.jupiter.engine.extension.TimeoutExtension.interceptTestableMethod(TimeoutExtension.java:140)
	at org.junit.jupiter.engine.extension.TimeoutExtension.interceptTestMethod(TimeoutExtension.java:84)
	at org.junit.jupiter.engine.execution.ExecutableInvoker$ReflectiveInterceptorCall.lambda$ofVoidMethod$0(ExecutableInvoker.java:115)
	at org.junit.jupiter.engine.execution.ExecutableInvoker.lambda$invoke$0(ExecutableInvoker.java:105)
	at org.junit.jupiter.engine.execution.InvocationInterceptorChain$InterceptedInvocation.proceed(InvocationInterceptorChain.java:106)
	at org.junit.jupiter.engine.execution.InvocationInterceptorChain.proceed(InvocationInterceptorChain.java:64)
	at org.junit.jupiter.engine.execution.InvocationInterceptorChain.chainAndInvoke(InvocationInterceptorChain.java:45)
	at org.junit.jupiter.engine.execution.InvocationInterceptorChain.invoke(InvocationInterceptorChain.java:37)
	at org.junit.jupiter.engine.execution.ExecutableInvoker.invoke(ExecutableInvoker.java:104)
	at org.junit.jupiter.engine.execution.ExecutableInvoker.invoke(ExecutableInvoker.java:98)
	at org.junit.jupiter.engine.descriptor.TestMethodTestDescriptor.lambda$invokeTestMethod$6(TestMethodTestDescriptor.java:210)
	at org.junit.platform.engine.support.hierarchical.ThrowableCollector.execute(ThrowableCollector.java:73)
	at org.junit.jupiter.engine.descriptor.TestMethodTestDescriptor.invokeTestMethod(TestMethodTestDescriptor.java:206)
	at org.junit.jupiter.engine.descriptor.TestMethodTestDescriptor.execute(TestMethodTestDescriptor.java:131)
	at org.junit.jupiter.engine.descriptor.TestMethodTestDescriptor.execute(TestMethodTestDescriptor.java:65)
	at org.junit.platform.engine.support.hierarchical.NodeTestTask.lambda$executeRecursively$5(NodeTestTask.java:139)
	at org.junit.platform.engine.support.hierarchical.ThrowableCollector.execute(ThrowableCollector.java:73)
	at org.junit.platform.engine.support.hierarchical.NodeTestTask.lambda$executeRecursively$7(NodeTestTask.java:129)
	at org.junit.platform.engine.support.hierarchical.Node.around(Node.java:137)
	at org.junit.platform.engine.support.hierarchical.NodeTestTask.lambda$executeRecursively$8(NodeTestTask.java:127)
	at org.junit.platform.engine.support.hierarchical.ThrowableCollector.execute(ThrowableCollector.java:73)
	at org.junit.platform.engine.support.hierarchical.NodeTestTask.executeRecursively(NodeTestTask.java:126)
	at org.junit.platform.engine.support.hierarchical.NodeTestTask.execute(NodeTestTask.java:84)
	at java.base/java.util.ArrayList.forEach(ArrayList.java:1541)
	at org.junit.platform.engine.support.hierarchical.SameThreadHierarchicalTestExecutorService.invokeAll(SameThreadHierarchicalTestExecutorService.java:38)
	at org.junit.platform.engine.support.hierarchical.NodeTestTask.lambda$executeRecursively$5(NodeTestTask.java:143)
	at org.junit.platform.engine.support.hierarchical.ThrowableCollector.execute(ThrowableCollector.java:73)
	at org.junit.platform.engine.support.hierarchical.NodeTestTask.lambda$executeRecursively$7(NodeTestTask.java:129)
	at org.junit.platform.engine.support.hierarchical.Node.around(Node.java:137)
	at org.junit.platform.engine.support.hierarchical.NodeTestTask.lambda$executeRecursively$8(NodeTestTask.java:127)
	at org.junit.platform.engine.support.hierarchical.ThrowableCollector.execute(ThrowableCollector.java:73)
	at org.junit.platform.engine.support.hierarchical.NodeTestTask.executeRecursively(NodeTestTask.java:126)
	at org.junit.platform.engine.support.hierarchical.NodeTestTask.execute(NodeTestTask.java:84)
	at java.base/java.util.ArrayList.forEach(ArrayList.java:1541)
	at org.junit.platform.engine.support.hierarchical.SameThreadHierarchicalTestExecutorService.invokeAll(SameThreadHierarchicalTestExecutorService.java:38)
	at org.junit.platform.engine.support.hierarchical.NodeTestTask.lambda$executeRecursively$5(NodeTestTask.java:143)
	at org.junit.platform.engine.support.hierarchical.ThrowableCollector.execute(ThrowableCollector.java:73)
	at org.junit.platform.engine.support.hierarchical.NodeTestTask.lambda$executeRecursively$7(NodeTestTask.java:129)
	at org.junit.platform.engine.support.hierarchical.Node.around(Node.java:137)
	at org.junit.platform.engine.support.hierarchical.NodeTestTask.lambda$executeRecursively$8(NodeTestTask.java:127)
	at org.junit.platform.engine.support.hierarchical.ThrowableCollector.execute(ThrowableCollector.java:73)
	at org.junit.platform.engine.support.hierarchical.NodeTestTask.executeRecursively(NodeTestTask.java:126)
	at org.junit.platform.engine.support.hierarchical.NodeTestTask.execute(NodeTestTask.java:84)
	at org.junit.platform.engine.support.hierarchical.SameThreadHierarchicalTestExecutorService.submit(SameThreadHierarchicalTestExecutorService.java:32)
	at org.junit.platform.engine.support.hierarchical.HierarchicalTestExecutor.execute(HierarchicalTestExecutor.java:57)
	at org.junit.platform.engine.support.hierarchical.HierarchicalTestEngine.execute(HierarchicalTestEngine.java:51)
	at org.junit.platform.launcher.core.DefaultLauncher.execute(DefaultLauncher.java:220)
	at org.junit.platform.launcher.core.DefaultLauncher.lambda$execute$6(DefaultLauncher.java:188)
	at org.junit.platform.launcher.core.DefaultLauncher.withInterceptedStreams(DefaultLauncher.java:202)
	at org.junit.platform.launcher.core.DefaultLauncher.execute(DefaultLauncher.java:181)
	at org.junit.platform.launcher.core.DefaultLauncher.execute(DefaultLauncher.java:128)
	at org.apache.maven.surefire.junitplatform.JUnitPlatformProvider.invokeAllTests(JUnitPlatformProvider.java:150)
	at org.apache.maven.surefire.junitplatform.JUnitPlatformProvider.invoke(JUnitPlatformProvider.java:124)
	at org.apache.maven.surefire.booter.ForkedBooter.invokeProviderInSameClassLoader(ForkedBooter.java:384)
	at org.apache.maven.surefire.booter.ForkedBooter.runSuitesInProcess(ForkedBooter.java:345)
	at org.apache.maven.surefire.booter.ForkedBooter.execute(ForkedBooter.java:126)
	at org.apache.maven.surefire.booter.ForkedBooter.main(ForkedBooter.java:418)
Caused by: java.net.ConnectException: Connection refused (Connection refused)
	at java.base/java.net.PlainSocketImpl.socketConnect(Native Method)
	at java.base/java.net.AbstractPlainSocketImpl.doConnect(AbstractPlainSocketImpl.java:412)
	at java.base/java.net.AbstractPlainSocketImpl.connectToAddress(AbstractPlainSocketImpl.java:255)
	at java.base/java.net.AbstractPlainSocketImpl.connect(AbstractPlainSocketImpl.java:237)
	at java.base/java.net.Socket.connect(Socket.java:609)
	at java.base/java.net.Socket.connect(Socket.java:558)
	at java.base/sun.net.NetworkClient.doConnect(NetworkClient.java:182)
	at java.base/sun.net.www.http.HttpClient.openServer(HttpClient.java:509)
	at java.base/sun.net.www.http.HttpClient.openServer(HttpClient.java:604)
	at java.base/sun.net.www.http.HttpClient.<init>(HttpClient.java:279)
	at java.base/sun.net.www.http.HttpClient.New(HttpClient.java:376)
	at java.base/sun.net.www.http.HttpClient.New(HttpClient.java:397)
	at java.base/sun.net.www.protocol.http.HttpURLConnection.getNewHttpClient(HttpURLConnection.java:1270)
	at java.base/sun.net.www.protocol.http.HttpURLConnection.plainConnect0(HttpURLConnection.java:1204)
	at java.base/sun.net.www.protocol.http.HttpURLConnection.plainConnect(HttpURLConnection.java:1098)
	at java.base/sun.net.www.protocol.http.HttpURLConnection.connect(HttpURLConnection.java:1032)
	at org.springframework.http.client.SimpleBufferingClientHttpRequest.executeInternal(SimpleBufferingClientHttpRequest.java:76)
	at org.springframework.http.client.AbstractBufferingClientHttpRequest.executeInternal(AbstractBufferingClientHttpRequest.java:48)
	at org.springframework.http.client.AbstractClientHttpRequest.execute(AbstractClientHttpRequest.java:66)
	at org.springframework.web.client.RestTemplate.doExecute(RestTemplate.java:775)
	... 74 common frames omitted
2026-08-17 15:00:12.174 [SpringContextShutdownHook] INFO  o.s.s.c.ThreadPoolTaskScheduler - Shutting down ExecutorService 'taskScheduler'
2026-08-17 15:00:12.174 [SpringContextShutdownHook] INFO  o.s.s.c.ThreadPoolTaskScheduler - Shutting down ExecutorService 'taskScheduler'
2026-08-17 15:00:12.175 [SpringContextShutdownHook] INFO  o.s.s.c.ThreadPoolTaskExecutor - Shutting down ExecutorService 'applicationTaskExecutor'
2026-08-17 15:00:12.175 [SpringContextShutdownHook] INFO  o.s.s.c.ThreadPoolTaskExecutor - Shutting down ExecutorService 'applicationTaskExecutor'
2026-08-17 15:00:12.179 [SpringContextShutdownHook] INFO  o.s.o.j.LocalContainerEntityManagerFactoryBean - Closing JPA EntityManagerFactory for persistence unit 'default'
2026-08-17 15:00:12.179 [SpringContextShutdownHook] INFO  o.s.o.j.LocalContainerEntityManagerFactoryBean - Closing JPA EntityManagerFactory for persistence unit 'default'
2026-08-17 15:00:12.181 [SpringContextShutdownHook] INFO  com.zaxxer.hikari.HikariDataSource - HikariPool-1 - Shutdown initiated...
2026-08-17 15:00:12.181 [SpringContextShutdownHook] INFO  com.zaxxer.hikari.HikariDataSource - HikariPool-2 - Shutdown initiated...
2026-08-17 15:00:12.185 [SpringContextShutdownHook] INFO  com.zaxxer.hikari.HikariDataSource - HikariPool-2 - Shutdown completed.
2026-08-17 15:00:12.186 [SpringContextShutdownHook] INFO  com.zaxxer.hikari.HikariDataSource - HikariPool-1 - Shutdown completed.
2026-08-17 15:00:29.858 [main] INFO  c.v.f.FirstspringbootApplicationTests - Starting FirstspringbootApplicationTests using Java 11.0.32 on lenovo-legion-16iah7h-PF3XJ8SP with PID 355596 (started by ayin in /home/ayin/projs/firstspringboot)
2026-08-17 15:00:29.860 [main] INFO  c.v.f.FirstspringbootApplicationTests - No active profile set, falling back to default profiles: default
2026-08-17 15:00:30.550 [main] INFO  o.s.d.r.c.RepositoryConfigurationDelegate - Bootstrapping Spring Data JPA repositories in DEFAULT mode.
2026-08-17 15:00:30.584 [main] INFO  o.s.d.r.c.RepositoryConfigurationDelegate - Finished Spring Data repository scanning in 30 ms. Found 3 JPA repository interfaces.
2026-08-17 15:00:30.902 [main] INFO  o.s.c.s.PostProcessorRegistrationDelegate$BeanPostProcessorChecker - Bean 'org.springframework.security.access.expression.method.DefaultMethodSecurityExpressionHandler@245b0bd7' of type [org.springframework.security.access.expression.method.DefaultMethodSecurityExpressionHandler] is not eligible for getting processed by all BeanPostProcessors (for example: not eligible for auto-proxying)
2026-08-17 15:00:30.912 [main] INFO  o.s.c.s.PostProcessorRegistrationDelegate$BeanPostProcessorChecker - Bean 'methodSecurityMetadataSource' of type [org.springframework.security.access.method.DelegatingMethodSecurityMetadataSource] is not eligible for getting processed by all BeanPostProcessors (for example: not eligible for auto-proxying)
2026-08-17 15:00:31.028 [main] INFO  com.zaxxer.hikari.HikariDataSource - HikariPool-1 - Starting...
2026-08-17 15:00:31.093 [main] INFO  com.zaxxer.hikari.HikariDataSource - HikariPool-1 - Start completed.
2026-08-17 15:00:31.525 [main] INFO  liquibase.changelog - Reading from firstspringboot.DATABASECHANGELOG
2026-08-17 15:00:31.572 [main] INFO  liquibase.ui - Database is up to date, no changesets to execute
2026-08-17 15:00:31.573 [main] INFO  liquibase.changelog - Reading from firstspringboot.DATABASECHANGELOG
2026-08-17 15:00:31.580 [main] INFO  liquibase.util - UPDATE SUMMARY
2026-08-17 15:00:31.580 [main] INFO  liquibase.util - Run:                          0
2026-08-17 15:00:31.580 [main] INFO  liquibase.util - Previously run:               3
2026-08-17 15:00:31.580 [main] INFO  liquibase.util - Filtered out:                 0
2026-08-17 15:00:31.580 [main] INFO  liquibase.util - -------------------------------
2026-08-17 15:00:31.580 [main] INFO  liquibase.util - Total change sets:            3
2026-08-17 15:00:31.581 [main] INFO  liquibase.util - Update summary generated
2026-08-17 15:00:31.581 [main] INFO  liquibase.command - Command execution complete
2026-08-17 15:00:32.793 [main] INFO  o.h.jpa.internal.util.LogHelper - HHH000204: Processing PersistenceUnitInfo [name: default]
2026-08-17 15:00:32.833 [main] INFO  org.hibernate.Version - HHH000412: Hibernate ORM core version 5.4.25.Final
2026-08-17 15:00:32.860 [main] INFO  o.h.annotations.common.Version - HCANN000001: Hibernate Commons Annotations {5.1.2.Final}
2026-08-17 15:00:32.938 [main] INFO  org.hibernate.dialect.Dialect - HHH000400: Using dialect: org.hibernate.dialect.MariaDB53Dialect
2026-08-17 15:00:33.160 [main] INFO  o.h.e.t.j.p.i.JtaPlatformInitiator - HHH000490: Using JtaPlatform implementation: [org.hibernate.engine.transaction.jta.platform.internal.NoJtaPlatform]
2026-08-17 15:00:33.165 [main] INFO  o.s.o.j.LocalContainerEntityManagerFactoryBean - Initialized JPA EntityManagerFactory for persistence unit 'default'
2026-08-17 15:00:33.199 [main] WARN  o.s.b.a.o.j.JpaBaseConfiguration$JpaWebConfiguration - spring.jpa.open-in-view is enabled by default. Therefore, database queries may be performed during view rendering. Explicitly configure spring.jpa.open-in-view to disable this warning
2026-08-17 15:00:33.983 [main] INFO  o.s.s.web.DefaultSecurityFilterChain - Will secure any request with [org.springframework.security.web.context.request.async.WebAsyncManagerIntegrationFilter@2ae62f7, org.springframework.security.web.context.SecurityContextPersistenceFilter@5e8ec0d9, org.springframework.security.web.header.HeaderWriterFilter@21e441d1, org.springframework.security.web.csrf.CsrfFilter@339de67e, org.springframework.security.web.authentication.logout.LogoutFilter@50f6eb17, org.springframework.security.oauth2.server.resource.web.BearerTokenAuthenticationFilter@26a9754a, org.springframework.security.web.savedrequest.RequestCacheAwareFilter@9e2946, org.springframework.security.web.servletapi.SecurityContextHolderAwareRequestFilter@283eb984, org.springframework.security.web.authentication.AnonymousAuthenticationFilter@26a5775f, org.springframework.security.web.session.SessionManagementFilter@2765c3fc, org.springframework.security.web.access.ExceptionTranslationFilter@72bd8702, org.springframework.security.web.access.intercept.FilterSecurityInterceptor@b680059]
2026-08-17 15:00:34.124 [main] INFO  o.s.s.c.ThreadPoolTaskExecutor - Initializing ExecutorService 'applicationTaskExecutor'
2026-08-17 15:00:34.474 [main] INFO  o.s.s.c.ThreadPoolTaskScheduler - Initializing ExecutorService 'taskScheduler'
2026-08-17 15:00:34.495 [main] INFO  o.s.b.a.e.web.EndpointLinksResolver - Exposing 1 endpoint(s) beneath base path '/actuator'
2026-08-17 15:00:34.548 [main] INFO  c.v.f.FirstspringbootApplicationTests - Started FirstspringbootApplicationTests in 4.89 seconds (JVM running for 6.79)
2026-08-17 15:00:34.591 [main] INFO  c.v.f.s.KeycloakUserSyncCronjob - Starting Keycloak user synchronization...
2026-08-17 15:00:34.649 [main] INFO  c.v.f.aspect.LoggingAspect - [[BEFORE]] [2026-08-17T08:00:34.648376Z] method: UserServiceImpl.createUser(..), params: [com.viettelsoftware.firstspringboot.entity.User@3c703142]
2026-08-17 15:00:34.847 [main] INFO  c.v.f.aspect.LoggingAspect - [[BEFORE]] [2026-08-17T08:00:34.847500Z] method: AuditServiceImpl.audit(..), params: [com.viettelsoftware.firstspringboot.entity.AuditEvent@20120154]
2026-08-17 15:00:34.852 [main] INFO  c.v.f.aspect.LoggingAspect - [[BEFORE]] [2026-08-17T08:00:34.852252Z] method: AuthServiceImpl.getCurrentUser(), params: []
2026-08-17 15:00:34.854 [main] INFO  c.v.f.aspect.LoggingAspect - [[AFTER]] [2026-08-17T08:00:34.854475Z] method: AuthServiceImpl.getCurrentUser(), params: []
2026-08-17 15:00:34.879 [main] INFO  c.v.f.aspect.LoggingAspect - [[AFTER]] [2026-08-17T08:00:34.879143Z] method: AuditServiceImpl.audit(..), params: [com.viettelsoftware.firstspringboot.entity.AuditEvent@20120154]
2026-08-17 15:00:34.879 [main] INFO  c.v.f.aspect.LoggingAspect - [[AFTER]] [2026-08-17T08:00:34.879305Z] method: UserServiceImpl.createUser(..), params: [com.viettelsoftware.firstspringboot.entity.User@3c703142]
2026-08-17 15:00:34.879 [main] INFO  c.v.f.aspect.LoggingAspect - [[BEFORE]] [2026-08-17T08:00:34.879386Z] method: UserServiceImpl.createUser(..), params: [com.viettelsoftware.firstspringboot.entity.User@4ca87dbe]
2026-08-17 15:00:34.950 [main] INFO  c.v.f.aspect.LoggingAspect - [[BEFORE]] [2026-08-17T08:00:34.950925Z] method: AuditServiceImpl.audit(..), params: [com.viettelsoftware.firstspringboot.entity.AuditEvent@51e0629a]
2026-08-17 15:00:34.951 [main] INFO  c.v.f.aspect.LoggingAspect - [[BEFORE]] [2026-08-17T08:00:34.951007Z] method: AuthServiceImpl.getCurrentUser(), params: []
2026-08-17 15:00:34.951 [main] INFO  c.v.f.aspect.LoggingAspect - [[AFTER]] [2026-08-17T08:00:34.951032Z] method: AuthServiceImpl.getCurrentUser(), params: []
2026-08-17 15:00:34.959 [main] INFO  c.v.f.aspect.LoggingAspect - [[AFTER]] [2026-08-17T08:00:34.959031Z] method: AuditServiceImpl.audit(..), params: [com.viettelsoftware.firstspringboot.entity.AuditEvent@51e0629a]
2026-08-17 15:00:34.959 [main] INFO  c.v.f.aspect.LoggingAspect - [[AFTER]] [2026-08-17T08:00:34.959121Z] method: UserServiceImpl.createUser(..), params: [com.viettelsoftware.firstspringboot.entity.User@4ca87dbe]
2026-08-17 15:00:34.959 [main] INFO  c.v.f.s.KeycloakUserSyncCronjob - Keycloak user synchronization completed successfully. Synced 2 users.
2026-08-17 15:00:35.022 [main] INFO  o.s.b.t.c.SpringBootTestContextBootstrapper - Neither @ContextConfiguration nor @ContextHierarchy found for test class [com.viettelsoftware.firstspringboot.EndToEndIntegrationTest], using SpringBootContextLoader
2026-08-17 15:00:35.023 [main] INFO  o.s.t.c.s.AbstractContextLoader - Could not detect default resource locations for test class [com.viettelsoftware.firstspringboot.EndToEndIntegrationTest]: no resource found for suffixes {-context.xml, Context.groovy}.
2026-08-17 15:00:35.023 [main] INFO  o.s.t.c.s.AnnotationConfigContextLoaderUtils - Could not detect default configuration classes for test class [com.viettelsoftware.firstspringboot.EndToEndIntegrationTest]: EndToEndIntegrationTest does not declare any static, non-private, non-final, nested classes annotated with @Configuration.
2026-08-17 15:00:35.028 [main] INFO  o.s.b.t.c.SpringBootTestContextBootstrapper - Found @SpringBootConfiguration com.viettelsoftware.firstspringboot.FirstspringbootApplication for test class com.viettelsoftware.firstspringboot.EndToEndIntegrationTest
2026-08-17 15:00:35.029 [main] INFO  o.s.b.t.c.SpringBootTestContextBootstrapper - Loaded default TestExecutionListener class names from location [META-INF/spring.factories]: [org.springframework.boot.test.mock.mockito.MockitoTestExecutionListener, org.springframework.boot.test.mock.mockito.ResetMocksTestExecutionListener, org.springframework.boot.test.autoconfigure.restdocs.RestDocsTestExecutionListener, org.springframework.boot.test.autoconfigure.web.client.MockRestServiceServerResetTestExecutionListener, org.springframework.boot.test.autoconfigure.web.servlet.MockMvcPrintOnlyOnFailureTestExecutionListener, org.springframework.boot.test.autoconfigure.web.servlet.WebDriverTestExecutionListener, org.springframework.boot.test.autoconfigure.webservices.client.MockWebServiceServerTestExecutionListener, org.springframework.test.context.web.ServletTestExecutionListener, org.springframework.test.context.support.DirtiesContextBeforeModesTestExecutionListener, org.springframework.test.context.support.DependencyInjectionTestExecutionListener, org.springframework.test.context.support.DirtiesContextTestExecutionListener, org.springframework.test.context.transaction.TransactionalTestExecutionListener, org.springframework.test.context.jdbc.SqlScriptsTestExecutionListener, org.springframework.test.context.event.EventPublishingTestExecutionListener, org.springframework.security.test.context.support.WithSecurityContextTestExecutionListener, org.springframework.security.test.context.support.ReactorContextTestExecutionListener]
2026-08-17 15:00:35.029 [main] INFO  o.s.b.t.c.SpringBootTestContextBootstrapper - Using TestExecutionListeners: [org.springframework.test.context.web.ServletTestExecutionListener@15dba9f9, org.springframework.test.context.support.DirtiesContextBeforeModesTestExecutionListener@67662433, org.springframework.boot.test.mock.mockito.MockitoTestExecutionListener@4bd214c, org.springframework.boot.test.autoconfigure.SpringBootDependencyInjectionTestExecutionListener@7c74d262, org.springframework.test.context.support.DirtiesContextTestExecutionListener@34a82874, org.springframework.test.context.transaction.TransactionalTestExecutionListener@62b9d56e, org.springframework.test.context.jdbc.SqlScriptsTestExecutionListener@fe32f34, org.springframework.test.context.event.EventPublishingTestExecutionListener@55de1b68, org.springframework.security.test.context.support.WithSecurityContextTestExecutionListener@2040722f, org.springframework.security.test.context.support.ReactorContextTestExecutionListener@cfec1ec, org.springframework.boot.test.mock.mockito.ResetMocksTestExecutionListener@1af2c5c8, org.springframework.boot.test.autoconfigure.restdocs.RestDocsTestExecutionListener@3f5298a5, org.springframework.boot.test.autoconfigure.web.client.MockRestServiceServerResetTestExecutionListener@1ca0546a, org.springframework.boot.test.autoconfigure.web.servlet.MockMvcPrintOnlyOnFailureTestExecutionListener@662b17b3, org.springframework.boot.test.autoconfigure.web.servlet.WebDriverTestExecutionListener@6a7b523b, org.springframework.boot.test.autoconfigure.webservices.client.MockWebServiceServerTestExecutionListener@41c77861]
2026-08-17 15:00:35.041 [main] INFO  c.v.f.EndToEndIntegrationTest - Starting EndToEndIntegrationTest using Java 11.0.32 on lenovo-legion-16iah7h-PF3XJ8SP with PID 355596 (started by ayin in /home/ayin/projs/firstspringboot)
2026-08-17 15:00:35.042 [main] INFO  c.v.f.EndToEndIntegrationTest - No active profile set, falling back to default profiles: default
2026-08-17 15:00:35.178 [main] INFO  o.s.d.r.c.RepositoryConfigurationDelegate - Bootstrapping Spring Data JPA repositories in DEFAULT mode.
2026-08-17 15:00:35.185 [main] INFO  o.s.d.r.c.RepositoryConfigurationDelegate - Finished Spring Data repository scanning in 6 ms. Found 3 JPA repository interfaces.
2026-08-17 15:00:35.236 [main] INFO  o.s.c.s.PostProcessorRegistrationDelegate$BeanPostProcessorChecker - Bean 'org.springframework.security.access.expression.method.DefaultMethodSecurityExpressionHandler@6b57b1c7' of type [org.springframework.security.access.expression.method.DefaultMethodSecurityExpressionHandler] is not eligible for getting processed by all BeanPostProcessors (for example: not eligible for auto-proxying)
2026-08-17 15:00:35.239 [main] INFO  o.s.c.s.PostProcessorRegistrationDelegate$BeanPostProcessorChecker - Bean 'methodSecurityMetadataSource' of type [org.springframework.security.access.method.DelegatingMethodSecurityMetadataSource] is not eligible for getting processed by all BeanPostProcessors (for example: not eligible for auto-proxying)
2026-08-17 15:00:35.262 [main] INFO  com.zaxxer.hikari.HikariDataSource - HikariPool-2 - Starting...
2026-08-17 15:00:35.264 [main] INFO  com.zaxxer.hikari.HikariDataSource - HikariPool-2 - Start completed.
2026-08-17 15:00:35.304 [main] INFO  liquibase.changelog - Reading from firstspringboot.DATABASECHANGELOG
2026-08-17 15:00:35.330 [main] INFO  liquibase.ui - Database is up to date, no changesets to execute
2026-08-17 15:00:35.331 [main] INFO  liquibase.util - UPDATE SUMMARY
2026-08-17 15:00:35.331 [main] INFO  liquibase.util - Run:                          0
2026-08-17 15:00:35.331 [main] INFO  liquibase.util - Previously run:               3
2026-08-17 15:00:35.332 [main] INFO  liquibase.util - Filtered out:                 0
2026-08-17 15:00:35.332 [main] INFO  liquibase.util - -------------------------------
2026-08-17 15:00:35.332 [main] INFO  liquibase.util - Total change sets:            3
2026-08-17 15:00:35.332 [main] INFO  liquibase.util - Update summary generated
2026-08-17 15:00:35.332 [main] INFO  liquibase.command - Command execution complete
2026-08-17 15:00:35.348 [main] INFO  o.h.jpa.internal.util.LogHelper - HHH000204: Processing PersistenceUnitInfo [name: default]
2026-08-17 15:00:35.351 [main] INFO  org.hibernate.dialect.Dialect - HHH000400: Using dialect: org.hibernate.dialect.MariaDB53Dialect
2026-08-17 15:00:35.375 [main] INFO  o.h.e.t.j.p.i.JtaPlatformInitiator - HHH000490: Using JtaPlatform implementation: [org.hibernate.engine.transaction.jta.platform.internal.NoJtaPlatform]
2026-08-17 15:00:35.375 [main] INFO  o.s.o.j.LocalContainerEntityManagerFactoryBean - Initialized JPA EntityManagerFactory for persistence unit 'default'
2026-08-17 15:00:35.404 [main] WARN  o.s.b.a.o.j.JpaBaseConfiguration$JpaWebConfiguration - spring.jpa.open-in-view is enabled by default. Therefore, database queries may be performed during view rendering. Explicitly configure spring.jpa.open-in-view to disable this warning
2026-08-17 15:00:35.623 [main] INFO  o.s.s.web.DefaultSecurityFilterChain - Will secure any request with [org.springframework.security.web.context.request.async.WebAsyncManagerIntegrationFilter@74d76660, org.springframework.security.web.context.SecurityContextPersistenceFilter@6a651151, org.springframework.security.web.header.HeaderWriterFilter@52e10d07, org.springframework.security.web.csrf.CsrfFilter@2d2325d0, org.springframework.security.web.authentication.logout.LogoutFilter@7657cc5, org.springframework.security.oauth2.server.resource.web.BearerTokenAuthenticationFilter@112aa99c, org.springframework.security.web.savedrequest.RequestCacheAwareFilter@246b2469, org.springframework.security.web.servletapi.SecurityContextHolderAwareRequestFilter@7e389cd6, org.springframework.security.web.authentication.AnonymousAuthenticationFilter@5308b244, org.springframework.security.web.session.SessionManagementFilter@5edca2ff, org.springframework.security.web.access.ExceptionTranslationFilter@4e80180c, org.springframework.security.web.access.intercept.FilterSecurityInterceptor@69438db0]
2026-08-17 15:00:35.681 [main] INFO  o.s.s.c.ThreadPoolTaskExecutor - Initializing ExecutorService 'applicationTaskExecutor'
2026-08-17 15:00:35.855 [main] INFO  o.s.s.c.ThreadPoolTaskScheduler - Initializing ExecutorService 'taskScheduler'
2026-08-17 15:00:35.903 [main] INFO  o.s.b.t.m.w.SpringBootMockServletContext - Initializing Spring TestDispatcherServlet ''
2026-08-17 15:00:35.903 [main] INFO  o.s.t.w.s.TestDispatcherServlet - Initializing Servlet ''
2026-08-17 15:00:35.907 [main] INFO  o.s.b.a.e.web.EndpointLinksResolver - Exposing 1 endpoint(s) beneath base path '/actuator'
2026-08-17 15:00:35.920 [main] INFO  o.s.t.w.s.TestDispatcherServlet - Completed initialization in 17 ms
2026-08-17 15:00:35.934 [main] INFO  c.v.f.EndToEndIntegrationTest - Started EndToEndIntegrationTest in 0.903 seconds (JVM running for 8.177)
2026-08-17 15:00:35.935 [main] INFO  c.v.f.s.KeycloakUserSyncCronjob - Starting Keycloak user synchronization...
2026-08-17 15:00:35.989 [main] INFO  c.v.f.aspect.LoggingAspect - [[BEFORE]] [2026-08-17T08:00:35.989847Z] method: UserServiceImpl.createUser(..), params: [com.viettelsoftware.firstspringboot.entity.User@50118662]
2026-08-17 15:00:36.051 [main] INFO  c.v.f.aspect.LoggingAspect - [[BEFORE]] [2026-08-17T08:00:36.051432Z] method: AuditServiceImpl.audit(..), params: [com.viettelsoftware.firstspringboot.entity.AuditEvent@78999117]
2026-08-17 15:00:36.051 [main] INFO  c.v.f.aspect.LoggingAspect - [[BEFORE]] [2026-08-17T08:00:36.051551Z] method: AuthServiceImpl.getCurrentUser(), params: []
2026-08-17 15:00:36.051 [main] INFO  c.v.f.aspect.LoggingAspect - [[AFTER]] [2026-08-17T08:00:36.051583Z] method: AuthServiceImpl.getCurrentUser(), params: []
2026-08-17 15:00:36.060 [main] INFO  c.v.f.aspect.LoggingAspect - [[AFTER]] [2026-08-17T08:00:36.060353Z] method: AuditServiceImpl.audit(..), params: [com.viettelsoftware.firstspringboot.entity.AuditEvent@78999117]
2026-08-17 15:00:36.060 [main] INFO  c.v.f.aspect.LoggingAspect - [[AFTER]] [2026-08-17T08:00:36.060457Z] method: UserServiceImpl.createUser(..), params: [com.viettelsoftware.firstspringboot.entity.User@50118662]
2026-08-17 15:00:36.060 [main] INFO  c.v.f.aspect.LoggingAspect - [[BEFORE]] [2026-08-17T08:00:36.060523Z] method: UserServiceImpl.createUser(..), params: [com.viettelsoftware.firstspringboot.entity.User@7f1c1df5]
2026-08-17 15:00:36.104 [main] INFO  c.v.f.aspect.LoggingAspect - [[BEFORE]] [2026-08-17T08:00:36.104195Z] method: AuditServiceImpl.audit(..), params: [com.viettelsoftware.firstspringboot.entity.AuditEvent@228ec493]
2026-08-17 15:00:36.104 [main] INFO  c.v.f.aspect.LoggingAspect - [[BEFORE]] [2026-08-17T08:00:36.104278Z] method: AuthServiceImpl.getCurrentUser(), params: []
2026-08-17 15:00:36.104 [main] INFO  c.v.f.aspect.LoggingAspect - [[AFTER]] [2026-08-17T08:00:36.104303Z] method: AuthServiceImpl.getCurrentUser(), params: []
2026-08-17 15:00:36.112 [main] INFO  c.v.f.aspect.LoggingAspect - [[AFTER]] [2026-08-17T08:00:36.112219Z] method: AuditServiceImpl.audit(..), params: [com.viettelsoftware.firstspringboot.entity.AuditEvent@228ec493]
2026-08-17 15:00:36.112 [main] INFO  c.v.f.aspect.LoggingAspect - [[AFTER]] [2026-08-17T08:00:36.112304Z] method: UserServiceImpl.createUser(..), params: [com.viettelsoftware.firstspringboot.entity.User@7f1c1df5]
2026-08-17 15:00:36.112 [main] INFO  c.v.f.s.KeycloakUserSyncCronjob - Keycloak user synchronization completed successfully. Synced 2 users.
2026-08-17 15:00:36.147 [main] INFO  c.v.f.aspect.LoggingAspect - [[BEFORE]] [2026-08-17T08:00:36.147128Z] method: TaskController.getTasks(), params: []
2026-08-17 15:00:36.149 [main] INFO  c.v.f.aspect.LoggingAspect - [[BEFORE]] [2026-08-17T08:00:36.149916Z] method: TaskServiceImpl.getTasks(), params: []
2026-08-17 15:00:36.157 [main] INFO  c.v.f.aspect.LoggingAspect - [[AFTER]] [2026-08-17T08:00:36.157757Z] method: TaskServiceImpl.getTasks(), params: []
2026-08-17 15:00:36.157 [main] INFO  c.v.f.aspect.LoggingAspect - [[AFTER]] [2026-08-17T08:00:36.157844Z] method: TaskController.getTasks(), params: []
2026-08-17 15:00:36.186 [main] INFO  c.v.f.aspect.LoggingAspect - [[BEFORE]] [2026-08-17T08:00:36.186416Z] method: TaskController.exportTasks(), params: []
2026-08-17 15:00:36.186 [main] INFO  c.v.f.aspect.LoggingAspect - [[BEFORE]] [2026-08-17T08:00:36.186793Z] method: TaskExportServiceImpl.exportTasks(), params: []
2026-08-17 15:00:36.188 [main] INFO  c.v.f.aspect.LoggingAspect - [[BEFORE]] [2026-08-17T08:00:36.188649Z] method: TaskServiceImpl.getTasks(), params: []
2026-08-17 15:00:36.190 [main] INFO  c.v.f.aspect.LoggingAspect - [[AFTER]] [2026-08-17T08:00:36.190668Z] method: TaskServiceImpl.getTasks(), params: []
2026-08-17 15:00:36.190 [main] INFO  org.jxls.util.TransformerFactory - Loading transformer by class org.jxls.transform.poi.PoiTransformer
2026-08-17 15:00:36.212 [main] INFO  c.v.f.aspect.LoggingAspect - [[AFTER]] [2026-08-17T08:00:36.212347Z] method: TaskExportServiceImpl.exportTasks(), params: []
2026-08-17 15:00:36.212 [main] INFO  c.v.f.aspect.LoggingAspect - [[AFTER]] [2026-08-17T08:00:36.212782Z] method: TaskController.exportTasks(), params: []
2026-08-17 15:00:36.256 [main] WARN  o.s.w.s.m.s.DefaultHandlerExceptionResolver - Resolved [org.springframework.web.bind.MethodArgumentNotValidException: Validation failed for argument [0] in public com.viettelsoftware.firstspringboot.entity.Task com.viettelsoftware.firstspringboot.controller.TaskController.createTask(com.viettelsoftware.firstspringboot.dto.CreateTaskRequest): [Field error in object 'createTaskRequest' on field 'description': rejected value [ Invalid Description ]; codes [ValidTaskDescription.createTaskRequest.description,ValidTaskDescription.description,ValidTaskDescription.java.lang.String,ValidTaskDescription]; arguments [org.springframework.context.support.DefaultMessageSourceResolvable: codes [createTaskRequest.description,description]; arguments []; default message [description]]; default message [Invalid task description (must be `@NotBlank + @Size(max = 255) + @Pattern(regexp = "^\S(?:.*\S)?$")`)]] ]
2026-08-17 15:00:36.260 [main] INFO  c.v.f.aspect.LoggingAspect - [[BEFORE]] [2026-08-17T08:00:36.260510Z] method: UserController.profile(), params: []
2026-08-17 15:00:36.262 [main] INFO  c.v.f.aspect.LoggingAspect - [[BEFORE]] [2026-08-17T08:00:36.262362Z] method: AuthServiceImpl.getCurrentUser(), params: []
2026-08-17 15:00:36.262 [main] INFO  c.v.f.aspect.LoggingAspect - [[AFTER]] [2026-08-17T08:00:36.262450Z] method: AuthServiceImpl.getCurrentUser(), params: []
2026-08-17 15:00:36.262 [main] INFO  c.v.f.aspect.LoggingAspect - [[AFTER]] [2026-08-17T08:00:36.262709Z] method: UserController.profile(), params: []
2026-08-17 15:00:36.282 [main] INFO  c.v.f.aspect.LoggingAspect - [[BEFORE]] [2026-08-17T08:00:36.282151Z] method: UserController.createUser(..), params: [com.viettelsoftware.firstspringboot.dto.CreateUserRequest@214a81a4]
2026-08-17 15:00:36.282 [main] INFO  c.v.f.aspect.LoggingAspect - [[BEFORE]] [2026-08-17T08:00:36.282283Z] method: UserServiceImpl.createUser(..), params: [com.viettelsoftware.firstspringboot.entity.User@68955382]
2026-08-17 15:00:36.325 [main] INFO  c.v.f.aspect.LoggingAspect - [[BEFORE]] [2026-08-17T08:00:36.325795Z] method: AuditServiceImpl.audit(..), params: [com.viettelsoftware.firstspringboot.entity.AuditEvent@7eecb648]
2026-08-17 15:00:36.325 [main] INFO  c.v.f.aspect.LoggingAspect - [[BEFORE]] [2026-08-17T08:00:36.325897Z] method: AuthServiceImpl.getCurrentUser(), params: []
2026-08-17 15:00:36.325 [main] INFO  c.v.f.aspect.LoggingAspect - [[AFTER]] [2026-08-17T08:00:36.325964Z] method: AuthServiceImpl.getCurrentUser(), params: []
2026-08-17 15:00:36.333 [main] INFO  c.v.f.aspect.LoggingAspect - [[AFTER]] [2026-08-17T08:00:36.333606Z] method: AuditServiceImpl.audit(..), params: [com.viettelsoftware.firstspringboot.entity.AuditEvent@7eecb648]
2026-08-17 15:00:36.333 [main] INFO  c.v.f.aspect.LoggingAspect - [[AFTER]] [2026-08-17T08:00:36.333696Z] method: UserServiceImpl.createUser(..), params: [com.viettelsoftware.firstspringboot.entity.User@68955382]
2026-08-17 15:00:36.333 [main] INFO  c.v.f.aspect.LoggingAspect - [[AFTER]] [2026-08-17T08:00:36.333729Z] method: UserController.createUser(..), params: [com.viettelsoftware.firstspringboot.dto.CreateUserRequest@214a81a4]
2026-08-17 15:00:36.337 [main] INFO  c.v.f.aspect.LoggingAspect - [[BEFORE]] [2026-08-17T08:00:36.337860Z] method: UserController.getUsers(), params: []
2026-08-17 15:00:36.338 [main] INFO  c.v.f.aspect.LoggingAspect - [[BEFORE]] [2026-08-17T08:00:36.338011Z] method: UserServiceImpl.getUsers(), params: []
2026-08-17 15:00:36.341 [main] INFO  c.v.f.aspect.LoggingAspect - [[AFTER]] [2026-08-17T08:00:36.341170Z] method: UserServiceImpl.getUsers(), params: []
2026-08-17 15:00:36.341 [main] INFO  c.v.f.aspect.LoggingAspect - [[AFTER]] [2026-08-17T08:00:36.341232Z] method: UserController.getUsers(), params: []
2026-08-17 15:00:36.343 [main] INFO  c.v.f.aspect.LoggingAspect - [[BEFORE]] [2026-08-17T08:00:36.343029Z] method: UserController.exportUsers(), params: []
2026-08-17 15:00:36.343 [main] INFO  c.v.f.aspect.LoggingAspect - [[BEFORE]] [2026-08-17T08:00:36.343142Z] method: UserExportServiceImpl.exportUsers(), params: []
2026-08-17 15:00:36.344 [main] INFO  c.v.f.aspect.LoggingAspect - [[BEFORE]] [2026-08-17T08:00:36.344785Z] method: UserServiceImpl.getUsers(), params: []
2026-08-17 15:00:36.347 [main] INFO  c.v.f.aspect.LoggingAspect - [[AFTER]] [2026-08-17T08:00:36.347025Z] method: UserServiceImpl.getUsers(), params: []
2026-08-17 15:00:36.347 [main] INFO  org.jxls.util.TransformerFactory - Loading transformer by class org.jxls.transform.poi.PoiTransformer
2026-08-17 15:00:36.367 [main] INFO  c.v.f.aspect.LoggingAspect - [[AFTER]] [2026-08-17T08:00:36.367685Z] method: UserExportServiceImpl.exportUsers(), params: []
2026-08-17 15:00:36.367 [main] INFO  c.v.f.aspect.LoggingAspect - [[AFTER]] [2026-08-17T08:00:36.367936Z] method: UserController.exportUsers(), params: []
2026-08-17 15:00:36.382 [main] INFO  c.v.f.aspect.LoggingAspect - [[BEFORE]] [2026-08-17T08:00:36.382038Z] method: TestService.testMethod(), params: [arg1]
2026-08-17 15:00:36.382 [main] INFO  c.v.f.aspect.LoggingAspect - [[AFTER]] [2026-08-17T08:00:36.382235Z] method: TestService.testMethod(), params: [arg1]
2026-08-17 15:00:36.615 [main] INFO  c.v.f.s.KeycloakUserSyncCronjob - Starting Keycloak user synchronization...
2026-08-17 15:00:36.618 [main] ERROR c.v.f.s.KeycloakUserSyncCronjob - Error occurred while syncing Keycloak users: I/O error on POST request for "http://localhost:9999/realms/master/protocol/openid-connect/token": Connection refused (Connection refused); nested exception is java.net.ConnectException: Connection refused (Connection refused)
org.springframework.web.client.ResourceAccessException: I/O error on POST request for "http://localhost:9999/realms/master/protocol/openid-connect/token": Connection refused (Connection refused); nested exception is java.net.ConnectException: Connection refused (Connection refused)
	at org.springframework.web.client.RestTemplate.doExecute(RestTemplate.java:784)
	at org.springframework.web.client.RestTemplate.execute(RestTemplate.java:710)
	at org.springframework.web.client.RestTemplate.exchange(RestTemplate.java:630)
	at com.viettelsoftware.firstspringboot.scheduler.KeycloakUserSyncCronjob.getAdminAccessToken(KeycloakUserSyncCronjob.java:114)
	at com.viettelsoftware.firstspringboot.scheduler.KeycloakUserSyncCronjob.syncKeycloakUsers(KeycloakUserSyncCronjob.java:56)
	at com.viettelsoftware.firstspringboot.scheduler.KeycloakUserSyncCronjobTest.lambda$testSyncKeycloakUsersHandledGracefullyWhenServerDown$0(KeycloakUserSyncCronjobTest.java:33)
	at org.junit.jupiter.api.AssertDoesNotThrow.assertDoesNotThrow(AssertDoesNotThrow.java:50)
	at org.junit.jupiter.api.AssertDoesNotThrow.assertDoesNotThrow(AssertDoesNotThrow.java:37)
	at org.junit.jupiter.api.Assertions.assertDoesNotThrow(Assertions.java:3060)
	at com.viettelsoftware.firstspringboot.scheduler.KeycloakUserSyncCronjobTest.testSyncKeycloakUsersHandledGracefullyWhenServerDown(KeycloakUserSyncCronjobTest.java:33)
	at java.base/jdk.internal.reflect.NativeMethodAccessorImpl.invoke0(Native Method)
	at java.base/jdk.internal.reflect.NativeMethodAccessorImpl.invoke(NativeMethodAccessorImpl.java:62)
	at java.base/jdk.internal.reflect.DelegatingMethodAccessorImpl.invoke(DelegatingMethodAccessorImpl.java:43)
	at java.base/java.lang.reflect.Method.invoke(Method.java:566)
	at org.junit.platform.commons.util.ReflectionUtils.invokeMethod(ReflectionUtils.java:688)
	at org.junit.jupiter.engine.execution.MethodInvocation.proceed(MethodInvocation.java:60)
	at org.junit.jupiter.engine.execution.InvocationInterceptorChain$ValidatingInvocation.proceed(InvocationInterceptorChain.java:131)
	at org.junit.jupiter.engine.extension.TimeoutExtension.intercept(TimeoutExtension.java:149)
	at org.junit.jupiter.engine.extension.TimeoutExtension.interceptTestableMethod(TimeoutExtension.java:140)
	at org.junit.jupiter.engine.extension.TimeoutExtension.interceptTestMethod(TimeoutExtension.java:84)
	at org.junit.jupiter.engine.execution.ExecutableInvoker$ReflectiveInterceptorCall.lambda$ofVoidMethod$0(ExecutableInvoker.java:115)
	at org.junit.jupiter.engine.execution.ExecutableInvoker.lambda$invoke$0(ExecutableInvoker.java:105)
	at org.junit.jupiter.engine.execution.InvocationInterceptorChain$InterceptedInvocation.proceed(InvocationInterceptorChain.java:106)
	at org.junit.jupiter.engine.execution.InvocationInterceptorChain.proceed(InvocationInterceptorChain.java:64)
	at org.junit.jupiter.engine.execution.InvocationInterceptorChain.chainAndInvoke(InvocationInterceptorChain.java:45)
	at org.junit.jupiter.engine.execution.InvocationInterceptorChain.invoke(InvocationInterceptorChain.java:37)
	at org.junit.jupiter.engine.execution.ExecutableInvoker.invoke(ExecutableInvoker.java:104)
	at org.junit.jupiter.engine.execution.ExecutableInvoker.invoke(ExecutableInvoker.java:98)
	at org.junit.jupiter.engine.descriptor.TestMethodTestDescriptor.lambda$invokeTestMethod$6(TestMethodTestDescriptor.java:210)
	at org.junit.platform.engine.support.hierarchical.ThrowableCollector.execute(ThrowableCollector.java:73)
	at org.junit.jupiter.engine.descriptor.TestMethodTestDescriptor.invokeTestMethod(TestMethodTestDescriptor.java:206)
	at org.junit.jupiter.engine.descriptor.TestMethodTestDescriptor.execute(TestMethodTestDescriptor.java:131)
	at org.junit.jupiter.engine.descriptor.TestMethodTestDescriptor.execute(TestMethodTestDescriptor.java:65)
	at org.junit.platform.engine.support.hierarchical.NodeTestTask.lambda$executeRecursively$5(NodeTestTask.java:139)
	at org.junit.platform.engine.support.hierarchical.ThrowableCollector.execute(ThrowableCollector.java:73)
	at org.junit.platform.engine.support.hierarchical.NodeTestTask.lambda$executeRecursively$7(NodeTestTask.java:129)
	at org.junit.platform.engine.support.hierarchical.Node.around(Node.java:137)
	at org.junit.platform.engine.support.hierarchical.NodeTestTask.lambda$executeRecursively$8(NodeTestTask.java:127)
	at org.junit.platform.engine.support.hierarchical.ThrowableCollector.execute(ThrowableCollector.java:73)
	at org.junit.platform.engine.support.hierarchical.NodeTestTask.executeRecursively(NodeTestTask.java:126)
	at org.junit.platform.engine.support.hierarchical.NodeTestTask.execute(NodeTestTask.java:84)
	at java.base/java.util.ArrayList.forEach(ArrayList.java:1541)
	at org.junit.platform.engine.support.hierarchical.SameThreadHierarchicalTestExecutorService.invokeAll(SameThreadHierarchicalTestExecutorService.java:38)
	at org.junit.platform.engine.support.hierarchical.NodeTestTask.lambda$executeRecursively$5(NodeTestTask.java:143)
	at org.junit.platform.engine.support.hierarchical.ThrowableCollector.execute(ThrowableCollector.java:73)
	at org.junit.platform.engine.support.hierarchical.NodeTestTask.lambda$executeRecursively$7(NodeTestTask.java:129)
	at org.junit.platform.engine.support.hierarchical.Node.around(Node.java:137)
	at org.junit.platform.engine.support.hierarchical.NodeTestTask.lambda$executeRecursively$8(NodeTestTask.java:127)
	at org.junit.platform.engine.support.hierarchical.ThrowableCollector.execute(ThrowableCollector.java:73)
	at org.junit.platform.engine.support.hierarchical.NodeTestTask.executeRecursively(NodeTestTask.java:126)
	at org.junit.platform.engine.support.hierarchical.NodeTestTask.execute(NodeTestTask.java:84)
	at java.base/java.util.ArrayList.forEach(ArrayList.java:1541)
	at org.junit.platform.engine.support.hierarchical.SameThreadHierarchicalTestExecutorService.invokeAll(SameThreadHierarchicalTestExecutorService.java:38)
	at org.junit.platform.engine.support.hierarchical.NodeTestTask.lambda$executeRecursively$5(NodeTestTask.java:143)
	at org.junit.platform.engine.support.hierarchical.ThrowableCollector.execute(ThrowableCollector.java:73)
	at org.junit.platform.engine.support.hierarchical.NodeTestTask.lambda$executeRecursively$7(NodeTestTask.java:129)
	at org.junit.platform.engine.support.hierarchical.Node.around(Node.java:137)
	at org.junit.platform.engine.support.hierarchical.NodeTestTask.lambda$executeRecursively$8(NodeTestTask.java:127)
	at org.junit.platform.engine.support.hierarchical.ThrowableCollector.execute(ThrowableCollector.java:73)
	at org.junit.platform.engine.support.hierarchical.NodeTestTask.executeRecursively(NodeTestTask.java:126)
	at org.junit.platform.engine.support.hierarchical.NodeTestTask.execute(NodeTestTask.java:84)
	at org.junit.platform.engine.support.hierarchical.SameThreadHierarchicalTestExecutorService.submit(SameThreadHierarchicalTestExecutorService.java:32)
	at org.junit.platform.engine.support.hierarchical.HierarchicalTestExecutor.execute(HierarchicalTestExecutor.java:57)
	at org.junit.platform.engine.support.hierarchical.HierarchicalTestEngine.execute(HierarchicalTestEngine.java:51)
	at org.junit.platform.launcher.core.DefaultLauncher.execute(DefaultLauncher.java:220)
	at org.junit.platform.launcher.core.DefaultLauncher.lambda$execute$6(DefaultLauncher.java:188)
	at org.junit.platform.launcher.core.DefaultLauncher.withInterceptedStreams(DefaultLauncher.java:202)
	at org.junit.platform.launcher.core.DefaultLauncher.execute(DefaultLauncher.java:181)
	at org.junit.platform.launcher.core.DefaultLauncher.execute(DefaultLauncher.java:128)
	at org.apache.maven.surefire.junitplatform.JUnitPlatformProvider.invokeAllTests(JUnitPlatformProvider.java:150)
	at org.apache.maven.surefire.junitplatform.JUnitPlatformProvider.invoke(JUnitPlatformProvider.java:124)
	at org.apache.maven.surefire.booter.ForkedBooter.invokeProviderInSameClassLoader(ForkedBooter.java:384)
	at org.apache.maven.surefire.booter.ForkedBooter.runSuitesInProcess(ForkedBooter.java:345)
	at org.apache.maven.surefire.booter.ForkedBooter.execute(ForkedBooter.java:126)
	at org.apache.maven.surefire.booter.ForkedBooter.main(ForkedBooter.java:418)
Caused by: java.net.ConnectException: Connection refused (Connection refused)
	at java.base/java.net.PlainSocketImpl.socketConnect(Native Method)
	at java.base/java.net.AbstractPlainSocketImpl.doConnect(AbstractPlainSocketImpl.java:412)
	at java.base/java.net.AbstractPlainSocketImpl.connectToAddress(AbstractPlainSocketImpl.java:255)
	at java.base/java.net.AbstractPlainSocketImpl.connect(AbstractPlainSocketImpl.java:237)
	at java.base/java.net.Socket.connect(Socket.java:609)
	at java.base/java.net.Socket.connect(Socket.java:558)
	at java.base/sun.net.NetworkClient.doConnect(NetworkClient.java:182)
	at java.base/sun.net.www.http.HttpClient.openServer(HttpClient.java:509)
	at java.base/sun.net.www.http.HttpClient.openServer(HttpClient.java:604)
	at java.base/sun.net.www.http.HttpClient.<init>(HttpClient.java:279)
	at java.base/sun.net.www.http.HttpClient.New(HttpClient.java:376)
	at java.base/sun.net.www.http.HttpClient.New(HttpClient.java:397)
	at java.base/sun.net.www.protocol.http.HttpURLConnection.getNewHttpClient(HttpURLConnection.java:1270)
	at java.base/sun.net.www.protocol.http.HttpURLConnection.plainConnect0(HttpURLConnection.java:1204)
	at java.base/sun.net.www.protocol.http.HttpURLConnection.plainConnect(HttpURLConnection.java:1098)
	at java.base/sun.net.www.protocol.http.HttpURLConnection.connect(HttpURLConnection.java:1032)
	at org.springframework.http.client.SimpleBufferingClientHttpRequest.executeInternal(SimpleBufferingClientHttpRequest.java:76)
	at org.springframework.http.client.AbstractBufferingClientHttpRequest.executeInternal(AbstractBufferingClientHttpRequest.java:48)
	at org.springframework.http.client.AbstractClientHttpRequest.execute(AbstractClientHttpRequest.java:66)
	at org.springframework.web.client.RestTemplate.doExecute(RestTemplate.java:775)
	... 74 common frames omitted
2026-08-17 15:00:36.626 [SpringContextShutdownHook] INFO  o.s.s.c.ThreadPoolTaskScheduler - Shutting down ExecutorService 'taskScheduler'
2026-08-17 15:00:36.627 [SpringContextShutdownHook] INFO  o.s.s.c.ThreadPoolTaskScheduler - Shutting down ExecutorService 'taskScheduler'
2026-08-17 15:00:36.628 [SpringContextShutdownHook] INFO  o.s.s.c.ThreadPoolTaskExecutor - Shutting down ExecutorService 'applicationTaskExecutor'
2026-08-17 15:00:36.628 [SpringContextShutdownHook] INFO  o.s.s.c.ThreadPoolTaskExecutor - Shutting down ExecutorService 'applicationTaskExecutor'
2026-08-17 15:00:36.632 [SpringContextShutdownHook] INFO  o.s.o.j.LocalContainerEntityManagerFactoryBean - Closing JPA EntityManagerFactory for persistence unit 'default'
2026-08-17 15:00:36.632 [SpringContextShutdownHook] INFO  o.s.o.j.LocalContainerEntityManagerFactoryBean - Closing JPA EntityManagerFactory for persistence unit 'default'
2026-08-17 15:00:36.634 [SpringContextShutdownHook] INFO  com.zaxxer.hikari.HikariDataSource - HikariPool-1 - Shutdown initiated...
2026-08-17 15:00:36.634 [SpringContextShutdownHook] INFO  com.zaxxer.hikari.HikariDataSource - HikariPool-2 - Shutdown initiated...
2026-08-17 15:00:36.637 [SpringContextShutdownHook] INFO  com.zaxxer.hikari.HikariDataSource - HikariPool-2 - Shutdown completed.
2026-08-17 15:00:36.638 [SpringContextShutdownHook] INFO  com.zaxxer.hikari.HikariDataSource - HikariPool-1 - Shutdown completed.
2026-08-17 15:01:07.608 [main] INFO  c.v.f.FirstspringbootApplicationTests - Starting FirstspringbootApplicationTests using Java 11.0.32 on lenovo-legion-16iah7h-PF3XJ8SP with PID 356445 (started by ayin in /home/ayin/projs/firstspringboot)
2026-08-17 15:01:07.609 [main] INFO  c.v.f.FirstspringbootApplicationTests - No active profile set, falling back to default profiles: default
2026-08-17 15:01:08.260 [main] INFO  o.s.d.r.c.RepositoryConfigurationDelegate - Bootstrapping Spring Data JPA repositories in DEFAULT mode.
2026-08-17 15:01:08.298 [main] INFO  o.s.d.r.c.RepositoryConfigurationDelegate - Finished Spring Data repository scanning in 33 ms. Found 3 JPA repository interfaces.
2026-08-17 15:01:08.612 [main] INFO  o.s.c.s.PostProcessorRegistrationDelegate$BeanPostProcessorChecker - Bean 'org.springframework.security.access.expression.method.DefaultMethodSecurityExpressionHandler@6ba0dcba' of type [org.springframework.security.access.expression.method.DefaultMethodSecurityExpressionHandler] is not eligible for getting processed by all BeanPostProcessors (for example: not eligible for auto-proxying)
2026-08-17 15:01:08.622 [main] INFO  o.s.c.s.PostProcessorRegistrationDelegate$BeanPostProcessorChecker - Bean 'methodSecurityMetadataSource' of type [org.springframework.security.access.method.DelegatingMethodSecurityMetadataSource] is not eligible for getting processed by all BeanPostProcessors (for example: not eligible for auto-proxying)
2026-08-17 15:01:08.743 [main] INFO  com.zaxxer.hikari.HikariDataSource - HikariPool-1 - Starting...
2026-08-17 15:01:08.812 [main] INFO  com.zaxxer.hikari.HikariDataSource - HikariPool-1 - Start completed.
2026-08-17 15:01:09.260 [main] INFO  liquibase.changelog - Reading from firstspringboot.DATABASECHANGELOG
2026-08-17 15:01:09.311 [main] INFO  liquibase.ui - Database is up to date, no changesets to execute
2026-08-17 15:01:09.312 [main] INFO  liquibase.changelog - Reading from firstspringboot.DATABASECHANGELOG
2026-08-17 15:01:09.320 [main] INFO  liquibase.util - UPDATE SUMMARY
2026-08-17 15:01:09.320 [main] INFO  liquibase.util - Run:                          0
2026-08-17 15:01:09.320 [main] INFO  liquibase.util - Previously run:               3
2026-08-17 15:01:09.320 [main] INFO  liquibase.util - Filtered out:                 0
2026-08-17 15:01:09.320 [main] INFO  liquibase.util - -------------------------------
2026-08-17 15:01:09.320 [main] INFO  liquibase.util - Total change sets:            3
2026-08-17 15:01:09.320 [main] INFO  liquibase.util - Update summary generated
2026-08-17 15:01:09.321 [main] INFO  liquibase.command - Command execution complete
2026-08-17 15:01:10.606 [main] INFO  o.h.jpa.internal.util.LogHelper - HHH000204: Processing PersistenceUnitInfo [name: default]
2026-08-17 15:01:10.661 [main] INFO  org.hibernate.Version - HHH000412: Hibernate ORM core version 5.4.25.Final
2026-08-17 15:01:10.697 [main] INFO  o.h.annotations.common.Version - HCANN000001: Hibernate Commons Annotations {5.1.2.Final}
2026-08-17 15:01:10.802 [main] INFO  org.hibernate.dialect.Dialect - HHH000400: Using dialect: org.hibernate.dialect.MariaDB53Dialect
2026-08-17 15:01:11.029 [main] INFO  o.h.e.t.j.p.i.JtaPlatformInitiator - HHH000490: Using JtaPlatform implementation: [org.hibernate.engine.transaction.jta.platform.internal.NoJtaPlatform]
2026-08-17 15:01:11.034 [main] INFO  o.s.o.j.LocalContainerEntityManagerFactoryBean - Initialized JPA EntityManagerFactory for persistence unit 'default'
2026-08-17 15:01:11.079 [main] WARN  o.s.b.a.o.j.JpaBaseConfiguration$JpaWebConfiguration - spring.jpa.open-in-view is enabled by default. Therefore, database queries may be performed during view rendering. Explicitly configure spring.jpa.open-in-view to disable this warning
2026-08-17 15:01:11.974 [main] INFO  o.s.s.web.DefaultSecurityFilterChain - Will secure any request with [org.springframework.security.web.context.request.async.WebAsyncManagerIntegrationFilter@78c0fad6, org.springframework.security.web.context.SecurityContextPersistenceFilter@7ec416a0, org.springframework.security.web.header.HeaderWriterFilter@737652a9, org.springframework.security.web.csrf.CsrfFilter@4f283b8f, org.springframework.security.web.authentication.logout.LogoutFilter@60b90fd3, org.springframework.security.oauth2.server.resource.web.BearerTokenAuthenticationFilter@5e324000, org.springframework.security.web.savedrequest.RequestCacheAwareFilter@491cceb4, org.springframework.security.web.servletapi.SecurityContextHolderAwareRequestFilter@17b3b021, org.springframework.security.web.authentication.AnonymousAuthenticationFilter@3c42dc9f, org.springframework.security.web.session.SessionManagementFilter@746fda68, org.springframework.security.web.access.ExceptionTranslationFilter@3776c917, org.springframework.security.web.access.intercept.FilterSecurityInterceptor@21707a18]
2026-08-17 15:01:12.223 [main] INFO  o.s.s.c.ThreadPoolTaskExecutor - Initializing ExecutorService 'applicationTaskExecutor'
2026-08-17 15:01:12.581 [main] INFO  o.s.s.c.ThreadPoolTaskScheduler - Initializing ExecutorService 'taskScheduler'
2026-08-17 15:01:12.600 [main] INFO  o.s.b.a.e.web.EndpointLinksResolver - Exposing 1 endpoint(s) beneath base path '/actuator'
2026-08-17 15:01:12.645 [main] INFO  c.v.f.FirstspringbootApplicationTests - Started FirstspringbootApplicationTests in 5.228 seconds (JVM running for 7.088)
2026-08-17 15:01:12.689 [main] INFO  c.v.f.s.KeycloakUserSyncCronjob - Starting Keycloak user synchronization...
2026-08-17 15:01:12.741 [main] INFO  c.v.f.aspect.LoggingAspect - [[BEFORE]] [2026-08-17T08:01:12.741458Z] method: UserServiceImpl.createUser(..), params: [com.viettelsoftware.firstspringboot.entity.User@5da1f9b9]
2026-08-17 15:01:12.906 [main] INFO  c.v.f.aspect.LoggingAspect - [[BEFORE]] [2026-08-17T08:01:12.906447Z] method: AuditServiceImpl.audit(..), params: [com.viettelsoftware.firstspringboot.entity.AuditEvent@4e8c139a]
2026-08-17 15:01:12.910 [main] INFO  c.v.f.aspect.LoggingAspect - [[BEFORE]] [2026-08-17T08:01:12.910801Z] method: AuthServiceImpl.getCurrentUser(), params: []
2026-08-17 15:01:12.914 [main] INFO  c.v.f.aspect.LoggingAspect - [[AFTER]] [2026-08-17T08:01:12.914252Z] method: AuthServiceImpl.getCurrentUser(), params: []
2026-08-17 15:01:12.946 [main] INFO  c.v.f.aspect.LoggingAspect - [[AFTER]] [2026-08-17T08:01:12.946300Z] method: AuditServiceImpl.audit(..), params: [com.viettelsoftware.firstspringboot.entity.AuditEvent@4e8c139a]
2026-08-17 15:01:12.946 [main] INFO  c.v.f.aspect.LoggingAspect - [[AFTER]] [2026-08-17T08:01:12.946433Z] method: UserServiceImpl.createUser(..), params: [com.viettelsoftware.firstspringboot.entity.User@5da1f9b9]
2026-08-17 15:01:12.946 [main] INFO  c.v.f.aspect.LoggingAspect - [[BEFORE]] [2026-08-17T08:01:12.946509Z] method: UserServiceImpl.createUser(..), params: [com.viettelsoftware.firstspringboot.entity.User@74d926a0]
2026-08-17 15:01:12.981 [main] INFO  c.v.f.aspect.LoggingAspect - [[BEFORE]] [2026-08-17T08:01:12.981740Z] method: AuditServiceImpl.audit(..), params: [com.viettelsoftware.firstspringboot.entity.AuditEvent@7721408]
2026-08-17 15:01:12.981 [main] INFO  c.v.f.aspect.LoggingAspect - [[BEFORE]] [2026-08-17T08:01:12.981823Z] method: AuthServiceImpl.getCurrentUser(), params: []
2026-08-17 15:01:12.981 [main] INFO  c.v.f.aspect.LoggingAspect - [[AFTER]] [2026-08-17T08:01:12.981850Z] method: AuthServiceImpl.getCurrentUser(), params: []
2026-08-17 15:01:13.015 [main] INFO  c.v.f.aspect.LoggingAspect - [[AFTER]] [2026-08-17T08:01:13.015599Z] method: AuditServiceImpl.audit(..), params: [com.viettelsoftware.firstspringboot.entity.AuditEvent@7721408]
2026-08-17 15:01:13.015 [main] INFO  c.v.f.aspect.LoggingAspect - [[AFTER]] [2026-08-17T08:01:13.015687Z] method: UserServiceImpl.createUser(..), params: [com.viettelsoftware.firstspringboot.entity.User@74d926a0]
2026-08-17 15:01:13.015 [main] INFO  c.v.f.s.KeycloakUserSyncCronjob - Keycloak user synchronization completed successfully. Synced 2 users.
2026-08-17 15:01:13.077 [main] INFO  o.s.b.t.c.SpringBootTestContextBootstrapper - Neither @ContextConfiguration nor @ContextHierarchy found for test class [com.viettelsoftware.firstspringboot.EndToEndIntegrationTest], using SpringBootContextLoader
2026-08-17 15:01:13.078 [main] INFO  o.s.t.c.s.AbstractContextLoader - Could not detect default resource locations for test class [com.viettelsoftware.firstspringboot.EndToEndIntegrationTest]: no resource found for suffixes {-context.xml, Context.groovy}.
2026-08-17 15:01:13.078 [main] INFO  o.s.t.c.s.AnnotationConfigContextLoaderUtils - Could not detect default configuration classes for test class [com.viettelsoftware.firstspringboot.EndToEndIntegrationTest]: EndToEndIntegrationTest does not declare any static, non-private, non-final, nested classes annotated with @Configuration.
2026-08-17 15:01:13.082 [main] INFO  o.s.b.t.c.SpringBootTestContextBootstrapper - Found @SpringBootConfiguration com.viettelsoftware.firstspringboot.FirstspringbootApplication for test class com.viettelsoftware.firstspringboot.EndToEndIntegrationTest
2026-08-17 15:01:13.083 [main] INFO  o.s.b.t.c.SpringBootTestContextBootstrapper - Loaded default TestExecutionListener class names from location [META-INF/spring.factories]: [org.springframework.boot.test.mock.mockito.MockitoTestExecutionListener, org.springframework.boot.test.mock.mockito.ResetMocksTestExecutionListener, org.springframework.boot.test.autoconfigure.restdocs.RestDocsTestExecutionListener, org.springframework.boot.test.autoconfigure.web.client.MockRestServiceServerResetTestExecutionListener, org.springframework.boot.test.autoconfigure.web.servlet.MockMvcPrintOnlyOnFailureTestExecutionListener, org.springframework.boot.test.autoconfigure.web.servlet.WebDriverTestExecutionListener, org.springframework.boot.test.autoconfigure.webservices.client.MockWebServiceServerTestExecutionListener, org.springframework.test.context.web.ServletTestExecutionListener, org.springframework.test.context.support.DirtiesContextBeforeModesTestExecutionListener, org.springframework.test.context.support.DependencyInjectionTestExecutionListener, org.springframework.test.context.support.DirtiesContextTestExecutionListener, org.springframework.test.context.transaction.TransactionalTestExecutionListener, org.springframework.test.context.jdbc.SqlScriptsTestExecutionListener, org.springframework.test.context.event.EventPublishingTestExecutionListener, org.springframework.security.test.context.support.WithSecurityContextTestExecutionListener, org.springframework.security.test.context.support.ReactorContextTestExecutionListener]
2026-08-17 15:01:13.084 [main] INFO  o.s.b.t.c.SpringBootTestContextBootstrapper - Using TestExecutionListeners: [org.springframework.test.context.web.ServletTestExecutionListener@37a53e65, org.springframework.test.context.support.DirtiesContextBeforeModesTestExecutionListener@69b9ea1d, org.springframework.boot.test.mock.mockito.MockitoTestExecutionListener@7b6b3ed6, org.springframework.boot.test.autoconfigure.SpringBootDependencyInjectionTestExecutionListener@762cfcc1, org.springframework.test.context.support.DirtiesContextTestExecutionListener@68e4b277, org.springframework.test.context.transaction.TransactionalTestExecutionListener@4eab4474, org.springframework.test.context.jdbc.SqlScriptsTestExecutionListener@6c945ef9, org.springframework.test.context.event.EventPublishingTestExecutionListener@7d4f7d5e, org.springframework.security.test.context.support.WithSecurityContextTestExecutionListener@30f51f8a, org.springframework.security.test.context.support.ReactorContextTestExecutionListener@24697504, org.springframework.boot.test.mock.mockito.ResetMocksTestExecutionListener@6a4484e6, org.springframework.boot.test.autoconfigure.restdocs.RestDocsTestExecutionListener@6c67a17d, org.springframework.boot.test.autoconfigure.web.client.MockRestServiceServerResetTestExecutionListener@74f6fa34, org.springframework.boot.test.autoconfigure.web.servlet.MockMvcPrintOnlyOnFailureTestExecutionListener@1b5860fb, org.springframework.boot.test.autoconfigure.web.servlet.WebDriverTestExecutionListener@5575b4c2, org.springframework.boot.test.autoconfigure.webservices.client.MockWebServiceServerTestExecutionListener@4c89b58]
2026-08-17 15:01:13.095 [main] INFO  c.v.f.EndToEndIntegrationTest - Starting EndToEndIntegrationTest using Java 11.0.32 on lenovo-legion-16iah7h-PF3XJ8SP with PID 356445 (started by ayin in /home/ayin/projs/firstspringboot)
2026-08-17 15:01:13.096 [main] INFO  c.v.f.EndToEndIntegrationTest - No active profile set, falling back to default profiles: default
2026-08-17 15:01:13.226 [main] INFO  o.s.d.r.c.RepositoryConfigurationDelegate - Bootstrapping Spring Data JPA repositories in DEFAULT mode.
2026-08-17 15:01:13.233 [main] INFO  o.s.d.r.c.RepositoryConfigurationDelegate - Finished Spring Data repository scanning in 6 ms. Found 3 JPA repository interfaces.
2026-08-17 15:01:13.290 [main] INFO  o.s.c.s.PostProcessorRegistrationDelegate$BeanPostProcessorChecker - Bean 'org.springframework.security.access.expression.method.DefaultMethodSecurityExpressionHandler@6e9c118f' of type [org.springframework.security.access.expression.method.DefaultMethodSecurityExpressionHandler] is not eligible for getting processed by all BeanPostProcessors (for example: not eligible for auto-proxying)
2026-08-17 15:01:13.293 [main] INFO  o.s.c.s.PostProcessorRegistrationDelegate$BeanPostProcessorChecker - Bean 'methodSecurityMetadataSource' of type [org.springframework.security.access.method.DelegatingMethodSecurityMetadataSource] is not eligible for getting processed by all BeanPostProcessors (for example: not eligible for auto-proxying)
2026-08-17 15:01:13.319 [main] INFO  com.zaxxer.hikari.HikariDataSource - HikariPool-2 - Starting...
2026-08-17 15:01:13.320 [main] INFO  com.zaxxer.hikari.HikariDataSource - HikariPool-2 - Start completed.
2026-08-17 15:01:13.353 [main] INFO  liquibase.changelog - Reading from firstspringboot.DATABASECHANGELOG
2026-08-17 15:01:13.375 [main] INFO  liquibase.ui - Database is up to date, no changesets to execute
2026-08-17 15:01:13.376 [main] INFO  liquibase.util - UPDATE SUMMARY
2026-08-17 15:01:13.376 [main] INFO  liquibase.util - Run:                          0
2026-08-17 15:01:13.376 [main] INFO  liquibase.util - Previously run:               3
2026-08-17 15:01:13.376 [main] INFO  liquibase.util - Filtered out:                 0
2026-08-17 15:01:13.376 [main] INFO  liquibase.util - -------------------------------
2026-08-17 15:01:13.376 [main] INFO  liquibase.util - Total change sets:            3
2026-08-17 15:01:13.376 [main] INFO  liquibase.util - Update summary generated
2026-08-17 15:01:13.376 [main] INFO  liquibase.command - Command execution complete
2026-08-17 15:01:13.392 [main] INFO  o.h.jpa.internal.util.LogHelper - HHH000204: Processing PersistenceUnitInfo [name: default]
2026-08-17 15:01:13.395 [main] INFO  org.hibernate.dialect.Dialect - HHH000400: Using dialect: org.hibernate.dialect.MariaDB53Dialect
2026-08-17 15:01:13.417 [main] INFO  o.h.e.t.j.p.i.JtaPlatformInitiator - HHH000490: Using JtaPlatform implementation: [org.hibernate.engine.transaction.jta.platform.internal.NoJtaPlatform]
2026-08-17 15:01:13.417 [main] INFO  o.s.o.j.LocalContainerEntityManagerFactoryBean - Initialized JPA EntityManagerFactory for persistence unit 'default'
2026-08-17 15:01:13.439 [main] WARN  o.s.b.a.o.j.JpaBaseConfiguration$JpaWebConfiguration - spring.jpa.open-in-view is enabled by default. Therefore, database queries may be performed during view rendering. Explicitly configure spring.jpa.open-in-view to disable this warning
2026-08-17 15:01:13.635 [main] INFO  o.s.s.web.DefaultSecurityFilterChain - Will secure any request with [org.springframework.security.web.context.request.async.WebAsyncManagerIntegrationFilter@2b7e07e0, org.springframework.security.web.context.SecurityContextPersistenceFilter@6ef99da8, org.springframework.security.web.header.HeaderWriterFilter@6271a097, org.springframework.security.web.csrf.CsrfFilter@5308b244, org.springframework.security.web.authentication.logout.LogoutFilter@4907b755, org.springframework.security.oauth2.server.resource.web.BearerTokenAuthenticationFilter@7a9c91e7, org.springframework.security.web.savedrequest.RequestCacheAwareFilter@12a96a6e, org.springframework.security.web.servletapi.SecurityContextHolderAwareRequestFilter@18e8003a, org.springframework.security.web.authentication.AnonymousAuthenticationFilter@37717b97, org.springframework.security.web.session.SessionManagementFilter@2dda3edf, org.springframework.security.web.access.ExceptionTranslationFilter@26d38b98, org.springframework.security.web.access.intercept.FilterSecurityInterceptor@6b89cbc0]
2026-08-17 15:01:13.691 [main] INFO  o.s.s.c.ThreadPoolTaskExecutor - Initializing ExecutorService 'applicationTaskExecutor'
2026-08-17 15:01:13.821 [main] INFO  o.s.s.c.ThreadPoolTaskScheduler - Initializing ExecutorService 'taskScheduler'
2026-08-17 15:01:13.860 [main] INFO  o.s.b.t.m.w.SpringBootMockServletContext - Initializing Spring TestDispatcherServlet ''
2026-08-17 15:01:13.860 [main] INFO  o.s.t.w.s.TestDispatcherServlet - Initializing Servlet ''
2026-08-17 15:01:13.865 [main] INFO  o.s.b.a.e.web.EndpointLinksResolver - Exposing 1 endpoint(s) beneath base path '/actuator'
2026-08-17 15:01:13.879 [main] INFO  o.s.t.w.s.TestDispatcherServlet - Completed initialization in 19 ms
2026-08-17 15:01:13.892 [main] INFO  c.v.f.EndToEndIntegrationTest - Started EndToEndIntegrationTest in 0.807 seconds (JVM running for 8.335)
2026-08-17 15:01:13.893 [main] INFO  c.v.f.s.KeycloakUserSyncCronjob - Starting Keycloak user synchronization...
2026-08-17 15:01:13.935 [main] INFO  c.v.f.aspect.LoggingAspect - [[BEFORE]] [2026-08-17T08:01:13.935715Z] method: UserServiceImpl.createUser(..), params: [com.viettelsoftware.firstspringboot.entity.User@4f1dd46b]
2026-08-17 15:01:13.972 [main] INFO  c.v.f.aspect.LoggingAspect - [[BEFORE]] [2026-08-17T08:01:13.972145Z] method: AuditServiceImpl.audit(..), params: [com.viettelsoftware.firstspringboot.entity.AuditEvent@2e51e263]
2026-08-17 15:01:13.972 [main] INFO  c.v.f.aspect.LoggingAspect - [[BEFORE]] [2026-08-17T08:01:13.972273Z] method: AuthServiceImpl.getCurrentUser(), params: []
2026-08-17 15:01:13.972 [main] INFO  c.v.f.aspect.LoggingAspect - [[AFTER]] [2026-08-17T08:01:13.972323Z] method: AuthServiceImpl.getCurrentUser(), params: []
2026-08-17 15:01:13.990 [main] INFO  c.v.f.aspect.LoggingAspect - [[AFTER]] [2026-08-17T08:01:13.990636Z] method: AuditServiceImpl.audit(..), params: [com.viettelsoftware.firstspringboot.entity.AuditEvent@2e51e263]
2026-08-17 15:01:13.990 [main] INFO  c.v.f.aspect.LoggingAspect - [[AFTER]] [2026-08-17T08:01:13.990737Z] method: UserServiceImpl.createUser(..), params: [com.viettelsoftware.firstspringboot.entity.User@4f1dd46b]
2026-08-17 15:01:13.990 [main] INFO  c.v.f.aspect.LoggingAspect - [[BEFORE]] [2026-08-17T08:01:13.990799Z] method: UserServiceImpl.createUser(..), params: [com.viettelsoftware.firstspringboot.entity.User@3c6f363]
2026-08-17 15:01:14.023 [main] INFO  c.v.f.aspect.LoggingAspect - [[BEFORE]] [2026-08-17T08:01:14.023376Z] method: AuditServiceImpl.audit(..), params: [com.viettelsoftware.firstspringboot.entity.AuditEvent@7d4a95d4]
2026-08-17 15:01:14.023 [main] INFO  c.v.f.aspect.LoggingAspect - [[BEFORE]] [2026-08-17T08:01:14.023455Z] method: AuthServiceImpl.getCurrentUser(), params: []
2026-08-17 15:01:14.023 [main] INFO  c.v.f.aspect.LoggingAspect - [[AFTER]] [2026-08-17T08:01:14.023480Z] method: AuthServiceImpl.getCurrentUser(), params: []
2026-08-17 15:01:14.035 [main] INFO  c.v.f.aspect.LoggingAspect - [[AFTER]] [2026-08-17T08:01:14.035840Z] method: AuditServiceImpl.audit(..), params: [com.viettelsoftware.firstspringboot.entity.AuditEvent@7d4a95d4]
2026-08-17 15:01:14.035 [main] INFO  c.v.f.aspect.LoggingAspect - [[AFTER]] [2026-08-17T08:01:14.035926Z] method: UserServiceImpl.createUser(..), params: [com.viettelsoftware.firstspringboot.entity.User@3c6f363]
2026-08-17 15:01:14.035 [main] INFO  c.v.f.s.KeycloakUserSyncCronjob - Keycloak user synchronization completed successfully. Synced 2 users.
2026-08-17 15:01:14.068 [main] INFO  c.v.f.aspect.LoggingAspect - [[BEFORE]] [2026-08-17T08:01:14.068822Z] method: TaskController.getTasks(), params: []
2026-08-17 15:01:14.071 [main] INFO  c.v.f.aspect.LoggingAspect - [[BEFORE]] [2026-08-17T08:01:14.071811Z] method: TaskServiceImpl.getTasks(), params: []
2026-08-17 15:01:14.079 [main] INFO  c.v.f.aspect.LoggingAspect - [[AFTER]] [2026-08-17T08:01:14.079683Z] method: TaskServiceImpl.getTasks(), params: []
2026-08-17 15:01:14.079 [main] INFO  c.v.f.aspect.LoggingAspect - [[AFTER]] [2026-08-17T08:01:14.079770Z] method: TaskController.getTasks(), params: []
2026-08-17 15:01:14.105 [main] INFO  c.v.f.aspect.LoggingAspect - [[BEFORE]] [2026-08-17T08:01:14.104986Z] method: TaskController.exportTasks(), params: []
2026-08-17 15:01:14.105 [main] INFO  c.v.f.aspect.LoggingAspect - [[BEFORE]] [2026-08-17T08:01:14.105439Z] method: TaskExportServiceImpl.exportTasks(), params: []
2026-08-17 15:01:14.108 [main] INFO  c.v.f.aspect.LoggingAspect - [[BEFORE]] [2026-08-17T08:01:14.108120Z] method: TaskServiceImpl.getTasks(), params: []
2026-08-17 15:01:14.110 [main] INFO  c.v.f.aspect.LoggingAspect - [[AFTER]] [2026-08-17T08:01:14.110100Z] method: TaskServiceImpl.getTasks(), params: []
2026-08-17 15:01:14.110 [main] INFO  org.jxls.util.TransformerFactory - Loading transformer by class org.jxls.transform.poi.PoiTransformer
2026-08-17 15:01:14.129 [main] INFO  c.v.f.aspect.LoggingAspect - [[AFTER]] [2026-08-17T08:01:14.129299Z] method: TaskExportServiceImpl.exportTasks(), params: []
2026-08-17 15:01:14.129 [main] INFO  c.v.f.aspect.LoggingAspect - [[AFTER]] [2026-08-17T08:01:14.129775Z] method: TaskController.exportTasks(), params: []
2026-08-17 15:01:14.173 [main] WARN  o.s.w.s.m.s.DefaultHandlerExceptionResolver - Resolved [org.springframework.web.bind.MethodArgumentNotValidException: Validation failed for argument [0] in public com.viettelsoftware.firstspringboot.entity.Task com.viettelsoftware.firstspringboot.controller.TaskController.createTask(com.viettelsoftware.firstspringboot.dto.CreateTaskRequest): [Field error in object 'createTaskRequest' on field 'description': rejected value [ Invalid Description ]; codes [ValidTaskDescription.createTaskRequest.description,ValidTaskDescription.description,ValidTaskDescription.java.lang.String,ValidTaskDescription]; arguments [org.springframework.context.support.DefaultMessageSourceResolvable: codes [createTaskRequest.description,description]; arguments []; default message [description]]; default message [Invalid task description (must be `@NotBlank + @Size(max = 255) + @Pattern(regexp = "^\S(?:.*\S)?$")`)]] ]
2026-08-17 15:01:14.179 [main] INFO  c.v.f.aspect.LoggingAspect - [[BEFORE]] [2026-08-17T08:01:14.179544Z] method: UserController.profile(), params: []
2026-08-17 15:01:14.181 [main] INFO  c.v.f.aspect.LoggingAspect - [[BEFORE]] [2026-08-17T08:01:14.181413Z] method: AuthServiceImpl.getCurrentUser(), params: []
2026-08-17 15:01:14.181 [main] INFO  c.v.f.aspect.LoggingAspect - [[AFTER]] [2026-08-17T08:01:14.181504Z] method: AuthServiceImpl.getCurrentUser(), params: []
2026-08-17 15:01:14.181 [main] INFO  c.v.f.aspect.LoggingAspect - [[AFTER]] [2026-08-17T08:01:14.181785Z] method: UserController.profile(), params: []
2026-08-17 15:01:14.201 [main] INFO  c.v.f.aspect.LoggingAspect - [[BEFORE]] [2026-08-17T08:01:14.201595Z] method: UserController.createUser(..), params: [com.viettelsoftware.firstspringboot.dto.CreateUserRequest@4c9a3ae]
2026-08-17 15:01:14.201 [main] INFO  c.v.f.aspect.LoggingAspect - [[BEFORE]] [2026-08-17T08:01:14.201723Z] method: UserServiceImpl.createUser(..), params: [com.viettelsoftware.firstspringboot.entity.User@5b54fe5b]
2026-08-17 15:01:14.235 [main] INFO  c.v.f.aspect.LoggingAspect - [[BEFORE]] [2026-08-17T08:01:14.235911Z] method: AuditServiceImpl.audit(..), params: [com.viettelsoftware.firstspringboot.entity.AuditEvent@18809db8]
2026-08-17 15:01:14.235 [main] INFO  c.v.f.aspect.LoggingAspect - [[BEFORE]] [2026-08-17T08:01:14.235991Z] method: AuthServiceImpl.getCurrentUser(), params: []
2026-08-17 15:01:14.236 [main] INFO  c.v.f.aspect.LoggingAspect - [[AFTER]] [2026-08-17T08:01:14.236035Z] method: AuthServiceImpl.getCurrentUser(), params: []
2026-08-17 15:01:14.252 [main] INFO  c.v.f.aspect.LoggingAspect - [[AFTER]] [2026-08-17T08:01:14.252667Z] method: AuditServiceImpl.audit(..), params: [com.viettelsoftware.firstspringboot.entity.AuditEvent@18809db8]
2026-08-17 15:01:14.252 [main] INFO  c.v.f.aspect.LoggingAspect - [[AFTER]] [2026-08-17T08:01:14.252751Z] method: UserServiceImpl.createUser(..), params: [com.viettelsoftware.firstspringboot.entity.User@5b54fe5b]
2026-08-17 15:01:14.252 [main] INFO  c.v.f.aspect.LoggingAspect - [[AFTER]] [2026-08-17T08:01:14.252773Z] method: UserController.createUser(..), params: [com.viettelsoftware.firstspringboot.dto.CreateUserRequest@4c9a3ae]
2026-08-17 15:01:14.255 [main] INFO  c.v.f.aspect.LoggingAspect - [[BEFORE]] [2026-08-17T08:01:14.255806Z] method: UserController.getUsers(), params: []
2026-08-17 15:01:14.255 [main] INFO  c.v.f.aspect.LoggingAspect - [[BEFORE]] [2026-08-17T08:01:14.255923Z] method: UserServiceImpl.getUsers(), params: []
2026-08-17 15:01:14.259 [main] INFO  c.v.f.aspect.LoggingAspect - [[AFTER]] [2026-08-17T08:01:14.259119Z] method: UserServiceImpl.getUsers(), params: []
2026-08-17 15:01:14.259 [main] INFO  c.v.f.aspect.LoggingAspect - [[AFTER]] [2026-08-17T08:01:14.259189Z] method: UserController.getUsers(), params: []
2026-08-17 15:01:14.260 [main] INFO  c.v.f.aspect.LoggingAspect - [[BEFORE]] [2026-08-17T08:01:14.260948Z] method: UserController.exportUsers(), params: []
2026-08-17 15:01:14.261 [main] INFO  c.v.f.aspect.LoggingAspect - [[BEFORE]] [2026-08-17T08:01:14.261056Z] method: UserExportServiceImpl.exportUsers(), params: []
2026-08-17 15:01:14.262 [main] INFO  c.v.f.aspect.LoggingAspect - [[BEFORE]] [2026-08-17T08:01:14.262592Z] method: UserServiceImpl.getUsers(), params: []
2026-08-17 15:01:14.264 [main] INFO  c.v.f.aspect.LoggingAspect - [[AFTER]] [2026-08-17T08:01:14.264603Z] method: UserServiceImpl.getUsers(), params: []
2026-08-17 15:01:14.264 [main] INFO  org.jxls.util.TransformerFactory - Loading transformer by class org.jxls.transform.poi.PoiTransformer
2026-08-17 15:01:14.285 [main] INFO  c.v.f.aspect.LoggingAspect - [[AFTER]] [2026-08-17T08:01:14.285472Z] method: UserExportServiceImpl.exportUsers(), params: []
2026-08-17 15:01:14.285 [main] INFO  c.v.f.aspect.LoggingAspect - [[AFTER]] [2026-08-17T08:01:14.285698Z] method: UserController.exportUsers(), params: []
2026-08-17 15:01:14.298 [main] INFO  c.v.f.aspect.LoggingAspect - [[BEFORE]] [2026-08-17T08:01:14.298168Z] method: TestService.testMethod(), params: [arg1]
2026-08-17 15:01:14.298 [main] INFO  c.v.f.aspect.LoggingAspect - [[AFTER]] [2026-08-17T08:01:14.298345Z] method: TestService.testMethod(), params: [arg1]
2026-08-17 15:01:14.521 [main] INFO  c.v.f.s.KeycloakUserSyncCronjob - Starting Keycloak user synchronization...
2026-08-17 15:01:14.525 [main] ERROR c.v.f.s.KeycloakUserSyncCronjob - Error occurred while syncing Keycloak users: I/O error on POST request for "http://localhost:9999/realms/master/protocol/openid-connect/token": Connection refused (Connection refused); nested exception is java.net.ConnectException: Connection refused (Connection refused)
org.springframework.web.client.ResourceAccessException: I/O error on POST request for "http://localhost:9999/realms/master/protocol/openid-connect/token": Connection refused (Connection refused); nested exception is java.net.ConnectException: Connection refused (Connection refused)
	at org.springframework.web.client.RestTemplate.doExecute(RestTemplate.java:784)
	at org.springframework.web.client.RestTemplate.execute(RestTemplate.java:710)
	at org.springframework.web.client.RestTemplate.exchange(RestTemplate.java:630)
	at com.viettelsoftware.firstspringboot.scheduler.KeycloakUserSyncCronjob.getAdminAccessToken(KeycloakUserSyncCronjob.java:114)
	at com.viettelsoftware.firstspringboot.scheduler.KeycloakUserSyncCronjob.syncKeycloakUsers(KeycloakUserSyncCronjob.java:56)
	at com.viettelsoftware.firstspringboot.scheduler.KeycloakUserSyncCronjobTest.lambda$testSyncKeycloakUsersHandledGracefullyWhenServerDown$0(KeycloakUserSyncCronjobTest.java:33)
	at org.junit.jupiter.api.AssertDoesNotThrow.assertDoesNotThrow(AssertDoesNotThrow.java:50)
	at org.junit.jupiter.api.AssertDoesNotThrow.assertDoesNotThrow(AssertDoesNotThrow.java:37)
	at org.junit.jupiter.api.Assertions.assertDoesNotThrow(Assertions.java:3060)
	at com.viettelsoftware.firstspringboot.scheduler.KeycloakUserSyncCronjobTest.testSyncKeycloakUsersHandledGracefullyWhenServerDown(KeycloakUserSyncCronjobTest.java:33)
	at java.base/jdk.internal.reflect.NativeMethodAccessorImpl.invoke0(Native Method)
	at java.base/jdk.internal.reflect.NativeMethodAccessorImpl.invoke(NativeMethodAccessorImpl.java:62)
	at java.base/jdk.internal.reflect.DelegatingMethodAccessorImpl.invoke(DelegatingMethodAccessorImpl.java:43)
	at java.base/java.lang.reflect.Method.invoke(Method.java:566)
	at org.junit.platform.commons.util.ReflectionUtils.invokeMethod(ReflectionUtils.java:688)
	at org.junit.jupiter.engine.execution.MethodInvocation.proceed(MethodInvocation.java:60)
	at org.junit.jupiter.engine.execution.InvocationInterceptorChain$ValidatingInvocation.proceed(InvocationInterceptorChain.java:131)
	at org.junit.jupiter.engine.extension.TimeoutExtension.intercept(TimeoutExtension.java:149)
	at org.junit.jupiter.engine.extension.TimeoutExtension.interceptTestableMethod(TimeoutExtension.java:140)
	at org.junit.jupiter.engine.extension.TimeoutExtension.interceptTestMethod(TimeoutExtension.java:84)
	at org.junit.jupiter.engine.execution.ExecutableInvoker$ReflectiveInterceptorCall.lambda$ofVoidMethod$0(ExecutableInvoker.java:115)
	at org.junit.jupiter.engine.execution.ExecutableInvoker.lambda$invoke$0(ExecutableInvoker.java:105)
	at org.junit.jupiter.engine.execution.InvocationInterceptorChain$InterceptedInvocation.proceed(InvocationInterceptorChain.java:106)
	at org.junit.jupiter.engine.execution.InvocationInterceptorChain.proceed(InvocationInterceptorChain.java:64)
	at org.junit.jupiter.engine.execution.InvocationInterceptorChain.chainAndInvoke(InvocationInterceptorChain.java:45)
	at org.junit.jupiter.engine.execution.InvocationInterceptorChain.invoke(InvocationInterceptorChain.java:37)
	at org.junit.jupiter.engine.execution.ExecutableInvoker.invoke(ExecutableInvoker.java:104)
	at org.junit.jupiter.engine.execution.ExecutableInvoker.invoke(ExecutableInvoker.java:98)
	at org.junit.jupiter.engine.descriptor.TestMethodTestDescriptor.lambda$invokeTestMethod$6(TestMethodTestDescriptor.java:210)
	at org.junit.platform.engine.support.hierarchical.ThrowableCollector.execute(ThrowableCollector.java:73)
	at org.junit.jupiter.engine.descriptor.TestMethodTestDescriptor.invokeTestMethod(TestMethodTestDescriptor.java:206)
	at org.junit.jupiter.engine.descriptor.TestMethodTestDescriptor.execute(TestMethodTestDescriptor.java:131)
	at org.junit.jupiter.engine.descriptor.TestMethodTestDescriptor.execute(TestMethodTestDescriptor.java:65)
	at org.junit.platform.engine.support.hierarchical.NodeTestTask.lambda$executeRecursively$5(NodeTestTask.java:139)
	at org.junit.platform.engine.support.hierarchical.ThrowableCollector.execute(ThrowableCollector.java:73)
	at org.junit.platform.engine.support.hierarchical.NodeTestTask.lambda$executeRecursively$7(NodeTestTask.java:129)
	at org.junit.platform.engine.support.hierarchical.Node.around(Node.java:137)
	at org.junit.platform.engine.support.hierarchical.NodeTestTask.lambda$executeRecursively$8(NodeTestTask.java:127)
	at org.junit.platform.engine.support.hierarchical.ThrowableCollector.execute(ThrowableCollector.java:73)
	at org.junit.platform.engine.support.hierarchical.NodeTestTask.executeRecursively(NodeTestTask.java:126)
	at org.junit.platform.engine.support.hierarchical.NodeTestTask.execute(NodeTestTask.java:84)
	at java.base/java.util.ArrayList.forEach(ArrayList.java:1541)
	at org.junit.platform.engine.support.hierarchical.SameThreadHierarchicalTestExecutorService.invokeAll(SameThreadHierarchicalTestExecutorService.java:38)
	at org.junit.platform.engine.support.hierarchical.NodeTestTask.lambda$executeRecursively$5(NodeTestTask.java:143)
	at org.junit.platform.engine.support.hierarchical.ThrowableCollector.execute(ThrowableCollector.java:73)
	at org.junit.platform.engine.support.hierarchical.NodeTestTask.lambda$executeRecursively$7(NodeTestTask.java:129)
	at org.junit.platform.engine.support.hierarchical.Node.around(Node.java:137)
	at org.junit.platform.engine.support.hierarchical.NodeTestTask.lambda$executeRecursively$8(NodeTestTask.java:127)
	at org.junit.platform.engine.support.hierarchical.ThrowableCollector.execute(ThrowableCollector.java:73)
	at org.junit.platform.engine.support.hierarchical.NodeTestTask.executeRecursively(NodeTestTask.java:126)
	at org.junit.platform.engine.support.hierarchical.NodeTestTask.execute(NodeTestTask.java:84)
	at java.base/java.util.ArrayList.forEach(ArrayList.java:1541)
	at org.junit.platform.engine.support.hierarchical.SameThreadHierarchicalTestExecutorService.invokeAll(SameThreadHierarchicalTestExecutorService.java:38)
	at org.junit.platform.engine.support.hierarchical.NodeTestTask.lambda$executeRecursively$5(NodeTestTask.java:143)
	at org.junit.platform.engine.support.hierarchical.ThrowableCollector.execute(ThrowableCollector.java:73)
	at org.junit.platform.engine.support.hierarchical.NodeTestTask.lambda$executeRecursively$7(NodeTestTask.java:129)
	at org.junit.platform.engine.support.hierarchical.Node.around(Node.java:137)
	at org.junit.platform.engine.support.hierarchical.NodeTestTask.lambda$executeRecursively$8(NodeTestTask.java:127)
	at org.junit.platform.engine.support.hierarchical.ThrowableCollector.execute(ThrowableCollector.java:73)
	at org.junit.platform.engine.support.hierarchical.NodeTestTask.executeRecursively(NodeTestTask.java:126)
	at org.junit.platform.engine.support.hierarchical.NodeTestTask.execute(NodeTestTask.java:84)
	at org.junit.platform.engine.support.hierarchical.SameThreadHierarchicalTestExecutorService.submit(SameThreadHierarchicalTestExecutorService.java:32)
	at org.junit.platform.engine.support.hierarchical.HierarchicalTestExecutor.execute(HierarchicalTestExecutor.java:57)
	at org.junit.platform.engine.support.hierarchical.HierarchicalTestEngine.execute(HierarchicalTestEngine.java:51)
	at org.junit.platform.launcher.core.DefaultLauncher.execute(DefaultLauncher.java:220)
	at org.junit.platform.launcher.core.DefaultLauncher.lambda$execute$6(DefaultLauncher.java:188)
	at org.junit.platform.launcher.core.DefaultLauncher.withInterceptedStreams(DefaultLauncher.java:202)
	at org.junit.platform.launcher.core.DefaultLauncher.execute(DefaultLauncher.java:181)
	at org.junit.platform.launcher.core.DefaultLauncher.execute(DefaultLauncher.java:128)
	at org.apache.maven.surefire.junitplatform.JUnitPlatformProvider.invokeAllTests(JUnitPlatformProvider.java:150)
	at org.apache.maven.surefire.junitplatform.JUnitPlatformProvider.invoke(JUnitPlatformProvider.java:124)
	at org.apache.maven.surefire.booter.ForkedBooter.invokeProviderInSameClassLoader(ForkedBooter.java:384)
	at org.apache.maven.surefire.booter.ForkedBooter.runSuitesInProcess(ForkedBooter.java:345)
	at org.apache.maven.surefire.booter.ForkedBooter.execute(ForkedBooter.java:126)
	at org.apache.maven.surefire.booter.ForkedBooter.main(ForkedBooter.java:418)
Caused by: java.net.ConnectException: Connection refused (Connection refused)
	at java.base/java.net.PlainSocketImpl.socketConnect(Native Method)
	at java.base/java.net.AbstractPlainSocketImpl.doConnect(AbstractPlainSocketImpl.java:412)
	at java.base/java.net.AbstractPlainSocketImpl.connectToAddress(AbstractPlainSocketImpl.java:255)
	at java.base/java.net.AbstractPlainSocketImpl.connect(AbstractPlainSocketImpl.java:237)
	at java.base/java.net.Socket.connect(Socket.java:609)
	at java.base/java.net.Socket.connect(Socket.java:558)
	at java.base/sun.net.NetworkClient.doConnect(NetworkClient.java:182)
	at java.base/sun.net.www.http.HttpClient.openServer(HttpClient.java:509)
	at java.base/sun.net.www.http.HttpClient.openServer(HttpClient.java:604)
	at java.base/sun.net.www.http.HttpClient.<init>(HttpClient.java:279)
	at java.base/sun.net.www.http.HttpClient.New(HttpClient.java:376)
	at java.base/sun.net.www.http.HttpClient.New(HttpClient.java:397)
	at java.base/sun.net.www.protocol.http.HttpURLConnection.getNewHttpClient(HttpURLConnection.java:1270)
	at java.base/sun.net.www.protocol.http.HttpURLConnection.plainConnect0(HttpURLConnection.java:1204)
	at java.base/sun.net.www.protocol.http.HttpURLConnection.plainConnect(HttpURLConnection.java:1098)
	at java.base/sun.net.www.protocol.http.HttpURLConnection.connect(HttpURLConnection.java:1032)
	at org.springframework.http.client.SimpleBufferingClientHttpRequest.executeInternal(SimpleBufferingClientHttpRequest.java:76)
	at org.springframework.http.client.AbstractBufferingClientHttpRequest.executeInternal(AbstractBufferingClientHttpRequest.java:48)
	at org.springframework.http.client.AbstractClientHttpRequest.execute(AbstractClientHttpRequest.java:66)
	at org.springframework.web.client.RestTemplate.doExecute(RestTemplate.java:775)
	... 74 common frames omitted
2026-08-17 15:01:14.532 [SpringContextShutdownHook] INFO  o.s.s.c.ThreadPoolTaskScheduler - Shutting down ExecutorService 'taskScheduler'
2026-08-17 15:01:14.532 [SpringContextShutdownHook] INFO  o.s.s.c.ThreadPoolTaskScheduler - Shutting down ExecutorService 'taskScheduler'
2026-08-17 15:01:14.534 [SpringContextShutdownHook] INFO  o.s.s.c.ThreadPoolTaskExecutor - Shutting down ExecutorService 'applicationTaskExecutor'
2026-08-17 15:01:14.534 [SpringContextShutdownHook] INFO  o.s.s.c.ThreadPoolTaskExecutor - Shutting down ExecutorService 'applicationTaskExecutor'
2026-08-17 15:01:14.536 [SpringContextShutdownHook] INFO  o.s.o.j.LocalContainerEntityManagerFactoryBean - Closing JPA EntityManagerFactory for persistence unit 'default'
2026-08-17 15:01:14.536 [SpringContextShutdownHook] INFO  o.s.o.j.LocalContainerEntityManagerFactoryBean - Closing JPA EntityManagerFactory for persistence unit 'default'
2026-08-17 15:01:14.538 [SpringContextShutdownHook] INFO  com.zaxxer.hikari.HikariDataSource - HikariPool-1 - Shutdown initiated...
2026-08-17 15:01:14.538 [SpringContextShutdownHook] INFO  com.zaxxer.hikari.HikariDataSource - HikariPool-2 - Shutdown initiated...
2026-08-17 15:01:14.542 [SpringContextShutdownHook] INFO  com.zaxxer.hikari.HikariDataSource - HikariPool-1 - Shutdown completed.
2026-08-17 15:01:14.542 [SpringContextShutdownHook] INFO  com.zaxxer.hikari.HikariDataSource - HikariPool-2 - Shutdown completed.
2026-08-17 15:02:12.359 [main] INFO  c.v.f.FirstspringbootApplicationTests - Starting FirstspringbootApplicationTests using Java 11.0.32 on lenovo-legion-16iah7h-PF3XJ8SP with PID 357856 (started by ayin in /home/ayin/projs/firstspringboot)
2026-08-17 15:02:12.362 [main] INFO  c.v.f.FirstspringbootApplicationTests - No active profile set, falling back to default profiles: default
2026-08-17 15:02:13.065 [main] INFO  o.s.d.r.c.RepositoryConfigurationDelegate - Bootstrapping Spring Data JPA repositories in DEFAULT mode.
2026-08-17 15:02:13.102 [main] INFO  o.s.d.r.c.RepositoryConfigurationDelegate - Finished Spring Data repository scanning in 31 ms. Found 3 JPA repository interfaces.
2026-08-17 15:02:13.464 [main] INFO  o.s.c.s.PostProcessorRegistrationDelegate$BeanPostProcessorChecker - Bean 'org.springframework.security.access.expression.method.DefaultMethodSecurityExpressionHandler@5b3a8bea' of type [org.springframework.security.access.expression.method.DefaultMethodSecurityExpressionHandler] is not eligible for getting processed by all BeanPostProcessors (for example: not eligible for auto-proxying)
2026-08-17 15:02:13.478 [main] INFO  o.s.c.s.PostProcessorRegistrationDelegate$BeanPostProcessorChecker - Bean 'methodSecurityMetadataSource' of type [org.springframework.security.access.method.DelegatingMethodSecurityMetadataSource] is not eligible for getting processed by all BeanPostProcessors (for example: not eligible for auto-proxying)
2026-08-17 15:02:13.613 [main] INFO  com.zaxxer.hikari.HikariDataSource - HikariPool-1 - Starting...
2026-08-17 15:02:13.671 [main] INFO  com.zaxxer.hikari.HikariDataSource - HikariPool-1 - Start completed.
2026-08-17 15:02:14.103 [main] INFO  liquibase.changelog - Reading from firstspringboot.DATABASECHANGELOG
2026-08-17 15:02:14.153 [main] INFO  liquibase.ui - Database is up to date, no changesets to execute
2026-08-17 15:02:14.155 [main] INFO  liquibase.changelog - Reading from firstspringboot.DATABASECHANGELOG
2026-08-17 15:02:14.162 [main] INFO  liquibase.util - UPDATE SUMMARY
2026-08-17 15:02:14.162 [main] INFO  liquibase.util - Run:                          0
2026-08-17 15:02:14.162 [main] INFO  liquibase.util - Previously run:               3
2026-08-17 15:02:14.162 [main] INFO  liquibase.util - Filtered out:                 0
2026-08-17 15:02:14.162 [main] INFO  liquibase.util - -------------------------------
2026-08-17 15:02:14.162 [main] INFO  liquibase.util - Total change sets:            3
2026-08-17 15:02:14.163 [main] INFO  liquibase.util - Update summary generated
2026-08-17 15:02:14.164 [main] INFO  liquibase.command - Command execution complete
2026-08-17 15:02:15.291 [main] INFO  o.h.jpa.internal.util.LogHelper - HHH000204: Processing PersistenceUnitInfo [name: default]
2026-08-17 15:02:15.337 [main] INFO  org.hibernate.Version - HHH000412: Hibernate ORM core version 5.4.25.Final
2026-08-17 15:02:15.377 [main] INFO  o.h.annotations.common.Version - HCANN000001: Hibernate Commons Annotations {5.1.2.Final}
2026-08-17 15:02:15.474 [main] INFO  org.hibernate.dialect.Dialect - HHH000400: Using dialect: org.hibernate.dialect.MariaDB53Dialect
2026-08-17 15:02:15.704 [main] INFO  o.h.e.t.j.p.i.JtaPlatformInitiator - HHH000490: Using JtaPlatform implementation: [org.hibernate.engine.transaction.jta.platform.internal.NoJtaPlatform]
2026-08-17 15:02:15.708 [main] INFO  o.s.o.j.LocalContainerEntityManagerFactoryBean - Initialized JPA EntityManagerFactory for persistence unit 'default'
2026-08-17 15:02:15.746 [main] WARN  o.s.b.a.o.j.JpaBaseConfiguration$JpaWebConfiguration - spring.jpa.open-in-view is enabled by default. Therefore, database queries may be performed during view rendering. Explicitly configure spring.jpa.open-in-view to disable this warning
2026-08-17 15:02:16.782 [main] INFO  o.s.s.web.DefaultSecurityFilterChain - Will secure any request with [org.springframework.security.web.context.request.async.WebAsyncManagerIntegrationFilter@3ba468ec, org.springframework.security.web.context.SecurityContextPersistenceFilter@71af3c7, org.springframework.security.web.header.HeaderWriterFilter@4655e059, org.springframework.security.web.csrf.CsrfFilter@24a29d8, org.springframework.security.web.authentication.logout.LogoutFilter@11e2de88, org.springframework.security.oauth2.server.resource.web.BearerTokenAuthenticationFilter@3d3362f5, org.springframework.security.web.savedrequest.RequestCacheAwareFilter@2c513e9f, org.springframework.security.web.servletapi.SecurityContextHolderAwareRequestFilter@7c057419, org.springframework.security.web.authentication.AnonymousAuthenticationFilter@1828069a, org.springframework.security.web.session.SessionManagementFilter@66e17bf2, org.springframework.security.web.access.ExceptionTranslationFilter@1e2c701, org.springframework.security.web.access.intercept.FilterSecurityInterceptor@738ce295]
2026-08-17 15:02:16.982 [main] INFO  o.s.s.c.ThreadPoolTaskExecutor - Initializing ExecutorService 'applicationTaskExecutor'
2026-08-17 15:02:17.357 [main] INFO  o.s.s.c.ThreadPoolTaskScheduler - Initializing ExecutorService 'taskScheduler'
2026-08-17 15:02:17.374 [main] INFO  o.s.b.a.e.web.EndpointLinksResolver - Exposing 1 endpoint(s) beneath base path '/actuator'
2026-08-17 15:02:17.409 [main] INFO  c.v.f.FirstspringbootApplicationTests - Started FirstspringbootApplicationTests in 5.227 seconds (JVM running for 7.09)
2026-08-17 15:02:17.445 [main] INFO  c.v.f.s.KeycloakUserSyncCronjob - Starting Keycloak user synchronization...
2026-08-17 15:02:17.494 [main] INFO  c.v.f.aspect.LoggingAspect - [[BEFORE]] [2026-08-17T08:02:17.494303Z] method: UserServiceImpl.createUser(..), params: [com.viettelsoftware.firstspringboot.entity.User@3dc238ae]
2026-08-17 15:02:17.648 [main] INFO  c.v.f.aspect.LoggingAspect - [[BEFORE]] [2026-08-17T08:02:17.648280Z] method: AuditServiceImpl.audit(..), params: [com.viettelsoftware.firstspringboot.entity.AuditEvent@1a26f595]
2026-08-17 15:02:17.651 [main] INFO  c.v.f.aspect.LoggingAspect - [[BEFORE]] [2026-08-17T08:02:17.651866Z] method: AuthServiceImpl.getCurrentUser(), params: []
2026-08-17 15:02:17.655 [main] INFO  c.v.f.aspect.LoggingAspect - [[AFTER]] [2026-08-17T08:02:17.655422Z] method: AuthServiceImpl.getCurrentUser(), params: []
2026-08-17 15:02:17.672 [main] INFO  c.v.f.aspect.LoggingAspect - [[AFTER]] [2026-08-17T08:02:17.672162Z] method: AuditServiceImpl.audit(..), params: [com.viettelsoftware.firstspringboot.entity.AuditEvent@1a26f595]
2026-08-17 15:02:17.672 [main] INFO  c.v.f.aspect.LoggingAspect - [[AFTER]] [2026-08-17T08:02:17.672276Z] method: UserServiceImpl.createUser(..), params: [com.viettelsoftware.firstspringboot.entity.User@3dc238ae]
2026-08-17 15:02:17.672 [main] INFO  c.v.f.aspect.LoggingAspect - [[BEFORE]] [2026-08-17T08:02:17.672355Z] method: UserServiceImpl.createUser(..), params: [com.viettelsoftware.firstspringboot.entity.User@7721408]
2026-08-17 15:02:17.704 [main] INFO  c.v.f.aspect.LoggingAspect - [[BEFORE]] [2026-08-17T08:02:17.704804Z] method: AuditServiceImpl.audit(..), params: [com.viettelsoftware.firstspringboot.entity.AuditEvent@7e78953e]
2026-08-17 15:02:17.704 [main] INFO  c.v.f.aspect.LoggingAspect - [[BEFORE]] [2026-08-17T08:02:17.704886Z] method: AuthServiceImpl.getCurrentUser(), params: []
2026-08-17 15:02:17.704 [main] INFO  c.v.f.aspect.LoggingAspect - [[AFTER]] [2026-08-17T08:02:17.704913Z] method: AuthServiceImpl.getCurrentUser(), params: []
2026-08-17 15:02:17.712 [main] INFO  c.v.f.aspect.LoggingAspect - [[AFTER]] [2026-08-17T08:02:17.712223Z] method: AuditServiceImpl.audit(..), params: [com.viettelsoftware.firstspringboot.entity.AuditEvent@7e78953e]
2026-08-17 15:02:17.712 [main] INFO  c.v.f.aspect.LoggingAspect - [[AFTER]] [2026-08-17T08:02:17.712292Z] method: UserServiceImpl.createUser(..), params: [com.viettelsoftware.firstspringboot.entity.User@7721408]
2026-08-17 15:02:17.712 [main] INFO  c.v.f.s.KeycloakUserSyncCronjob - Keycloak user synchronization completed successfully. Synced 2 users.
2026-08-17 15:02:17.767 [main] INFO  o.s.b.t.c.SpringBootTestContextBootstrapper - Neither @ContextConfiguration nor @ContextHierarchy found for test class [com.viettelsoftware.firstspringboot.EndToEndIntegrationTest], using SpringBootContextLoader
2026-08-17 15:02:17.767 [main] INFO  o.s.t.c.s.AbstractContextLoader - Could not detect default resource locations for test class [com.viettelsoftware.firstspringboot.EndToEndIntegrationTest]: no resource found for suffixes {-context.xml, Context.groovy}.
2026-08-17 15:02:17.767 [main] INFO  o.s.t.c.s.AnnotationConfigContextLoaderUtils - Could not detect default configuration classes for test class [com.viettelsoftware.firstspringboot.EndToEndIntegrationTest]: EndToEndIntegrationTest does not declare any static, non-private, non-final, nested classes annotated with @Configuration.
2026-08-17 15:02:17.771 [main] INFO  o.s.b.t.c.SpringBootTestContextBootstrapper - Found @SpringBootConfiguration com.viettelsoftware.firstspringboot.FirstspringbootApplication for test class com.viettelsoftware.firstspringboot.EndToEndIntegrationTest
2026-08-17 15:02:17.773 [main] INFO  o.s.b.t.c.SpringBootTestContextBootstrapper - Loaded default TestExecutionListener class names from location [META-INF/spring.factories]: [org.springframework.boot.test.mock.mockito.MockitoTestExecutionListener, org.springframework.boot.test.mock.mockito.ResetMocksTestExecutionListener, org.springframework.boot.test.autoconfigure.restdocs.RestDocsTestExecutionListener, org.springframework.boot.test.autoconfigure.web.client.MockRestServiceServerResetTestExecutionListener, org.springframework.boot.test.autoconfigure.web.servlet.MockMvcPrintOnlyOnFailureTestExecutionListener, org.springframework.boot.test.autoconfigure.web.servlet.WebDriverTestExecutionListener, org.springframework.boot.test.autoconfigure.webservices.client.MockWebServiceServerTestExecutionListener, org.springframework.test.context.web.ServletTestExecutionListener, org.springframework.test.context.support.DirtiesContextBeforeModesTestExecutionListener, org.springframework.test.context.support.DependencyInjectionTestExecutionListener, org.springframework.test.context.support.DirtiesContextTestExecutionListener, org.springframework.test.context.transaction.TransactionalTestExecutionListener, org.springframework.test.context.jdbc.SqlScriptsTestExecutionListener, org.springframework.test.context.event.EventPublishingTestExecutionListener, org.springframework.security.test.context.support.WithSecurityContextTestExecutionListener, org.springframework.security.test.context.support.ReactorContextTestExecutionListener]
2026-08-17 15:02:17.774 [main] INFO  o.s.b.t.c.SpringBootTestContextBootstrapper - Using TestExecutionListeners: [org.springframework.test.context.web.ServletTestExecutionListener@7d4f7d5e, org.springframework.test.context.support.DirtiesContextBeforeModesTestExecutionListener@30f51f8a, org.springframework.boot.test.mock.mockito.MockitoTestExecutionListener@24697504, org.springframework.boot.test.autoconfigure.SpringBootDependencyInjectionTestExecutionListener@6a4484e6, org.springframework.test.context.support.DirtiesContextTestExecutionListener@6c67a17d, org.springframework.test.context.transaction.TransactionalTestExecutionListener@74f6fa34, org.springframework.test.context.jdbc.SqlScriptsTestExecutionListener@1b5860fb, org.springframework.test.context.event.EventPublishingTestExecutionListener@5575b4c2, org.springframework.security.test.context.support.WithSecurityContextTestExecutionListener@4c89b58, org.springframework.security.test.context.support.ReactorContextTestExecutionListener@472cf6af, org.springframework.boot.test.mock.mockito.ResetMocksTestExecutionListener@1fab1909, org.springframework.boot.test.autoconfigure.restdocs.RestDocsTestExecutionListener@67807d9a, org.springframework.boot.test.autoconfigure.web.client.MockRestServiceServerResetTestExecutionListener@27523869, org.springframework.boot.test.autoconfigure.web.servlet.MockMvcPrintOnlyOnFailureTestExecutionListener@7eb3ba2, org.springframework.boot.test.autoconfigure.web.servlet.WebDriverTestExecutionListener@404f1907, org.springframework.boot.test.autoconfigure.webservices.client.MockWebServiceServerTestExecutionListener@2447d039]
2026-08-17 15:02:17.792 [main] INFO  c.v.f.EndToEndIntegrationTest - Starting EndToEndIntegrationTest using Java 11.0.32 on lenovo-legion-16iah7h-PF3XJ8SP with PID 357856 (started by ayin in /home/ayin/projs/firstspringboot)
2026-08-17 15:02:17.793 [main] INFO  c.v.f.EndToEndIntegrationTest - No active profile set, falling back to default profiles: default
2026-08-17 15:02:17.940 [main] INFO  o.s.d.r.c.RepositoryConfigurationDelegate - Bootstrapping Spring Data JPA repositories in DEFAULT mode.
2026-08-17 15:02:17.948 [main] INFO  o.s.d.r.c.RepositoryConfigurationDelegate - Finished Spring Data repository scanning in 8 ms. Found 3 JPA repository interfaces.
2026-08-17 15:02:18.026 [main] INFO  o.s.c.s.PostProcessorRegistrationDelegate$BeanPostProcessorChecker - Bean 'org.springframework.security.access.expression.method.DefaultMethodSecurityExpressionHandler@59ea8f1b' of type [org.springframework.security.access.expression.method.DefaultMethodSecurityExpressionHandler] is not eligible for getting processed by all BeanPostProcessors (for example: not eligible for auto-proxying)
2026-08-17 15:02:18.028 [main] INFO  o.s.c.s.PostProcessorRegistrationDelegate$BeanPostProcessorChecker - Bean 'methodSecurityMetadataSource' of type [org.springframework.security.access.method.DelegatingMethodSecurityMetadataSource] is not eligible for getting processed by all BeanPostProcessors (for example: not eligible for auto-proxying)
2026-08-17 15:02:18.058 [main] INFO  com.zaxxer.hikari.HikariDataSource - HikariPool-2 - Starting...
2026-08-17 15:02:18.060 [main] INFO  com.zaxxer.hikari.HikariDataSource - HikariPool-2 - Start completed.
2026-08-17 15:02:18.108 [main] INFO  liquibase.changelog - Reading from firstspringboot.DATABASECHANGELOG
2026-08-17 15:02:18.139 [main] INFO  liquibase.ui - Database is up to date, no changesets to execute
2026-08-17 15:02:18.141 [main] INFO  liquibase.util - UPDATE SUMMARY
2026-08-17 15:02:18.141 [main] INFO  liquibase.util - Run:                          0
2026-08-17 15:02:18.141 [main] INFO  liquibase.util - Previously run:               3
2026-08-17 15:02:18.141 [main] INFO  liquibase.util - Filtered out:                 0
2026-08-17 15:02:18.141 [main] INFO  liquibase.util - -------------------------------
2026-08-17 15:02:18.141 [main] INFO  liquibase.util - Total change sets:            3
2026-08-17 15:02:18.141 [main] INFO  liquibase.util - Update summary generated
2026-08-17 15:02:18.142 [main] INFO  liquibase.command - Command execution complete
2026-08-17 15:02:18.169 [main] INFO  o.h.jpa.internal.util.LogHelper - HHH000204: Processing PersistenceUnitInfo [name: default]
2026-08-17 15:02:18.173 [main] INFO  org.hibernate.dialect.Dialect - HHH000400: Using dialect: org.hibernate.dialect.MariaDB53Dialect
2026-08-17 15:02:18.217 [main] INFO  o.h.e.t.j.p.i.JtaPlatformInitiator - HHH000490: Using JtaPlatform implementation: [org.hibernate.engine.transaction.jta.platform.internal.NoJtaPlatform]
2026-08-17 15:02:18.217 [main] INFO  o.s.o.j.LocalContainerEntityManagerFactoryBean - Initialized JPA EntityManagerFactory for persistence unit 'default'
2026-08-17 15:02:18.238 [main] WARN  o.s.b.a.o.j.JpaBaseConfiguration$JpaWebConfiguration - spring.jpa.open-in-view is enabled by default. Therefore, database queries may be performed during view rendering. Explicitly configure spring.jpa.open-in-view to disable this warning
2026-08-17 15:02:18.475 [main] INFO  o.s.s.web.DefaultSecurityFilterChain - Will secure any request with [org.springframework.security.web.context.request.async.WebAsyncManagerIntegrationFilter@45e38356, org.springframework.security.web.context.SecurityContextPersistenceFilter@57149e0a, org.springframework.security.web.header.HeaderWriterFilter@12837172, org.springframework.security.web.csrf.CsrfFilter@608c36a6, org.springframework.security.web.authentication.logout.LogoutFilter@6bac4719, org.springframework.security.oauth2.server.resource.web.BearerTokenAuthenticationFilter@484e9fee, org.springframework.security.web.savedrequest.RequestCacheAwareFilter@6b85fabc, org.springframework.security.web.servletapi.SecurityContextHolderAwareRequestFilter@62041e5f, org.springframework.security.web.authentication.AnonymousAuthenticationFilter@7882a4d8, org.springframework.security.web.session.SessionManagementFilter@c0ed96c, org.springframework.security.web.access.ExceptionTranslationFilter@efc5686, org.springframework.security.web.access.intercept.FilterSecurityInterceptor@271f6597]
2026-08-17 15:02:18.530 [main] INFO  o.s.s.c.ThreadPoolTaskExecutor - Initializing ExecutorService 'applicationTaskExecutor'
2026-08-17 15:02:18.673 [main] INFO  o.s.s.c.ThreadPoolTaskScheduler - Initializing ExecutorService 'taskScheduler'
2026-08-17 15:02:18.714 [main] INFO  o.s.b.t.m.w.SpringBootMockServletContext - Initializing Spring TestDispatcherServlet ''
2026-08-17 15:02:18.714 [main] INFO  o.s.t.w.s.TestDispatcherServlet - Initializing Servlet ''
2026-08-17 15:02:18.717 [main] INFO  o.s.b.a.e.web.EndpointLinksResolver - Exposing 1 endpoint(s) beneath base path '/actuator'
2026-08-17 15:02:18.727 [main] INFO  o.s.t.w.s.TestDispatcherServlet - Completed initialization in 12 ms
2026-08-17 15:02:18.738 [main] INFO  c.v.f.EndToEndIntegrationTest - Started EndToEndIntegrationTest in 0.962 seconds (JVM running for 8.419)
2026-08-17 15:02:18.739 [main] INFO  c.v.f.s.KeycloakUserSyncCronjob - Starting Keycloak user synchronization...
2026-08-17 15:02:18.766 [main] INFO  c.v.f.aspect.LoggingAspect - [[BEFORE]] [2026-08-17T08:02:18.766360Z] method: UserServiceImpl.createUser(..), params: [com.viettelsoftware.firstspringboot.entity.User@79eade07]
2026-08-17 15:02:18.799 [main] INFO  c.v.f.aspect.LoggingAspect - [[BEFORE]] [2026-08-17T08:02:18.799405Z] method: AuditServiceImpl.audit(..), params: [com.viettelsoftware.firstspringboot.entity.AuditEvent@6e886e25]
2026-08-17 15:02:18.799 [main] INFO  c.v.f.aspect.LoggingAspect - [[BEFORE]] [2026-08-17T08:02:18.799529Z] method: AuthServiceImpl.getCurrentUser(), params: []
2026-08-17 15:02:18.799 [main] INFO  c.v.f.aspect.LoggingAspect - [[AFTER]] [2026-08-17T08:02:18.799574Z] method: AuthServiceImpl.getCurrentUser(), params: []
2026-08-17 15:02:18.815 [main] INFO  c.v.f.aspect.LoggingAspect - [[AFTER]] [2026-08-17T08:02:18.815467Z] method: AuditServiceImpl.audit(..), params: [com.viettelsoftware.firstspringboot.entity.AuditEvent@6e886e25]
2026-08-17 15:02:18.815 [main] INFO  c.v.f.aspect.LoggingAspect - [[AFTER]] [2026-08-17T08:02:18.815567Z] method: UserServiceImpl.createUser(..), params: [com.viettelsoftware.firstspringboot.entity.User@79eade07]
2026-08-17 15:02:18.815 [main] INFO  c.v.f.aspect.LoggingAspect - [[BEFORE]] [2026-08-17T08:02:18.815635Z] method: UserServiceImpl.createUser(..), params: [com.viettelsoftware.firstspringboot.entity.User@7d4a95d4]
2026-08-17 15:02:18.848 [main] INFO  c.v.f.aspect.LoggingAspect - [[BEFORE]] [2026-08-17T08:02:18.848827Z] method: AuditServiceImpl.audit(..), params: [com.viettelsoftware.firstspringboot.entity.AuditEvent@5bb48619]
2026-08-17 15:02:18.848 [main] INFO  c.v.f.aspect.LoggingAspect - [[BEFORE]] [2026-08-17T08:02:18.848933Z] method: AuthServiceImpl.getCurrentUser(), params: []
2026-08-17 15:02:18.848 [main] INFO  c.v.f.aspect.LoggingAspect - [[AFTER]] [2026-08-17T08:02:18.848973Z] method: AuthServiceImpl.getCurrentUser(), params: []
2026-08-17 15:02:18.857 [main] INFO  c.v.f.aspect.LoggingAspect - [[AFTER]] [2026-08-17T08:02:18.857275Z] method: AuditServiceImpl.audit(..), params: [com.viettelsoftware.firstspringboot.entity.AuditEvent@5bb48619]
2026-08-17 15:02:18.857 [main] INFO  c.v.f.aspect.LoggingAspect - [[AFTER]] [2026-08-17T08:02:18.857354Z] method: UserServiceImpl.createUser(..), params: [com.viettelsoftware.firstspringboot.entity.User@7d4a95d4]
2026-08-17 15:02:18.857 [main] INFO  c.v.f.s.KeycloakUserSyncCronjob - Keycloak user synchronization completed successfully. Synced 2 users.
2026-08-17 15:02:18.883 [main] INFO  c.v.f.aspect.LoggingAspect - [[BEFORE]] [2026-08-17T08:02:18.883566Z] method: TaskController.getTasks(), params: []
2026-08-17 15:02:18.887 [main] INFO  c.v.f.aspect.LoggingAspect - [[BEFORE]] [2026-08-17T08:02:18.887964Z] method: TaskServiceImpl.getTasks(), params: []
2026-08-17 15:02:18.895 [main] INFO  c.v.f.aspect.LoggingAspect - [[AFTER]] [2026-08-17T08:02:18.895426Z] method: TaskServiceImpl.getTasks(), params: []
2026-08-17 15:02:18.895 [main] INFO  c.v.f.aspect.LoggingAspect - [[AFTER]] [2026-08-17T08:02:18.895511Z] method: TaskController.getTasks(), params: []
2026-08-17 15:02:18.917 [main] INFO  c.v.f.aspect.LoggingAspect - [[BEFORE]] [2026-08-17T08:02:18.917723Z] method: TaskController.exportTasks(), params: []
2026-08-17 15:02:18.918 [main] INFO  c.v.f.aspect.LoggingAspect - [[BEFORE]] [2026-08-17T08:02:18.918062Z] method: TaskExportServiceImpl.exportTasks(), params: []
2026-08-17 15:02:18.920 [main] INFO  c.v.f.aspect.LoggingAspect - [[BEFORE]] [2026-08-17T08:02:18.920338Z] method: TaskServiceImpl.getTasks(), params: []
2026-08-17 15:02:18.922 [main] INFO  c.v.f.aspect.LoggingAspect - [[AFTER]] [2026-08-17T08:02:18.922090Z] method: TaskServiceImpl.getTasks(), params: []
2026-08-17 15:02:18.922 [main] INFO  org.jxls.util.TransformerFactory - Loading transformer by class org.jxls.transform.poi.PoiTransformer
2026-08-17 15:02:18.940 [main] INFO  c.v.f.aspect.LoggingAspect - [[AFTER]] [2026-08-17T08:02:18.940407Z] method: TaskExportServiceImpl.exportTasks(), params: []
2026-08-17 15:02:18.940 [main] INFO  c.v.f.aspect.LoggingAspect - [[AFTER]] [2026-08-17T08:02:18.940836Z] method: TaskController.exportTasks(), params: []
2026-08-17 15:02:18.978 [main] WARN  o.s.w.s.m.s.DefaultHandlerExceptionResolver - Resolved [org.springframework.web.bind.MethodArgumentNotValidException: Validation failed for argument [0] in public com.viettelsoftware.firstspringboot.entity.Task com.viettelsoftware.firstspringboot.controller.TaskController.createTask(com.viettelsoftware.firstspringboot.dto.CreateTaskRequest): [Field error in object 'createTaskRequest' on field 'description': rejected value [ Invalid Description ]; codes [ValidTaskDescription.createTaskRequest.description,ValidTaskDescription.description,ValidTaskDescription.java.lang.String,ValidTaskDescription]; arguments [org.springframework.context.support.DefaultMessageSourceResolvable: codes [createTaskRequest.description,description]; arguments []; default message [description]]; default message [Invalid task description (must be `@NotBlank + @Size(max = 255) + @Pattern(regexp = "^\S(?:.*\S)?$")`)]] ]
2026-08-17 15:02:18.982 [main] INFO  c.v.f.aspect.LoggingAspect - [[BEFORE]] [2026-08-17T08:02:18.982752Z] method: UserController.profile(), params: []
2026-08-17 15:02:18.984 [main] INFO  c.v.f.aspect.LoggingAspect - [[BEFORE]] [2026-08-17T08:02:18.984507Z] method: AuthServiceImpl.getCurrentUser(), params: []
2026-08-17 15:02:18.984 [main] INFO  c.v.f.aspect.LoggingAspect - [[AFTER]] [2026-08-17T08:02:18.984597Z] method: AuthServiceImpl.getCurrentUser(), params: []
2026-08-17 15:02:18.984 [main] INFO  c.v.f.aspect.LoggingAspect - [[AFTER]] [2026-08-17T08:02:18.984884Z] method: UserController.profile(), params: []
2026-08-17 15:02:19.004 [main] INFO  c.v.f.aspect.LoggingAspect - [[BEFORE]] [2026-08-17T08:02:19.004274Z] method: UserController.createUser(..), params: [com.viettelsoftware.firstspringboot.dto.CreateUserRequest@c34e260]
2026-08-17 15:02:19.004 [main] INFO  c.v.f.aspect.LoggingAspect - [[BEFORE]] [2026-08-17T08:02:19.004395Z] method: UserServiceImpl.createUser(..), params: [com.viettelsoftware.firstspringboot.entity.User@39342312]
2026-08-17 15:02:19.034 [main] INFO  c.v.f.aspect.LoggingAspect - [[BEFORE]] [2026-08-17T08:02:19.034667Z] method: AuditServiceImpl.audit(..), params: [com.viettelsoftware.firstspringboot.entity.AuditEvent@5050cf7e]
2026-08-17 15:02:19.034 [main] INFO  c.v.f.aspect.LoggingAspect - [[BEFORE]] [2026-08-17T08:02:19.034749Z] method: AuthServiceImpl.getCurrentUser(), params: []
2026-08-17 15:02:19.034 [main] INFO  c.v.f.aspect.LoggingAspect - [[AFTER]] [2026-08-17T08:02:19.034804Z] method: AuthServiceImpl.getCurrentUser(), params: []
2026-08-17 15:02:19.042 [main] INFO  c.v.f.aspect.LoggingAspect - [[AFTER]] [2026-08-17T08:02:19.042137Z] method: AuditServiceImpl.audit(..), params: [com.viettelsoftware.firstspringboot.entity.AuditEvent@5050cf7e]
2026-08-17 15:02:19.042 [main] INFO  c.v.f.aspect.LoggingAspect - [[AFTER]] [2026-08-17T08:02:19.042192Z] method: UserServiceImpl.createUser(..), params: [com.viettelsoftware.firstspringboot.entity.User@39342312]
2026-08-17 15:02:19.042 [main] INFO  c.v.f.aspect.LoggingAspect - [[AFTER]] [2026-08-17T08:02:19.042213Z] method: UserController.createUser(..), params: [com.viettelsoftware.firstspringboot.dto.CreateUserRequest@c34e260]
2026-08-17 15:02:19.045 [main] INFO  c.v.f.aspect.LoggingAspect - [[BEFORE]] [2026-08-17T08:02:19.045405Z] method: UserController.getUsers(), params: []
2026-08-17 15:02:19.045 [main] INFO  c.v.f.aspect.LoggingAspect - [[BEFORE]] [2026-08-17T08:02:19.045517Z] method: UserServiceImpl.getUsers(), params: []
2026-08-17 15:02:19.048 [main] INFO  c.v.f.aspect.LoggingAspect - [[AFTER]] [2026-08-17T08:02:19.048747Z] method: UserServiceImpl.getUsers(), params: []
2026-08-17 15:02:19.048 [main] INFO  c.v.f.aspect.LoggingAspect - [[AFTER]] [2026-08-17T08:02:19.048813Z] method: UserController.getUsers(), params: []
2026-08-17 15:02:19.050 [main] INFO  c.v.f.aspect.LoggingAspect - [[BEFORE]] [2026-08-17T08:02:19.050650Z] method: UserController.exportUsers(), params: []
2026-08-17 15:02:19.050 [main] INFO  c.v.f.aspect.LoggingAspect - [[BEFORE]] [2026-08-17T08:02:19.050752Z] method: UserExportServiceImpl.exportUsers(), params: []
2026-08-17 15:02:19.052 [main] INFO  c.v.f.aspect.LoggingAspect - [[BEFORE]] [2026-08-17T08:02:19.052280Z] method: UserServiceImpl.getUsers(), params: []
2026-08-17 15:02:19.054 [main] INFO  c.v.f.aspect.LoggingAspect - [[AFTER]] [2026-08-17T08:02:19.054040Z] method: UserServiceImpl.getUsers(), params: []
2026-08-17 15:02:19.054 [main] INFO  org.jxls.util.TransformerFactory - Loading transformer by class org.jxls.transform.poi.PoiTransformer
2026-08-17 15:02:19.074 [main] INFO  c.v.f.aspect.LoggingAspect - [[AFTER]] [2026-08-17T08:02:19.074042Z] method: UserExportServiceImpl.exportUsers(), params: []
2026-08-17 15:02:19.074 [main] INFO  c.v.f.aspect.LoggingAspect - [[AFTER]] [2026-08-17T08:02:19.074283Z] method: UserController.exportUsers(), params: []
2026-08-17 15:02:19.088 [main] INFO  c.v.f.aspect.LoggingAspect - [[BEFORE]] [2026-08-17T08:02:19.088439Z] method: TestService.testMethod(), params: [arg1]
2026-08-17 15:02:19.088 [main] INFO  c.v.f.aspect.LoggingAspect - [[AFTER]] [2026-08-17T08:02:19.088613Z] method: TestService.testMethod(), params: [arg1]
2026-08-17 15:02:19.317 [main] INFO  c.v.f.s.KeycloakUserSyncCronjob - Starting Keycloak user synchronization...
2026-08-17 15:02:19.319 [main] ERROR c.v.f.s.KeycloakUserSyncCronjob - Error occurred while syncing Keycloak users: I/O error on POST request for "http://localhost:9999/realms/master/protocol/openid-connect/token": Connection refused (Connection refused); nested exception is java.net.ConnectException: Connection refused (Connection refused)
org.springframework.web.client.ResourceAccessException: I/O error on POST request for "http://localhost:9999/realms/master/protocol/openid-connect/token": Connection refused (Connection refused); nested exception is java.net.ConnectException: Connection refused (Connection refused)
	at org.springframework.web.client.RestTemplate.doExecute(RestTemplate.java:784)
	at org.springframework.web.client.RestTemplate.execute(RestTemplate.java:710)
	at org.springframework.web.client.RestTemplate.exchange(RestTemplate.java:630)
	at com.viettelsoftware.firstspringboot.scheduler.KeycloakUserSyncCronjob.getAdminAccessToken(KeycloakUserSyncCronjob.java:114)
	at com.viettelsoftware.firstspringboot.scheduler.KeycloakUserSyncCronjob.syncKeycloakUsers(KeycloakUserSyncCronjob.java:56)
	at com.viettelsoftware.firstspringboot.scheduler.KeycloakUserSyncCronjobTest.lambda$testSyncKeycloakUsersHandledGracefullyWhenServerDown$0(KeycloakUserSyncCronjobTest.java:33)
	at org.junit.jupiter.api.AssertDoesNotThrow.assertDoesNotThrow(AssertDoesNotThrow.java:50)
	at org.junit.jupiter.api.AssertDoesNotThrow.assertDoesNotThrow(AssertDoesNotThrow.java:37)
	at org.junit.jupiter.api.Assertions.assertDoesNotThrow(Assertions.java:3060)
	at com.viettelsoftware.firstspringboot.scheduler.KeycloakUserSyncCronjobTest.testSyncKeycloakUsersHandledGracefullyWhenServerDown(KeycloakUserSyncCronjobTest.java:33)
	at java.base/jdk.internal.reflect.NativeMethodAccessorImpl.invoke0(Native Method)
	at java.base/jdk.internal.reflect.NativeMethodAccessorImpl.invoke(NativeMethodAccessorImpl.java:62)
	at java.base/jdk.internal.reflect.DelegatingMethodAccessorImpl.invoke(DelegatingMethodAccessorImpl.java:43)
	at java.base/java.lang.reflect.Method.invoke(Method.java:566)
	at org.junit.platform.commons.util.ReflectionUtils.invokeMethod(ReflectionUtils.java:688)
	at org.junit.jupiter.engine.execution.MethodInvocation.proceed(MethodInvocation.java:60)
	at org.junit.jupiter.engine.execution.InvocationInterceptorChain$ValidatingInvocation.proceed(InvocationInterceptorChain.java:131)
	at org.junit.jupiter.engine.extension.TimeoutExtension.intercept(TimeoutExtension.java:149)
	at org.junit.jupiter.engine.extension.TimeoutExtension.interceptTestableMethod(TimeoutExtension.java:140)
	at org.junit.jupiter.engine.extension.TimeoutExtension.interceptTestMethod(TimeoutExtension.java:84)
	at org.junit.jupiter.engine.execution.ExecutableInvoker$ReflectiveInterceptorCall.lambda$ofVoidMethod$0(ExecutableInvoker.java:115)
	at org.junit.jupiter.engine.execution.ExecutableInvoker.lambda$invoke$0(ExecutableInvoker.java:105)
	at org.junit.jupiter.engine.execution.InvocationInterceptorChain$InterceptedInvocation.proceed(InvocationInterceptorChain.java:106)
	at org.junit.jupiter.engine.execution.InvocationInterceptorChain.proceed(InvocationInterceptorChain.java:64)
	at org.junit.jupiter.engine.execution.InvocationInterceptorChain.chainAndInvoke(InvocationInterceptorChain.java:45)
	at org.junit.jupiter.engine.execution.InvocationInterceptorChain.invoke(InvocationInterceptorChain.java:37)
	at org.junit.jupiter.engine.execution.ExecutableInvoker.invoke(ExecutableInvoker.java:104)
	at org.junit.jupiter.engine.execution.ExecutableInvoker.invoke(ExecutableInvoker.java:98)
	at org.junit.jupiter.engine.descriptor.TestMethodTestDescriptor.lambda$invokeTestMethod$6(TestMethodTestDescriptor.java:210)
	at org.junit.platform.engine.support.hierarchical.ThrowableCollector.execute(ThrowableCollector.java:73)
	at org.junit.jupiter.engine.descriptor.TestMethodTestDescriptor.invokeTestMethod(TestMethodTestDescriptor.java:206)
	at org.junit.jupiter.engine.descriptor.TestMethodTestDescriptor.execute(TestMethodTestDescriptor.java:131)
	at org.junit.jupiter.engine.descriptor.TestMethodTestDescriptor.execute(TestMethodTestDescriptor.java:65)
	at org.junit.platform.engine.support.hierarchical.NodeTestTask.lambda$executeRecursively$5(NodeTestTask.java:139)
	at org.junit.platform.engine.support.hierarchical.ThrowableCollector.execute(ThrowableCollector.java:73)
	at org.junit.platform.engine.support.hierarchical.NodeTestTask.lambda$executeRecursively$7(NodeTestTask.java:129)
	at org.junit.platform.engine.support.hierarchical.Node.around(Node.java:137)
	at org.junit.platform.engine.support.hierarchical.NodeTestTask.lambda$executeRecursively$8(NodeTestTask.java:127)
	at org.junit.platform.engine.support.hierarchical.ThrowableCollector.execute(ThrowableCollector.java:73)
	at org.junit.platform.engine.support.hierarchical.NodeTestTask.executeRecursively(NodeTestTask.java:126)
	at org.junit.platform.engine.support.hierarchical.NodeTestTask.execute(NodeTestTask.java:84)
	at java.base/java.util.ArrayList.forEach(ArrayList.java:1541)
	at org.junit.platform.engine.support.hierarchical.SameThreadHierarchicalTestExecutorService.invokeAll(SameThreadHierarchicalTestExecutorService.java:38)
	at org.junit.platform.engine.support.hierarchical.NodeTestTask.lambda$executeRecursively$5(NodeTestTask.java:143)
	at org.junit.platform.engine.support.hierarchical.ThrowableCollector.execute(ThrowableCollector.java:73)
	at org.junit.platform.engine.support.hierarchical.NodeTestTask.lambda$executeRecursively$7(NodeTestTask.java:129)
	at org.junit.platform.engine.support.hierarchical.Node.around(Node.java:137)
	at org.junit.platform.engine.support.hierarchical.NodeTestTask.lambda$executeRecursively$8(NodeTestTask.java:127)
	at org.junit.platform.engine.support.hierarchical.ThrowableCollector.execute(ThrowableCollector.java:73)
	at org.junit.platform.engine.support.hierarchical.NodeTestTask.executeRecursively(NodeTestTask.java:126)
	at org.junit.platform.engine.support.hierarchical.NodeTestTask.execute(NodeTestTask.java:84)
	at java.base/java.util.ArrayList.forEach(ArrayList.java:1541)
	at org.junit.platform.engine.support.hierarchical.SameThreadHierarchicalTestExecutorService.invokeAll(SameThreadHierarchicalTestExecutorService.java:38)
	at org.junit.platform.engine.support.hierarchical.NodeTestTask.lambda$executeRecursively$5(NodeTestTask.java:143)
	at org.junit.platform.engine.support.hierarchical.ThrowableCollector.execute(ThrowableCollector.java:73)
	at org.junit.platform.engine.support.hierarchical.NodeTestTask.lambda$executeRecursively$7(NodeTestTask.java:129)
	at org.junit.platform.engine.support.hierarchical.Node.around(Node.java:137)
	at org.junit.platform.engine.support.hierarchical.NodeTestTask.lambda$executeRecursively$8(NodeTestTask.java:127)
	at org.junit.platform.engine.support.hierarchical.ThrowableCollector.execute(ThrowableCollector.java:73)
	at org.junit.platform.engine.support.hierarchical.NodeTestTask.executeRecursively(NodeTestTask.java:126)
	at org.junit.platform.engine.support.hierarchical.NodeTestTask.execute(NodeTestTask.java:84)
	at org.junit.platform.engine.support.hierarchical.SameThreadHierarchicalTestExecutorService.submit(SameThreadHierarchicalTestExecutorService.java:32)
	at org.junit.platform.engine.support.hierarchical.HierarchicalTestExecutor.execute(HierarchicalTestExecutor.java:57)
	at org.junit.platform.engine.support.hierarchical.HierarchicalTestEngine.execute(HierarchicalTestEngine.java:51)
	at org.junit.platform.launcher.core.DefaultLauncher.execute(DefaultLauncher.java:220)
	at org.junit.platform.launcher.core.DefaultLauncher.lambda$execute$6(DefaultLauncher.java:188)
	at org.junit.platform.launcher.core.DefaultLauncher.withInterceptedStreams(DefaultLauncher.java:202)
	at org.junit.platform.launcher.core.DefaultLauncher.execute(DefaultLauncher.java:181)
	at org.junit.platform.launcher.core.DefaultLauncher.execute(DefaultLauncher.java:128)
	at org.apache.maven.surefire.junitplatform.JUnitPlatformProvider.invokeAllTests(JUnitPlatformProvider.java:150)
	at org.apache.maven.surefire.junitplatform.JUnitPlatformProvider.invoke(JUnitPlatformProvider.java:124)
	at org.apache.maven.surefire.booter.ForkedBooter.invokeProviderInSameClassLoader(ForkedBooter.java:384)
	at org.apache.maven.surefire.booter.ForkedBooter.runSuitesInProcess(ForkedBooter.java:345)
	at org.apache.maven.surefire.booter.ForkedBooter.execute(ForkedBooter.java:126)
	at org.apache.maven.surefire.booter.ForkedBooter.main(ForkedBooter.java:418)
Caused by: java.net.ConnectException: Connection refused (Connection refused)
	at java.base/java.net.PlainSocketImpl.socketConnect(Native Method)
	at java.base/java.net.AbstractPlainSocketImpl.doConnect(AbstractPlainSocketImpl.java:412)
	at java.base/java.net.AbstractPlainSocketImpl.connectToAddress(AbstractPlainSocketImpl.java:255)
	at java.base/java.net.AbstractPlainSocketImpl.connect(AbstractPlainSocketImpl.java:237)
	at java.base/java.net.Socket.connect(Socket.java:609)
	at java.base/java.net.Socket.connect(Socket.java:558)
	at java.base/sun.net.NetworkClient.doConnect(NetworkClient.java:182)
	at java.base/sun.net.www.http.HttpClient.openServer(HttpClient.java:509)
	at java.base/sun.net.www.http.HttpClient.openServer(HttpClient.java:604)
	at java.base/sun.net.www.http.HttpClient.<init>(HttpClient.java:279)
	at java.base/sun.net.www.http.HttpClient.New(HttpClient.java:376)
	at java.base/sun.net.www.http.HttpClient.New(HttpClient.java:397)
	at java.base/sun.net.www.protocol.http.HttpURLConnection.getNewHttpClient(HttpURLConnection.java:1270)
	at java.base/sun.net.www.protocol.http.HttpURLConnection.plainConnect0(HttpURLConnection.java:1204)
	at java.base/sun.net.www.protocol.http.HttpURLConnection.plainConnect(HttpURLConnection.java:1098)
	at java.base/sun.net.www.protocol.http.HttpURLConnection.connect(HttpURLConnection.java:1032)
	at org.springframework.http.client.SimpleBufferingClientHttpRequest.executeInternal(SimpleBufferingClientHttpRequest.java:76)
	at org.springframework.http.client.AbstractBufferingClientHttpRequest.executeInternal(AbstractBufferingClientHttpRequest.java:48)
	at org.springframework.http.client.AbstractClientHttpRequest.execute(AbstractClientHttpRequest.java:66)
	at org.springframework.web.client.RestTemplate.doExecute(RestTemplate.java:775)
	... 74 common frames omitted
2026-08-17 15:02:19.325 [SpringContextShutdownHook] INFO  o.s.s.c.ThreadPoolTaskScheduler - Shutting down ExecutorService 'taskScheduler'
2026-08-17 15:02:19.326 [SpringContextShutdownHook] INFO  o.s.s.c.ThreadPoolTaskScheduler - Shutting down ExecutorService 'taskScheduler'
2026-08-17 15:02:19.327 [SpringContextShutdownHook] INFO  o.s.s.c.ThreadPoolTaskExecutor - Shutting down ExecutorService 'applicationTaskExecutor'
2026-08-17 15:02:19.327 [SpringContextShutdownHook] INFO  o.s.s.c.ThreadPoolTaskExecutor - Shutting down ExecutorService 'applicationTaskExecutor'
2026-08-17 15:02:19.330 [SpringContextShutdownHook] INFO  o.s.o.j.LocalContainerEntityManagerFactoryBean - Closing JPA EntityManagerFactory for persistence unit 'default'
2026-08-17 15:02:19.330 [SpringContextShutdownHook] INFO  o.s.o.j.LocalContainerEntityManagerFactoryBean - Closing JPA EntityManagerFactory for persistence unit 'default'
2026-08-17 15:02:19.332 [SpringContextShutdownHook] INFO  com.zaxxer.hikari.HikariDataSource - HikariPool-2 - Shutdown initiated...
2026-08-17 15:02:19.332 [SpringContextShutdownHook] INFO  com.zaxxer.hikari.HikariDataSource - HikariPool-1 - Shutdown initiated...
2026-08-17 15:02:19.335 [SpringContextShutdownHook] INFO  com.zaxxer.hikari.HikariDataSource - HikariPool-2 - Shutdown completed.
2026-08-17 15:02:19.336 [SpringContextShutdownHook] INFO  com.zaxxer.hikari.HikariDataSource - HikariPool-1 - Shutdown completed.
2026-08-17 15:13:29.697 [main] INFO  c.v.f.FirstspringbootApplicationTests - Starting FirstspringbootApplicationTests using Java 11.0.32 on lenovo-legion-16iah7h-PF3XJ8SP with PID 370409 (started by ayin in /home/ayin/projs/firstspringboot)
2026-08-17 15:13:29.698 [main] INFO  c.v.f.FirstspringbootApplicationTests - No active profile set, falling back to default profiles: default
2026-08-17 15:13:30.374 [main] INFO  o.s.d.r.c.RepositoryConfigurationDelegate - Bootstrapping Spring Data JPA repositories in DEFAULT mode.
2026-08-17 15:13:30.417 [main] INFO  o.s.d.r.c.RepositoryConfigurationDelegate - Finished Spring Data repository scanning in 38 ms. Found 3 JPA repository interfaces.
2026-08-17 15:13:30.780 [main] INFO  o.s.c.s.PostProcessorRegistrationDelegate$BeanPostProcessorChecker - Bean 'org.springframework.security.access.expression.method.DefaultMethodSecurityExpressionHandler@558ed473' of type [org.springframework.security.access.expression.method.DefaultMethodSecurityExpressionHandler] is not eligible for getting processed by all BeanPostProcessors (for example: not eligible for auto-proxying)
2026-08-17 15:13:30.788 [main] INFO  o.s.c.s.PostProcessorRegistrationDelegate$BeanPostProcessorChecker - Bean 'methodSecurityMetadataSource' of type [org.springframework.security.access.method.DelegatingMethodSecurityMetadataSource] is not eligible for getting processed by all BeanPostProcessors (for example: not eligible for auto-proxying)
2026-08-17 15:13:30.938 [main] INFO  com.zaxxer.hikari.HikariDataSource - HikariPool-1 - Starting...
2026-08-17 15:13:31.014 [main] INFO  com.zaxxer.hikari.HikariDataSource - HikariPool-1 - Start completed.
2026-08-17 15:13:31.436 [main] INFO  liquibase.changelog - Reading from firstspringboot.DATABASECHANGELOG
2026-08-17 15:13:31.489 [main] INFO  liquibase.ui - Database is up to date, no changesets to execute
2026-08-17 15:13:31.490 [main] INFO  liquibase.changelog - Reading from firstspringboot.DATABASECHANGELOG
2026-08-17 15:13:31.498 [main] INFO  liquibase.util - UPDATE SUMMARY
2026-08-17 15:13:31.498 [main] INFO  liquibase.util - Run:                          0
2026-08-17 15:13:31.498 [main] INFO  liquibase.util - Previously run:               3
2026-08-17 15:13:31.498 [main] INFO  liquibase.util - Filtered out:                 0
2026-08-17 15:13:31.498 [main] INFO  liquibase.util - -------------------------------
2026-08-17 15:13:31.499 [main] INFO  liquibase.util - Total change sets:            3
2026-08-17 15:13:31.499 [main] INFO  liquibase.util - Update summary generated
2026-08-17 15:13:31.500 [main] INFO  liquibase.command - Command execution complete
2026-08-17 15:13:33.016 [main] INFO  o.h.jpa.internal.util.LogHelper - HHH000204: Processing PersistenceUnitInfo [name: default]
2026-08-17 15:13:33.074 [main] INFO  org.hibernate.Version - HHH000412: Hibernate ORM core version 5.4.25.Final
2026-08-17 15:13:33.109 [main] INFO  o.h.annotations.common.Version - HCANN000001: Hibernate Commons Annotations {5.1.2.Final}
2026-08-17 15:13:33.219 [main] INFO  org.hibernate.dialect.Dialect - HHH000400: Using dialect: org.hibernate.dialect.MariaDB53Dialect
2026-08-17 15:13:33.451 [main] INFO  o.h.e.t.j.p.i.JtaPlatformInitiator - HHH000490: Using JtaPlatform implementation: [org.hibernate.engine.transaction.jta.platform.internal.NoJtaPlatform]
2026-08-17 15:13:33.456 [main] INFO  o.s.o.j.LocalContainerEntityManagerFactoryBean - Initialized JPA EntityManagerFactory for persistence unit 'default'
2026-08-17 15:13:33.499 [main] WARN  o.s.b.a.o.j.JpaBaseConfiguration$JpaWebConfiguration - spring.jpa.open-in-view is enabled by default. Therefore, database queries may be performed during view rendering. Explicitly configure spring.jpa.open-in-view to disable this warning
2026-08-17 15:13:34.585 [main] INFO  o.s.s.web.DefaultSecurityFilterChain - Will secure any request with [org.springframework.security.web.context.request.async.WebAsyncManagerIntegrationFilter@50c0392d, org.springframework.security.web.context.SecurityContextPersistenceFilter@70bca957, org.springframework.security.web.header.HeaderWriterFilter@66e17bf2, org.springframework.security.web.csrf.CsrfFilter@21e441d1, org.springframework.security.web.authentication.logout.LogoutFilter@58b2c0b4, org.springframework.security.oauth2.server.resource.web.BearerTokenAuthenticationFilter@5c2fc86, org.springframework.security.web.savedrequest.RequestCacheAwareFilter@519e110b, org.springframework.security.web.servletapi.SecurityContextHolderAwareRequestFilter@447dec7e, org.springframework.security.web.authentication.AnonymousAuthenticationFilter@174e79f9, org.springframework.security.web.session.SessionManagementFilter@5e324000, org.springframework.security.web.access.ExceptionTranslationFilter@9e2946, org.springframework.security.web.access.intercept.FilterSecurityInterceptor@3ba468ec]
2026-08-17 15:13:34.753 [main] INFO  o.s.s.c.ThreadPoolTaskExecutor - Initializing ExecutorService 'applicationTaskExecutor'
2026-08-17 15:13:35.161 [main] INFO  o.s.s.c.ThreadPoolTaskScheduler - Initializing ExecutorService 'taskScheduler'
2026-08-17 15:13:35.178 [main] INFO  o.s.b.a.e.web.EndpointLinksResolver - Exposing 1 endpoint(s) beneath base path '/actuator'
2026-08-17 15:13:35.213 [main] INFO  c.v.f.FirstspringbootApplicationTests - Started FirstspringbootApplicationTests in 5.693 seconds (JVM running for 7.548)
2026-08-17 15:13:35.246 [main] INFO  c.v.f.s.KeycloakUserSyncCronjob - Starting Keycloak user synchronization...
2026-08-17 15:13:35.528 [main] INFO  c.v.f.aspect.LoggingAspect - [[BEFORE]] [2026-08-17T08:13:35.527838Z] method: UserServiceImpl.createUser(..), params: [com.viettelsoftware.firstspringboot.entity.User@1844e563]
2026-08-17 15:13:35.688 [main] INFO  c.v.f.aspect.LoggingAspect - [[BEFORE]] [2026-08-17T08:13:35.688062Z] method: AuditServiceImpl.audit(..), params: [com.viettelsoftware.firstspringboot.entity.AuditEvent@76639714]
2026-08-17 15:13:35.731 [main] INFO  c.v.f.aspect.LoggingAspect - [[AFTER]] [2026-08-17T08:13:35.731002Z] method: AuditServiceImpl.audit(..), params: [com.viettelsoftware.firstspringboot.entity.AuditEvent@76639714]
2026-08-17 15:13:35.731 [main] INFO  c.v.f.aspect.LoggingAspect - [[AFTER]] [2026-08-17T08:13:35.731139Z] method: UserServiceImpl.createUser(..), params: [com.viettelsoftware.firstspringboot.entity.User@1844e563]
2026-08-17 15:13:35.731 [main] INFO  c.v.f.aspect.LoggingAspect - [[BEFORE]] [2026-08-17T08:13:35.731214Z] method: UserServiceImpl.createUser(..), params: [com.viettelsoftware.firstspringboot.entity.User@45dac901]
2026-08-17 15:13:35.782 [main] INFO  c.v.f.aspect.LoggingAspect - [[BEFORE]] [2026-08-17T08:13:35.782361Z] method: AuditServiceImpl.audit(..), params: [com.viettelsoftware.firstspringboot.entity.AuditEvent@4b39b5fe]
2026-08-17 15:13:35.797 [main] INFO  c.v.f.aspect.LoggingAspect - [[AFTER]] [2026-08-17T08:13:35.797125Z] method: AuditServiceImpl.audit(..), params: [com.viettelsoftware.firstspringboot.entity.AuditEvent@4b39b5fe]
2026-08-17 15:13:35.797 [main] INFO  c.v.f.aspect.LoggingAspect - [[AFTER]] [2026-08-17T08:13:35.797214Z] method: UserServiceImpl.createUser(..), params: [com.viettelsoftware.firstspringboot.entity.User@45dac901]
2026-08-17 15:13:35.797 [main] INFO  c.v.f.s.KeycloakUserSyncCronjob - Keycloak user synchronization completed successfully. Synced 2 users.
2026-08-17 15:13:35.852 [main] INFO  o.s.b.t.c.SpringBootTestContextBootstrapper - Neither @ContextConfiguration nor @ContextHierarchy found for test class [com.viettelsoftware.firstspringboot.EndToEndIntegrationTest], using SpringBootContextLoader
2026-08-17 15:13:35.853 [main] INFO  o.s.t.c.s.AbstractContextLoader - Could not detect default resource locations for test class [com.viettelsoftware.firstspringboot.EndToEndIntegrationTest]: no resource found for suffixes {-context.xml, Context.groovy}.
2026-08-17 15:13:35.853 [main] INFO  o.s.t.c.s.AnnotationConfigContextLoaderUtils - Could not detect default configuration classes for test class [com.viettelsoftware.firstspringboot.EndToEndIntegrationTest]: EndToEndIntegrationTest does not declare any static, non-private, non-final, nested classes annotated with @Configuration.
2026-08-17 15:13:35.857 [main] INFO  o.s.b.t.c.SpringBootTestContextBootstrapper - Found @SpringBootConfiguration com.viettelsoftware.firstspringboot.FirstspringbootApplication for test class com.viettelsoftware.firstspringboot.EndToEndIntegrationTest
2026-08-17 15:13:35.858 [main] INFO  o.s.b.t.c.SpringBootTestContextBootstrapper - Loaded default TestExecutionListener class names from location [META-INF/spring.factories]: [org.springframework.boot.test.mock.mockito.MockitoTestExecutionListener, org.springframework.boot.test.mock.mockito.ResetMocksTestExecutionListener, org.springframework.boot.test.autoconfigure.restdocs.RestDocsTestExecutionListener, org.springframework.boot.test.autoconfigure.web.client.MockRestServiceServerResetTestExecutionListener, org.springframework.boot.test.autoconfigure.web.servlet.MockMvcPrintOnlyOnFailureTestExecutionListener, org.springframework.boot.test.autoconfigure.web.servlet.WebDriverTestExecutionListener, org.springframework.boot.test.autoconfigure.webservices.client.MockWebServiceServerTestExecutionListener, org.springframework.test.context.web.ServletTestExecutionListener, org.springframework.test.context.support.DirtiesContextBeforeModesTestExecutionListener, org.springframework.test.context.support.DependencyInjectionTestExecutionListener, org.springframework.test.context.support.DirtiesContextTestExecutionListener, org.springframework.test.context.transaction.TransactionalTestExecutionListener, org.springframework.test.context.jdbc.SqlScriptsTestExecutionListener, org.springframework.test.context.event.EventPublishingTestExecutionListener, org.springframework.security.test.context.support.WithSecurityContextTestExecutionListener, org.springframework.security.test.context.support.ReactorContextTestExecutionListener]
2026-08-17 15:13:35.858 [main] INFO  o.s.b.t.c.SpringBootTestContextBootstrapper - Using TestExecutionListeners: [org.springframework.test.context.web.ServletTestExecutionListener@68e4b277, org.springframework.test.context.support.DirtiesContextBeforeModesTestExecutionListener@4eab4474, org.springframework.boot.test.mock.mockito.MockitoTestExecutionListener@6c945ef9, org.springframework.boot.test.autoconfigure.SpringBootDependencyInjectionTestExecutionListener@7d4f7d5e, org.springframework.test.context.support.DirtiesContextTestExecutionListener@30f51f8a, org.springframework.test.context.transaction.TransactionalTestExecutionListener@24697504, org.springframework.test.context.jdbc.SqlScriptsTestExecutionListener@6a4484e6, org.springframework.test.context.event.EventPublishingTestExecutionListener@6c67a17d, org.springframework.security.test.context.support.WithSecurityContextTestExecutionListener@74f6fa34, org.springframework.security.test.context.support.ReactorContextTestExecutionListener@1b5860fb, org.springframework.boot.test.mock.mockito.ResetMocksTestExecutionListener@5575b4c2, org.springframework.boot.test.autoconfigure.restdocs.RestDocsTestExecutionListener@4c89b58, org.springframework.boot.test.autoconfigure.web.client.MockRestServiceServerResetTestExecutionListener@472cf6af, org.springframework.boot.test.autoconfigure.web.servlet.MockMvcPrintOnlyOnFailureTestExecutionListener@1fab1909, org.springframework.boot.test.autoconfigure.web.servlet.WebDriverTestExecutionListener@67807d9a, org.springframework.boot.test.autoconfigure.webservices.client.MockWebServiceServerTestExecutionListener@27523869]
2026-08-17 15:13:35.869 [main] INFO  c.v.f.EndToEndIntegrationTest - Starting EndToEndIntegrationTest using Java 11.0.32 on lenovo-legion-16iah7h-PF3XJ8SP with PID 370409 (started by ayin in /home/ayin/projs/firstspringboot)
2026-08-17 15:13:35.870 [main] INFO  c.v.f.EndToEndIntegrationTest - No active profile set, falling back to default profiles: default
2026-08-17 15:13:36.003 [main] INFO  o.s.d.r.c.RepositoryConfigurationDelegate - Bootstrapping Spring Data JPA repositories in DEFAULT mode.
2026-08-17 15:13:36.011 [main] INFO  o.s.d.r.c.RepositoryConfigurationDelegate - Finished Spring Data repository scanning in 7 ms. Found 3 JPA repository interfaces.
2026-08-17 15:13:36.073 [main] INFO  o.s.c.s.PostProcessorRegistrationDelegate$BeanPostProcessorChecker - Bean 'org.springframework.security.access.expression.method.DefaultMethodSecurityExpressionHandler@630ae6ce' of type [org.springframework.security.access.expression.method.DefaultMethodSecurityExpressionHandler] is not eligible for getting processed by all BeanPostProcessors (for example: not eligible for auto-proxying)
2026-08-17 15:13:36.076 [main] INFO  o.s.c.s.PostProcessorRegistrationDelegate$BeanPostProcessorChecker - Bean 'methodSecurityMetadataSource' of type [org.springframework.security.access.method.DelegatingMethodSecurityMetadataSource] is not eligible for getting processed by all BeanPostProcessors (for example: not eligible for auto-proxying)
2026-08-17 15:13:36.101 [main] INFO  com.zaxxer.hikari.HikariDataSource - HikariPool-2 - Starting...
2026-08-17 15:13:36.104 [main] INFO  com.zaxxer.hikari.HikariDataSource - HikariPool-2 - Start completed.
2026-08-17 15:13:36.158 [main] INFO  liquibase.changelog - Reading from firstspringboot.DATABASECHANGELOG
2026-08-17 15:13:36.191 [main] INFO  liquibase.ui - Database is up to date, no changesets to execute
2026-08-17 15:13:36.192 [main] INFO  liquibase.util - UPDATE SUMMARY
2026-08-17 15:13:36.193 [main] INFO  liquibase.util - Run:                          0
2026-08-17 15:13:36.193 [main] INFO  liquibase.util - Previously run:               3
2026-08-17 15:13:36.193 [main] INFO  liquibase.util - Filtered out:                 0
2026-08-17 15:13:36.193 [main] INFO  liquibase.util - -------------------------------
2026-08-17 15:13:36.193 [main] INFO  liquibase.util - Total change sets:            3
2026-08-17 15:13:36.193 [main] INFO  liquibase.util - Update summary generated
2026-08-17 15:13:36.193 [main] INFO  liquibase.command - Command execution complete
2026-08-17 15:13:36.213 [main] INFO  o.h.jpa.internal.util.LogHelper - HHH000204: Processing PersistenceUnitInfo [name: default]
2026-08-17 15:13:36.217 [main] INFO  org.hibernate.dialect.Dialect - HHH000400: Using dialect: org.hibernate.dialect.MariaDB53Dialect
2026-08-17 15:13:36.250 [main] INFO  o.h.e.t.j.p.i.JtaPlatformInitiator - HHH000490: Using JtaPlatform implementation: [org.hibernate.engine.transaction.jta.platform.internal.NoJtaPlatform]
2026-08-17 15:13:36.251 [main] INFO  o.s.o.j.LocalContainerEntityManagerFactoryBean - Initialized JPA EntityManagerFactory for persistence unit 'default'
2026-08-17 15:13:36.271 [main] WARN  o.s.b.a.o.j.JpaBaseConfiguration$JpaWebConfiguration - spring.jpa.open-in-view is enabled by default. Therefore, database queries may be performed during view rendering. Explicitly configure spring.jpa.open-in-view to disable this warning
2026-08-17 15:13:36.626 [main] INFO  o.s.s.web.DefaultSecurityFilterChain - Will secure any request with [org.springframework.security.web.context.request.async.WebAsyncManagerIntegrationFilter@315edc50, org.springframework.security.web.context.SecurityContextPersistenceFilter@3bd623b2, org.springframework.security.web.header.HeaderWriterFilter@6271a097, org.springframework.security.web.csrf.CsrfFilter@5308b244, org.springframework.security.web.authentication.logout.LogoutFilter@18e8003a, org.springframework.security.oauth2.server.resource.web.BearerTokenAuthenticationFilter@d4c6a43, org.springframework.security.web.savedrequest.RequestCacheAwareFilter@1e3e01b, org.springframework.security.web.servletapi.SecurityContextHolderAwareRequestFilter@6ef99da8, org.springframework.security.web.authentication.AnonymousAuthenticationFilter@4b0e0dd5, org.springframework.security.web.session.SessionManagementFilter@2dda3edf, org.springframework.security.web.access.ExceptionTranslationFilter@26d38b98, org.springframework.security.web.access.intercept.FilterSecurityInterceptor@2531c319]
2026-08-17 15:13:36.710 [main] INFO  o.s.s.c.ThreadPoolTaskExecutor - Initializing ExecutorService 'applicationTaskExecutor'
2026-08-17 15:13:36.925 [main] INFO  o.s.s.c.ThreadPoolTaskScheduler - Initializing ExecutorService 'taskScheduler'
2026-08-17 15:13:36.958 [main] INFO  o.s.b.t.m.w.SpringBootMockServletContext - Initializing Spring TestDispatcherServlet ''
2026-08-17 15:13:36.958 [main] INFO  o.s.t.w.s.TestDispatcherServlet - Initializing Servlet ''
2026-08-17 15:13:36.963 [main] INFO  o.s.b.a.e.web.EndpointLinksResolver - Exposing 1 endpoint(s) beneath base path '/actuator'
2026-08-17 15:13:36.981 [main] INFO  o.s.t.w.s.TestDispatcherServlet - Completed initialization in 22 ms
2026-08-17 15:13:37.000 [main] INFO  c.v.f.EndToEndIntegrationTest - Started EndToEndIntegrationTest in 1.14 seconds (JVM running for 9.335)
2026-08-17 15:13:37.002 [main] INFO  c.v.f.s.KeycloakUserSyncCronjob - Starting Keycloak user synchronization...
2026-08-17 15:13:37.041 [main] INFO  c.v.f.aspect.LoggingAspect - [[BEFORE]] [2026-08-17T08:13:37.041455Z] method: UserServiceImpl.createUser(..), params: [com.viettelsoftware.firstspringboot.entity.User@4c25906b]
2026-08-17 15:13:37.083 [main] INFO  c.v.f.aspect.LoggingAspect - [[BEFORE]] [2026-08-17T08:13:37.083942Z] method: AuditServiceImpl.audit(..), params: [com.viettelsoftware.firstspringboot.entity.AuditEvent@3f993305]
2026-08-17 15:13:37.104 [main] INFO  c.v.f.aspect.LoggingAspect - [[AFTER]] [2026-08-17T08:13:37.104318Z] method: AuditServiceImpl.audit(..), params: [com.viettelsoftware.firstspringboot.entity.AuditEvent@3f993305]
2026-08-17 15:13:37.104 [main] INFO  c.v.f.aspect.LoggingAspect - [[AFTER]] [2026-08-17T08:13:37.104407Z] method: UserServiceImpl.createUser(..), params: [com.viettelsoftware.firstspringboot.entity.User@4c25906b]
2026-08-17 15:13:37.104 [main] INFO  c.v.f.aspect.LoggingAspect - [[BEFORE]] [2026-08-17T08:13:37.104457Z] method: UserServiceImpl.createUser(..), params: [com.viettelsoftware.firstspringboot.entity.User@5fb65af5]
2026-08-17 15:13:37.143 [main] INFO  c.v.f.aspect.LoggingAspect - [[BEFORE]] [2026-08-17T08:13:37.143914Z] method: AuditServiceImpl.audit(..), params: [com.viettelsoftware.firstspringboot.entity.AuditEvent@234635cc]
2026-08-17 15:13:37.162 [main] INFO  c.v.f.aspect.LoggingAspect - [[AFTER]] [2026-08-17T08:13:37.161980Z] method: AuditServiceImpl.audit(..), params: [com.viettelsoftware.firstspringboot.entity.AuditEvent@234635cc]
2026-08-17 15:13:37.162 [main] INFO  c.v.f.aspect.LoggingAspect - [[AFTER]] [2026-08-17T08:13:37.162068Z] method: UserServiceImpl.createUser(..), params: [com.viettelsoftware.firstspringboot.entity.User@5fb65af5]
2026-08-17 15:13:37.162 [main] INFO  c.v.f.s.KeycloakUserSyncCronjob - Keycloak user synchronization completed successfully. Synced 2 users.
2026-08-17 15:13:37.185 [main] INFO  c.v.f.aspect.LoggingAspect - [[BEFORE]] [2026-08-17T08:13:37.185450Z] method: TaskController.getTasks(), params: []
2026-08-17 15:13:37.188 [main] INFO  c.v.f.aspect.LoggingAspect - [[BEFORE]] [2026-08-17T08:13:37.188119Z] method: TaskServiceImpl.getTasks(), params: []
2026-08-17 15:13:37.196 [main] INFO  c.v.f.aspect.LoggingAspect - [[AFTER]] [2026-08-17T08:13:37.196827Z] method: TaskServiceImpl.getTasks(), params: []
2026-08-17 15:13:37.196 [main] INFO  c.v.f.aspect.LoggingAspect - [[AFTER]] [2026-08-17T08:13:37.196947Z] method: TaskController.getTasks(), params: []
2026-08-17 15:13:37.222 [main] INFO  c.v.f.aspect.LoggingAspect - [[BEFORE]] [2026-08-17T08:13:37.222925Z] method: TaskController.exportTasks(), params: []
2026-08-17 15:13:37.223 [main] INFO  c.v.f.aspect.LoggingAspect - [[BEFORE]] [2026-08-17T08:13:37.223071Z] method: TaskExportServiceImpl.exportTasks(), params: []
2026-08-17 15:13:37.226 [main] INFO  c.v.f.aspect.LoggingAspect - [[BEFORE]] [2026-08-17T08:13:37.226277Z] method: TaskServiceImpl.getTasks(), params: []
2026-08-17 15:13:37.228 [main] INFO  c.v.f.aspect.LoggingAspect - [[AFTER]] [2026-08-17T08:13:37.228529Z] method: TaskServiceImpl.getTasks(), params: []
2026-08-17 15:13:37.228 [main] INFO  org.jxls.util.TransformerFactory - Loading transformer by class org.jxls.transform.poi.PoiTransformer
2026-08-17 15:13:37.263 [main] INFO  c.v.f.aspect.LoggingAspect - [[AFTER]] [2026-08-17T08:13:37.263909Z] method: TaskExportServiceImpl.exportTasks(), params: []
2026-08-17 15:13:37.264 [main] INFO  c.v.f.aspect.LoggingAspect - [[AFTER]] [2026-08-17T08:13:37.264654Z] method: TaskController.exportTasks(), params: []
2026-08-17 15:13:37.310 [main] WARN  o.s.w.s.m.s.DefaultHandlerExceptionResolver - Resolved [org.springframework.web.bind.MethodArgumentNotValidException: Validation failed for argument [0] in public com.viettelsoftware.firstspringboot.entity.Task com.viettelsoftware.firstspringboot.controller.TaskController.createTask(com.viettelsoftware.firstspringboot.dto.CreateTaskRequest): [Field error in object 'createTaskRequest' on field 'description': rejected value [ Invalid Description ]; codes [ValidTaskDescription.createTaskRequest.description,ValidTaskDescription.description,ValidTaskDescription.java.lang.String,ValidTaskDescription]; arguments [org.springframework.context.support.DefaultMessageSourceResolvable: codes [createTaskRequest.description,description]; arguments []; default message [description]]; default message [Invalid task description (must be `@NotBlank + @Size(max = 255) + @Pattern(regexp = "^\S(?:.*\S)?$")`)]] ]
2026-08-17 15:13:37.315 [main] INFO  c.v.f.aspect.LoggingAspect - [[BEFORE]] [2026-08-17T08:13:37.315701Z] method: UserController.profile(), params: []
2026-08-17 15:13:37.319 [main] INFO  c.v.f.aspect.LoggingAspect - [[BEFORE]] [2026-08-17T08:13:37.319147Z] method: AuthServiceImpl.getCurrentUser(), params: []
2026-08-17 15:13:37.321 [main] INFO  c.v.f.aspect.LoggingAspect - [[AFTER]] [2026-08-17T08:13:37.321477Z] method: AuthServiceImpl.getCurrentUser(), params: []
2026-08-17 15:13:37.321 [main] INFO  c.v.f.aspect.LoggingAspect - [[AFTER]] [2026-08-17T08:13:37.321929Z] method: UserController.profile(), params: []
2026-08-17 15:13:37.343 [main] INFO  c.v.f.aspect.LoggingAspect - [[BEFORE]] [2026-08-17T08:13:37.343952Z] method: UserController.createUser(..), params: [com.viettelsoftware.firstspringboot.dto.CreateUserRequest@4b10e470]
2026-08-17 15:13:37.344 [main] INFO  c.v.f.aspect.LoggingAspect - [[BEFORE]] [2026-08-17T08:13:37.344089Z] method: UserServiceImpl.createUser(..), params: [com.viettelsoftware.firstspringboot.entity.User@61140895]
2026-08-17 15:13:37.390 [main] INFO  c.v.f.aspect.LoggingAspect - [[BEFORE]] [2026-08-17T08:13:37.390203Z] method: AuditServiceImpl.audit(..), params: [com.viettelsoftware.firstspringboot.entity.AuditEvent@165e3835]
2026-08-17 15:13:37.407 [main] INFO  c.v.f.aspect.LoggingAspect - [[AFTER]] [2026-08-17T08:13:37.407662Z] method: AuditServiceImpl.audit(..), params: [com.viettelsoftware.firstspringboot.entity.AuditEvent@165e3835]
2026-08-17 15:13:37.407 [main] INFO  c.v.f.aspect.LoggingAspect - [[AFTER]] [2026-08-17T08:13:37.407771Z] method: UserServiceImpl.createUser(..), params: [com.viettelsoftware.firstspringboot.entity.User@61140895]
2026-08-17 15:13:37.407 [main] INFO  c.v.f.aspect.LoggingAspect - [[AFTER]] [2026-08-17T08:13:37.407797Z] method: UserController.createUser(..), params: [com.viettelsoftware.firstspringboot.dto.CreateUserRequest@4b10e470]
2026-08-17 15:13:37.410 [main] INFO  c.v.f.aspect.LoggingAspect - [[BEFORE]] [2026-08-17T08:13:37.410677Z] method: UserController.getUsers(), params: []
2026-08-17 15:13:37.410 [main] INFO  c.v.f.aspect.LoggingAspect - [[BEFORE]] [2026-08-17T08:13:37.410802Z] method: UserServiceImpl.getUsers(), params: []
2026-08-17 15:13:37.414 [main] INFO  c.v.f.aspect.LoggingAspect - [[AFTER]] [2026-08-17T08:13:37.414775Z] method: UserServiceImpl.getUsers(), params: []
2026-08-17 15:13:37.414 [main] INFO  c.v.f.aspect.LoggingAspect - [[AFTER]] [2026-08-17T08:13:37.414889Z] method: UserController.getUsers(), params: []
2026-08-17 15:13:37.419 [main] INFO  c.v.f.aspect.LoggingAspect - [[BEFORE]] [2026-08-17T08:13:37.419059Z] method: UserController.exportUsers(), params: []
2026-08-17 15:13:37.419 [main] INFO  c.v.f.aspect.LoggingAspect - [[BEFORE]] [2026-08-17T08:13:37.419359Z] method: UserExportServiceImpl.exportUsers(), params: []
2026-08-17 15:13:37.421 [main] INFO  c.v.f.aspect.LoggingAspect - [[BEFORE]] [2026-08-17T08:13:37.421176Z] method: UserServiceImpl.getUsers(), params: []
2026-08-17 15:13:37.423 [main] INFO  c.v.f.aspect.LoggingAspect - [[AFTER]] [2026-08-17T08:13:37.423200Z] method: UserServiceImpl.getUsers(), params: []
2026-08-17 15:13:37.423 [main] INFO  org.jxls.util.TransformerFactory - Loading transformer by class org.jxls.transform.poi.PoiTransformer
2026-08-17 15:13:37.450 [main] INFO  c.v.f.aspect.LoggingAspect - [[AFTER]] [2026-08-17T08:13:37.450910Z] method: UserExportServiceImpl.exportUsers(), params: []
2026-08-17 15:13:37.451 [main] INFO  c.v.f.aspect.LoggingAspect - [[AFTER]] [2026-08-17T08:13:37.451447Z] method: UserController.exportUsers(), params: []
2026-08-17 15:13:37.473 [main] INFO  c.v.f.aspect.LoggingAspect - [[BEFORE]] [2026-08-17T08:13:37.473398Z] method: TestService.testMethod(), params: [arg1]
2026-08-17 15:13:37.473 [main] INFO  c.v.f.aspect.LoggingAspect - [[AFTER]] [2026-08-17T08:13:37.473602Z] method: TestService.testMethod(), params: [arg1]
2026-08-17 15:13:37.695 [main] INFO  c.v.f.s.KeycloakUserSyncCronjob - Starting Keycloak user synchronization...
2026-08-17 15:13:37.698 [main] ERROR c.v.f.s.KeycloakUserSyncCronjob - Error occurred while syncing Keycloak users: I/O error on POST request for "http://localhost:9999/realms/master/protocol/openid-connect/token": Connection refused (Connection refused); nested exception is java.net.ConnectException: Connection refused (Connection refused)
org.springframework.web.client.ResourceAccessException: I/O error on POST request for "http://localhost:9999/realms/master/protocol/openid-connect/token": Connection refused (Connection refused); nested exception is java.net.ConnectException: Connection refused (Connection refused)
	at org.springframework.web.client.RestTemplate.doExecute(RestTemplate.java:784)
	at org.springframework.web.client.RestTemplate.execute(RestTemplate.java:710)
	at org.springframework.web.client.RestTemplate.exchange(RestTemplate.java:630)
	at com.viettelsoftware.firstspringboot.scheduler.KeycloakUserSyncCronjob.getAdminAccessToken(KeycloakUserSyncCronjob.java:115)
	at com.viettelsoftware.firstspringboot.scheduler.KeycloakUserSyncCronjob.syncKeycloakUsers(KeycloakUserSyncCronjob.java:57)
	at com.viettelsoftware.firstspringboot.scheduler.KeycloakUserSyncCronjobTest.lambda$testSyncKeycloakUsersHandledGracefullyWhenServerDown$0(KeycloakUserSyncCronjobTest.java:33)
	at org.junit.jupiter.api.AssertDoesNotThrow.assertDoesNotThrow(AssertDoesNotThrow.java:50)
	at org.junit.jupiter.api.AssertDoesNotThrow.assertDoesNotThrow(AssertDoesNotThrow.java:37)
	at org.junit.jupiter.api.Assertions.assertDoesNotThrow(Assertions.java:3060)
	at com.viettelsoftware.firstspringboot.scheduler.KeycloakUserSyncCronjobTest.testSyncKeycloakUsersHandledGracefullyWhenServerDown(KeycloakUserSyncCronjobTest.java:33)
	at java.base/jdk.internal.reflect.NativeMethodAccessorImpl.invoke0(Native Method)
	at java.base/jdk.internal.reflect.NativeMethodAccessorImpl.invoke(NativeMethodAccessorImpl.java:62)
	at java.base/jdk.internal.reflect.DelegatingMethodAccessorImpl.invoke(DelegatingMethodAccessorImpl.java:43)
	at java.base/java.lang.reflect.Method.invoke(Method.java:566)
	at org.junit.platform.commons.util.ReflectionUtils.invokeMethod(ReflectionUtils.java:688)
	at org.junit.jupiter.engine.execution.MethodInvocation.proceed(MethodInvocation.java:60)
	at org.junit.jupiter.engine.execution.InvocationInterceptorChain$ValidatingInvocation.proceed(InvocationInterceptorChain.java:131)
	at org.junit.jupiter.engine.extension.TimeoutExtension.intercept(TimeoutExtension.java:149)
	at org.junit.jupiter.engine.extension.TimeoutExtension.interceptTestableMethod(TimeoutExtension.java:140)
	at org.junit.jupiter.engine.extension.TimeoutExtension.interceptTestMethod(TimeoutExtension.java:84)
	at org.junit.jupiter.engine.execution.ExecutableInvoker$ReflectiveInterceptorCall.lambda$ofVoidMethod$0(ExecutableInvoker.java:115)
	at org.junit.jupiter.engine.execution.ExecutableInvoker.lambda$invoke$0(ExecutableInvoker.java:105)
	at org.junit.jupiter.engine.execution.InvocationInterceptorChain$InterceptedInvocation.proceed(InvocationInterceptorChain.java:106)
	at org.junit.jupiter.engine.execution.InvocationInterceptorChain.proceed(InvocationInterceptorChain.java:64)
	at org.junit.jupiter.engine.execution.InvocationInterceptorChain.chainAndInvoke(InvocationInterceptorChain.java:45)
	at org.junit.jupiter.engine.execution.InvocationInterceptorChain.invoke(InvocationInterceptorChain.java:37)
	at org.junit.jupiter.engine.execution.ExecutableInvoker.invoke(ExecutableInvoker.java:104)
	at org.junit.jupiter.engine.execution.ExecutableInvoker.invoke(ExecutableInvoker.java:98)
	at org.junit.jupiter.engine.descriptor.TestMethodTestDescriptor.lambda$invokeTestMethod$6(TestMethodTestDescriptor.java:210)
	at org.junit.platform.engine.support.hierarchical.ThrowableCollector.execute(ThrowableCollector.java:73)
	at org.junit.jupiter.engine.descriptor.TestMethodTestDescriptor.invokeTestMethod(TestMethodTestDescriptor.java:206)
	at org.junit.jupiter.engine.descriptor.TestMethodTestDescriptor.execute(TestMethodTestDescriptor.java:131)
	at org.junit.jupiter.engine.descriptor.TestMethodTestDescriptor.execute(TestMethodTestDescriptor.java:65)
	at org.junit.platform.engine.support.hierarchical.NodeTestTask.lambda$executeRecursively$5(NodeTestTask.java:139)
	at org.junit.platform.engine.support.hierarchical.ThrowableCollector.execute(ThrowableCollector.java:73)
	at org.junit.platform.engine.support.hierarchical.NodeTestTask.lambda$executeRecursively$7(NodeTestTask.java:129)
	at org.junit.platform.engine.support.hierarchical.Node.around(Node.java:137)
	at org.junit.platform.engine.support.hierarchical.NodeTestTask.lambda$executeRecursively$8(NodeTestTask.java:127)
	at org.junit.platform.engine.support.hierarchical.ThrowableCollector.execute(ThrowableCollector.java:73)
	at org.junit.platform.engine.support.hierarchical.NodeTestTask.executeRecursively(NodeTestTask.java:126)
	at org.junit.platform.engine.support.hierarchical.NodeTestTask.execute(NodeTestTask.java:84)
	at java.base/java.util.ArrayList.forEach(ArrayList.java:1541)
	at org.junit.platform.engine.support.hierarchical.SameThreadHierarchicalTestExecutorService.invokeAll(SameThreadHierarchicalTestExecutorService.java:38)
	at org.junit.platform.engine.support.hierarchical.NodeTestTask.lambda$executeRecursively$5(NodeTestTask.java:143)
	at org.junit.platform.engine.support.hierarchical.ThrowableCollector.execute(ThrowableCollector.java:73)
	at org.junit.platform.engine.support.hierarchical.NodeTestTask.lambda$executeRecursively$7(NodeTestTask.java:129)
	at org.junit.platform.engine.support.hierarchical.Node.around(Node.java:137)
	at org.junit.platform.engine.support.hierarchical.NodeTestTask.lambda$executeRecursively$8(NodeTestTask.java:127)
	at org.junit.platform.engine.support.hierarchical.ThrowableCollector.execute(ThrowableCollector.java:73)
	at org.junit.platform.engine.support.hierarchical.NodeTestTask.executeRecursively(NodeTestTask.java:126)
	at org.junit.platform.engine.support.hierarchical.NodeTestTask.execute(NodeTestTask.java:84)
	at java.base/java.util.ArrayList.forEach(ArrayList.java:1541)
	at org.junit.platform.engine.support.hierarchical.SameThreadHierarchicalTestExecutorService.invokeAll(SameThreadHierarchicalTestExecutorService.java:38)
	at org.junit.platform.engine.support.hierarchical.NodeTestTask.lambda$executeRecursively$5(NodeTestTask.java:143)
	at org.junit.platform.engine.support.hierarchical.ThrowableCollector.execute(ThrowableCollector.java:73)
	at org.junit.platform.engine.support.hierarchical.NodeTestTask.lambda$executeRecursively$7(NodeTestTask.java:129)
	at org.junit.platform.engine.support.hierarchical.Node.around(Node.java:137)
	at org.junit.platform.engine.support.hierarchical.NodeTestTask.lambda$executeRecursively$8(NodeTestTask.java:127)
	at org.junit.platform.engine.support.hierarchical.ThrowableCollector.execute(ThrowableCollector.java:73)
	at org.junit.platform.engine.support.hierarchical.NodeTestTask.executeRecursively(NodeTestTask.java:126)
	at org.junit.platform.engine.support.hierarchical.NodeTestTask.execute(NodeTestTask.java:84)
	at org.junit.platform.engine.support.hierarchical.SameThreadHierarchicalTestExecutorService.submit(SameThreadHierarchicalTestExecutorService.java:32)
	at org.junit.platform.engine.support.hierarchical.HierarchicalTestExecutor.execute(HierarchicalTestExecutor.java:57)
	at org.junit.platform.engine.support.hierarchical.HierarchicalTestEngine.execute(HierarchicalTestEngine.java:51)
	at org.junit.platform.launcher.core.DefaultLauncher.execute(DefaultLauncher.java:220)
	at org.junit.platform.launcher.core.DefaultLauncher.lambda$execute$6(DefaultLauncher.java:188)
	at org.junit.platform.launcher.core.DefaultLauncher.withInterceptedStreams(DefaultLauncher.java:202)
	at org.junit.platform.launcher.core.DefaultLauncher.execute(DefaultLauncher.java:181)
	at org.junit.platform.launcher.core.DefaultLauncher.execute(DefaultLauncher.java:128)
	at org.apache.maven.surefire.junitplatform.JUnitPlatformProvider.invokeAllTests(JUnitPlatformProvider.java:150)
	at org.apache.maven.surefire.junitplatform.JUnitPlatformProvider.invoke(JUnitPlatformProvider.java:124)
	at org.apache.maven.surefire.booter.ForkedBooter.invokeProviderInSameClassLoader(ForkedBooter.java:384)
	at org.apache.maven.surefire.booter.ForkedBooter.runSuitesInProcess(ForkedBooter.java:345)
	at org.apache.maven.surefire.booter.ForkedBooter.execute(ForkedBooter.java:126)
	at org.apache.maven.surefire.booter.ForkedBooter.main(ForkedBooter.java:418)
Caused by: java.net.ConnectException: Connection refused (Connection refused)
	at java.base/java.net.PlainSocketImpl.socketConnect(Native Method)
	at java.base/java.net.AbstractPlainSocketImpl.doConnect(AbstractPlainSocketImpl.java:412)
	at java.base/java.net.AbstractPlainSocketImpl.connectToAddress(AbstractPlainSocketImpl.java:255)
	at java.base/java.net.AbstractPlainSocketImpl.connect(AbstractPlainSocketImpl.java:237)
	at java.base/java.net.Socket.connect(Socket.java:609)
	at java.base/java.net.Socket.connect(Socket.java:558)
	at java.base/sun.net.NetworkClient.doConnect(NetworkClient.java:182)
	at java.base/sun.net.www.http.HttpClient.openServer(HttpClient.java:509)
	at java.base/sun.net.www.http.HttpClient.openServer(HttpClient.java:604)
	at java.base/sun.net.www.http.HttpClient.<init>(HttpClient.java:279)
	at java.base/sun.net.www.http.HttpClient.New(HttpClient.java:376)
	at java.base/sun.net.www.http.HttpClient.New(HttpClient.java:397)
	at java.base/sun.net.www.protocol.http.HttpURLConnection.getNewHttpClient(HttpURLConnection.java:1270)
	at java.base/sun.net.www.protocol.http.HttpURLConnection.plainConnect0(HttpURLConnection.java:1204)
	at java.base/sun.net.www.protocol.http.HttpURLConnection.plainConnect(HttpURLConnection.java:1098)
	at java.base/sun.net.www.protocol.http.HttpURLConnection.connect(HttpURLConnection.java:1032)
	at org.springframework.http.client.SimpleBufferingClientHttpRequest.executeInternal(SimpleBufferingClientHttpRequest.java:76)
	at org.springframework.http.client.AbstractBufferingClientHttpRequest.executeInternal(AbstractBufferingClientHttpRequest.java:48)
	at org.springframework.http.client.AbstractClientHttpRequest.execute(AbstractClientHttpRequest.java:66)
	at org.springframework.web.client.RestTemplate.doExecute(RestTemplate.java:775)
	... 74 common frames omitted
2026-08-17 15:13:37.705 [SpringContextShutdownHook] INFO  o.s.s.c.ThreadPoolTaskScheduler - Shutting down ExecutorService 'taskScheduler'
2026-08-17 15:13:37.705 [SpringContextShutdownHook] INFO  o.s.s.c.ThreadPoolTaskScheduler - Shutting down ExecutorService 'taskScheduler'
2026-08-17 15:13:37.706 [SpringContextShutdownHook] INFO  o.s.s.c.ThreadPoolTaskExecutor - Shutting down ExecutorService 'applicationTaskExecutor'
2026-08-17 15:13:37.706 [SpringContextShutdownHook] INFO  o.s.s.c.ThreadPoolTaskExecutor - Shutting down ExecutorService 'applicationTaskExecutor'
2026-08-17 15:13:37.710 [SpringContextShutdownHook] INFO  o.s.o.j.LocalContainerEntityManagerFactoryBean - Closing JPA EntityManagerFactory for persistence unit 'default'
2026-08-17 15:13:37.710 [SpringContextShutdownHook] INFO  o.s.o.j.LocalContainerEntityManagerFactoryBean - Closing JPA EntityManagerFactory for persistence unit 'default'
2026-08-17 15:13:37.711 [SpringContextShutdownHook] INFO  com.zaxxer.hikari.HikariDataSource - HikariPool-1 - Shutdown initiated...
2026-08-17 15:13:37.711 [SpringContextShutdownHook] INFO  com.zaxxer.hikari.HikariDataSource - HikariPool-2 - Shutdown initiated...
2026-08-17 15:13:37.714 [SpringContextShutdownHook] INFO  com.zaxxer.hikari.HikariDataSource - HikariPool-1 - Shutdown completed.
2026-08-17 15:13:37.715 [SpringContextShutdownHook] INFO  com.zaxxer.hikari.HikariDataSource - HikariPool-2 - Shutdown completed.
2026-08-17 15:14:04.534 [main] INFO  c.v.f.FirstspringbootApplicationTests - Starting FirstspringbootApplicationTests using Java 11.0.32 on lenovo-legion-16iah7h-PF3XJ8SP with PID 371357 (started by ayin in /home/ayin/projs/firstspringboot)
2026-08-17 15:14:04.536 [main] INFO  c.v.f.FirstspringbootApplicationTests - No active profile set, falling back to default profiles: default
2026-08-17 15:14:05.156 [main] INFO  o.s.d.r.c.RepositoryConfigurationDelegate - Bootstrapping Spring Data JPA repositories in DEFAULT mode.
2026-08-17 15:14:05.192 [main] INFO  o.s.d.r.c.RepositoryConfigurationDelegate - Finished Spring Data repository scanning in 30 ms. Found 3 JPA repository interfaces.
2026-08-17 15:14:05.490 [main] INFO  o.s.c.s.PostProcessorRegistrationDelegate$BeanPostProcessorChecker - Bean 'org.springframework.security.access.expression.method.DefaultMethodSecurityExpressionHandler@2748bd6c' of type [org.springframework.security.access.expression.method.DefaultMethodSecurityExpressionHandler] is not eligible for getting processed by all BeanPostProcessors (for example: not eligible for auto-proxying)
2026-08-17 15:14:05.501 [main] INFO  o.s.c.s.PostProcessorRegistrationDelegate$BeanPostProcessorChecker - Bean 'methodSecurityMetadataSource' of type [org.springframework.security.access.method.DelegatingMethodSecurityMetadataSource] is not eligible for getting processed by all BeanPostProcessors (for example: not eligible for auto-proxying)
2026-08-17 15:14:05.643 [main] INFO  com.zaxxer.hikari.HikariDataSource - HikariPool-1 - Starting...
2026-08-17 15:14:05.716 [main] INFO  com.zaxxer.hikari.HikariDataSource - HikariPool-1 - Start completed.
2026-08-17 15:14:06.165 [main] INFO  liquibase.changelog - Reading from firstspringboot.DATABASECHANGELOG
2026-08-17 15:14:06.230 [main] INFO  liquibase.ui - Database is up to date, no changesets to execute
2026-08-17 15:14:06.232 [main] INFO  liquibase.changelog - Reading from firstspringboot.DATABASECHANGELOG
2026-08-17 15:14:06.241 [main] INFO  liquibase.util - UPDATE SUMMARY
2026-08-17 15:14:06.241 [main] INFO  liquibase.util - Run:                          0
2026-08-17 15:14:06.241 [main] INFO  liquibase.util - Previously run:               3
2026-08-17 15:14:06.241 [main] INFO  liquibase.util - Filtered out:                 0
2026-08-17 15:14:06.241 [main] INFO  liquibase.util - -------------------------------
2026-08-17 15:14:06.241 [main] INFO  liquibase.util - Total change sets:            3
2026-08-17 15:14:06.242 [main] INFO  liquibase.util - Update summary generated
2026-08-17 15:14:06.243 [main] INFO  liquibase.command - Command execution complete
2026-08-17 15:14:07.447 [main] INFO  o.h.jpa.internal.util.LogHelper - HHH000204: Processing PersistenceUnitInfo [name: default]
2026-08-17 15:14:07.495 [main] INFO  org.hibernate.Version - HHH000412: Hibernate ORM core version 5.4.25.Final
2026-08-17 15:14:07.532 [main] INFO  o.h.annotations.common.Version - HCANN000001: Hibernate Commons Annotations {5.1.2.Final}
2026-08-17 15:14:07.640 [main] INFO  org.hibernate.dialect.Dialect - HHH000400: Using dialect: org.hibernate.dialect.MariaDB53Dialect
2026-08-17 15:14:07.853 [main] INFO  o.h.e.t.j.p.i.JtaPlatformInitiator - HHH000490: Using JtaPlatform implementation: [org.hibernate.engine.transaction.jta.platform.internal.NoJtaPlatform]
2026-08-17 15:14:07.857 [main] INFO  o.s.o.j.LocalContainerEntityManagerFactoryBean - Initialized JPA EntityManagerFactory for persistence unit 'default'
2026-08-17 15:14:07.895 [main] WARN  o.s.b.a.o.j.JpaBaseConfiguration$JpaWebConfiguration - spring.jpa.open-in-view is enabled by default. Therefore, database queries may be performed during view rendering. Explicitly configure spring.jpa.open-in-view to disable this warning
2026-08-17 15:14:08.816 [main] INFO  o.s.s.web.DefaultSecurityFilterChain - Will secure any request with [org.springframework.security.web.context.request.async.WebAsyncManagerIntegrationFilter@481d6644, org.springframework.security.web.context.SecurityContextPersistenceFilter@3593e8dd, org.springframework.security.web.header.HeaderWriterFilter@6fc1d215, org.springframework.security.web.csrf.CsrfFilter@686a08f4, org.springframework.security.web.authentication.logout.LogoutFilter@411e5672, org.springframework.security.oauth2.server.resource.web.BearerTokenAuthenticationFilter@51be4bf5, org.springframework.security.web.savedrequest.RequestCacheAwareFilter@71af3c7, org.springframework.security.web.servletapi.SecurityContextHolderAwareRequestFilter@2de526f9, org.springframework.security.web.authentication.AnonymousAuthenticationFilter@3d3362f5, org.springframework.security.web.session.SessionManagementFilter@4913465d, org.springframework.security.web.access.ExceptionTranslationFilter@342cc706, org.springframework.security.web.access.intercept.FilterSecurityInterceptor@1c3dadce]
2026-08-17 15:14:08.996 [main] INFO  o.s.s.c.ThreadPoolTaskExecutor - Initializing ExecutorService 'applicationTaskExecutor'
2026-08-17 15:14:09.389 [main] INFO  o.s.s.c.ThreadPoolTaskScheduler - Initializing ExecutorService 'taskScheduler'
2026-08-17 15:14:09.405 [main] INFO  o.s.b.a.e.web.EndpointLinksResolver - Exposing 1 endpoint(s) beneath base path '/actuator'
2026-08-17 15:14:09.440 [main] INFO  c.v.f.FirstspringbootApplicationTests - Started FirstspringbootApplicationTests in 5.082 seconds (JVM running for 6.871)
2026-08-17 15:14:09.481 [main] INFO  c.v.f.s.KeycloakUserSyncCronjob - Starting Keycloak user synchronization...
2026-08-17 15:14:09.526 [main] INFO  c.v.f.aspect.LoggingAspect - [[BEFORE]] [2026-08-17T08:14:09.525960Z] method: UserServiceImpl.createUser(..), params: [com.viettelsoftware.firstspringboot.entity.User@5b61d156]
2026-08-17 15:14:09.680 [main] INFO  c.v.f.aspect.LoggingAspect - [[BEFORE]] [2026-08-17T08:14:09.680834Z] method: AuditServiceImpl.audit(..), params: [com.viettelsoftware.firstspringboot.entity.AuditEvent@5e9257b3]
2026-08-17 15:14:09.683 [main] INFO  c.v.f.aspect.LoggingAspect - [[BEFORE]] [2026-08-17T08:14:09.683451Z] method: AuthServiceImpl.getCurrentUser(), params: []
2026-08-17 15:14:09.685 [main] INFO  c.v.f.aspect.LoggingAspect - [[AFTER]] [2026-08-17T08:14:09.685289Z] method: AuthServiceImpl.getCurrentUser(), params: []
2026-08-17 15:14:09.702 [main] INFO  c.v.f.aspect.LoggingAspect - [[AFTER]] [2026-08-17T08:14:09.702921Z] method: AuditServiceImpl.audit(..), params: [com.viettelsoftware.firstspringboot.entity.AuditEvent@5e9257b3]
2026-08-17 15:14:09.703 [main] INFO  c.v.f.aspect.LoggingAspect - [[AFTER]] [2026-08-17T08:14:09.703026Z] method: UserServiceImpl.createUser(..), params: [com.viettelsoftware.firstspringboot.entity.User@5b61d156]
2026-08-17 15:14:09.703 [main] INFO  c.v.f.aspect.LoggingAspect - [[BEFORE]] [2026-08-17T08:14:09.703078Z] method: UserServiceImpl.createUser(..), params: [com.viettelsoftware.firstspringboot.entity.User@51e0629a]
2026-08-17 15:14:09.740 [main] INFO  c.v.f.aspect.LoggingAspect - [[BEFORE]] [2026-08-17T08:14:09.740050Z] method: AuditServiceImpl.audit(..), params: [com.viettelsoftware.firstspringboot.entity.AuditEvent@45cee4d2]
2026-08-17 15:14:09.740 [main] INFO  c.v.f.aspect.LoggingAspect - [[BEFORE]] [2026-08-17T08:14:09.740139Z] method: AuthServiceImpl.getCurrentUser(), params: []
2026-08-17 15:14:09.740 [main] INFO  c.v.f.aspect.LoggingAspect - [[AFTER]] [2026-08-17T08:14:09.740165Z] method: AuthServiceImpl.getCurrentUser(), params: []
2026-08-17 15:14:09.748 [main] INFO  c.v.f.aspect.LoggingAspect - [[AFTER]] [2026-08-17T08:14:09.748312Z] method: AuditServiceImpl.audit(..), params: [com.viettelsoftware.firstspringboot.entity.AuditEvent@45cee4d2]
2026-08-17 15:14:09.748 [main] INFO  c.v.f.aspect.LoggingAspect - [[AFTER]] [2026-08-17T08:14:09.748379Z] method: UserServiceImpl.createUser(..), params: [com.viettelsoftware.firstspringboot.entity.User@51e0629a]
2026-08-17 15:14:09.748 [main] INFO  c.v.f.s.KeycloakUserSyncCronjob - Keycloak user synchronization completed successfully. Synced 2 users.
2026-08-17 15:14:09.804 [main] INFO  o.s.b.t.c.SpringBootTestContextBootstrapper - Neither @ContextConfiguration nor @ContextHierarchy found for test class [com.viettelsoftware.firstspringboot.EndToEndIntegrationTest], using SpringBootContextLoader
2026-08-17 15:14:09.804 [main] INFO  o.s.t.c.s.AbstractContextLoader - Could not detect default resource locations for test class [com.viettelsoftware.firstspringboot.EndToEndIntegrationTest]: no resource found for suffixes {-context.xml, Context.groovy}.
2026-08-17 15:14:09.804 [main] INFO  o.s.t.c.s.AnnotationConfigContextLoaderUtils - Could not detect default configuration classes for test class [com.viettelsoftware.firstspringboot.EndToEndIntegrationTest]: EndToEndIntegrationTest does not declare any static, non-private, non-final, nested classes annotated with @Configuration.
2026-08-17 15:14:09.808 [main] INFO  o.s.b.t.c.SpringBootTestContextBootstrapper - Found @SpringBootConfiguration com.viettelsoftware.firstspringboot.FirstspringbootApplication for test class com.viettelsoftware.firstspringboot.EndToEndIntegrationTest
2026-08-17 15:14:09.809 [main] INFO  o.s.b.t.c.SpringBootTestContextBootstrapper - Loaded default TestExecutionListener class names from location [META-INF/spring.factories]: [org.springframework.boot.test.mock.mockito.MockitoTestExecutionListener, org.springframework.boot.test.mock.mockito.ResetMocksTestExecutionListener, org.springframework.boot.test.autoconfigure.restdocs.RestDocsTestExecutionListener, org.springframework.boot.test.autoconfigure.web.client.MockRestServiceServerResetTestExecutionListener, org.springframework.boot.test.autoconfigure.web.servlet.MockMvcPrintOnlyOnFailureTestExecutionListener, org.springframework.boot.test.autoconfigure.web.servlet.WebDriverTestExecutionListener, org.springframework.boot.test.autoconfigure.webservices.client.MockWebServiceServerTestExecutionListener, org.springframework.test.context.web.ServletTestExecutionListener, org.springframework.test.context.support.DirtiesContextBeforeModesTestExecutionListener, org.springframework.test.context.support.DependencyInjectionTestExecutionListener, org.springframework.test.context.support.DirtiesContextTestExecutionListener, org.springframework.test.context.transaction.TransactionalTestExecutionListener, org.springframework.test.context.jdbc.SqlScriptsTestExecutionListener, org.springframework.test.context.event.EventPublishingTestExecutionListener, org.springframework.security.test.context.support.WithSecurityContextTestExecutionListener, org.springframework.security.test.context.support.ReactorContextTestExecutionListener]
2026-08-17 15:14:09.810 [main] INFO  o.s.b.t.c.SpringBootTestContextBootstrapper - Using TestExecutionListeners: [org.springframework.test.context.web.ServletTestExecutionListener@55de1b68, org.springframework.test.context.support.DirtiesContextBeforeModesTestExecutionListener@2040722f, org.springframework.boot.test.mock.mockito.MockitoTestExecutionListener@cfec1ec, org.springframework.boot.test.autoconfigure.SpringBootDependencyInjectionTestExecutionListener@1af2c5c8, org.springframework.test.context.support.DirtiesContextTestExecutionListener@3f5298a5, org.springframework.test.context.transaction.TransactionalTestExecutionListener@1ca0546a, org.springframework.test.context.jdbc.SqlScriptsTestExecutionListener@662b17b3, org.springframework.test.context.event.EventPublishingTestExecutionListener@6a7b523b, org.springframework.security.test.context.support.WithSecurityContextTestExecutionListener@41c77861, org.springframework.security.test.context.support.ReactorContextTestExecutionListener@5f5a7737, org.springframework.boot.test.mock.mockito.ResetMocksTestExecutionListener@617275e0, org.springframework.boot.test.autoconfigure.restdocs.RestDocsTestExecutionListener@5128197f, org.springframework.boot.test.autoconfigure.web.client.MockRestServiceServerResetTestExecutionListener@2b56774b, org.springframework.boot.test.autoconfigure.web.servlet.MockMvcPrintOnlyOnFailureTestExecutionListener@27b94ed9, org.springframework.boot.test.autoconfigure.web.servlet.WebDriverTestExecutionListener@5596f2bb, org.springframework.boot.test.autoconfigure.webservices.client.MockWebServiceServerTestExecutionListener@44e4fa97]
2026-08-17 15:14:09.822 [main] INFO  c.v.f.EndToEndIntegrationTest - Starting EndToEndIntegrationTest using Java 11.0.32 on lenovo-legion-16iah7h-PF3XJ8SP with PID 371357 (started by ayin in /home/ayin/projs/firstspringboot)
2026-08-17 15:14:09.823 [main] INFO  c.v.f.EndToEndIntegrationTest - No active profile set, falling back to default profiles: default
2026-08-17 15:14:09.963 [main] INFO  o.s.d.r.c.RepositoryConfigurationDelegate - Bootstrapping Spring Data JPA repositories in DEFAULT mode.
2026-08-17 15:14:09.970 [main] INFO  o.s.d.r.c.RepositoryConfigurationDelegate - Finished Spring Data repository scanning in 7 ms. Found 3 JPA repository interfaces.
2026-08-17 15:14:10.030 [main] INFO  o.s.c.s.PostProcessorRegistrationDelegate$BeanPostProcessorChecker - Bean 'org.springframework.security.access.expression.method.DefaultMethodSecurityExpressionHandler@319f21b7' of type [org.springframework.security.access.expression.method.DefaultMethodSecurityExpressionHandler] is not eligible for getting processed by all BeanPostProcessors (for example: not eligible for auto-proxying)
2026-08-17 15:14:10.032 [main] INFO  o.s.c.s.PostProcessorRegistrationDelegate$BeanPostProcessorChecker - Bean 'methodSecurityMetadataSource' of type [org.springframework.security.access.method.DelegatingMethodSecurityMetadataSource] is not eligible for getting processed by all BeanPostProcessors (for example: not eligible for auto-proxying)
2026-08-17 15:14:10.055 [main] INFO  com.zaxxer.hikari.HikariDataSource - HikariPool-2 - Starting...
2026-08-17 15:14:10.057 [main] INFO  com.zaxxer.hikari.HikariDataSource - HikariPool-2 - Start completed.
2026-08-17 15:14:10.089 [main] INFO  liquibase.changelog - Reading from firstspringboot.DATABASECHANGELOG
2026-08-17 15:14:10.114 [main] INFO  liquibase.ui - Database is up to date, no changesets to execute
2026-08-17 15:14:10.115 [main] INFO  liquibase.util - UPDATE SUMMARY
2026-08-17 15:14:10.116 [main] INFO  liquibase.util - Run:                          0
2026-08-17 15:14:10.116 [main] INFO  liquibase.util - Previously run:               3
2026-08-17 15:14:10.116 [main] INFO  liquibase.util - Filtered out:                 0
2026-08-17 15:14:10.116 [main] INFO  liquibase.util - -------------------------------
2026-08-17 15:14:10.116 [main] INFO  liquibase.util - Total change sets:            3
2026-08-17 15:14:10.116 [main] INFO  liquibase.util - Update summary generated
2026-08-17 15:14:10.116 [main] INFO  liquibase.command - Command execution complete
2026-08-17 15:14:10.133 [main] INFO  o.h.jpa.internal.util.LogHelper - HHH000204: Processing PersistenceUnitInfo [name: default]
2026-08-17 15:14:10.136 [main] INFO  org.hibernate.dialect.Dialect - HHH000400: Using dialect: org.hibernate.dialect.MariaDB53Dialect
2026-08-17 15:14:10.178 [main] INFO  o.h.e.t.j.p.i.JtaPlatformInitiator - HHH000490: Using JtaPlatform implementation: [org.hibernate.engine.transaction.jta.platform.internal.NoJtaPlatform]
2026-08-17 15:14:10.178 [main] INFO  o.s.o.j.LocalContainerEntityManagerFactoryBean - Initialized JPA EntityManagerFactory for persistence unit 'default'
2026-08-17 15:14:10.211 [main] WARN  o.s.b.a.o.j.JpaBaseConfiguration$JpaWebConfiguration - spring.jpa.open-in-view is enabled by default. Therefore, database queries may be performed during view rendering. Explicitly configure spring.jpa.open-in-view to disable this warning
2026-08-17 15:14:10.431 [main] INFO  o.s.s.web.DefaultSecurityFilterChain - Will secure any request with [org.springframework.security.web.context.request.async.WebAsyncManagerIntegrationFilter@4b0e0dd5, org.springframework.security.web.context.SecurityContextPersistenceFilter@1e3e01b, org.springframework.security.web.header.HeaderWriterFilter@2dda3edf, org.springframework.security.web.csrf.CsrfFilter@26d38b98, org.springframework.security.web.authentication.logout.LogoutFilter@695d804, org.springframework.security.oauth2.server.resource.web.BearerTokenAuthenticationFilter@315edc50, org.springframework.security.web.savedrequest.RequestCacheAwareFilter@6ef99da8, org.springframework.security.web.servletapi.SecurityContextHolderAwareRequestFilter@12a96a6e, org.springframework.security.web.authentication.AnonymousAuthenticationFilter@608c36a6, org.springframework.security.web.session.SessionManagementFilter@3bd623b2, org.springframework.security.web.access.ExceptionTranslationFilter@6271a097, org.springframework.security.web.access.intercept.FilterSecurityInterceptor@d4c6a43]
2026-08-17 15:14:10.491 [main] INFO  o.s.s.c.ThreadPoolTaskExecutor - Initializing ExecutorService 'applicationTaskExecutor'
2026-08-17 15:14:10.627 [main] INFO  o.s.s.c.ThreadPoolTaskScheduler - Initializing ExecutorService 'taskScheduler'
2026-08-17 15:14:10.665 [main] INFO  o.s.b.t.m.w.SpringBootMockServletContext - Initializing Spring TestDispatcherServlet ''
2026-08-17 15:14:10.665 [main] INFO  o.s.t.w.s.TestDispatcherServlet - Initializing Servlet ''
2026-08-17 15:14:10.670 [main] INFO  o.s.b.a.e.web.EndpointLinksResolver - Exposing 1 endpoint(s) beneath base path '/actuator'
2026-08-17 15:14:10.688 [main] INFO  o.s.t.w.s.TestDispatcherServlet - Completed initialization in 23 ms
2026-08-17 15:14:10.707 [main] INFO  c.v.f.EndToEndIntegrationTest - Started EndToEndIntegrationTest in 0.896 seconds (JVM running for 8.137)
2026-08-17 15:14:10.708 [main] INFO  c.v.f.s.KeycloakUserSyncCronjob - Starting Keycloak user synchronization...
2026-08-17 15:14:10.745 [main] INFO  c.v.f.aspect.LoggingAspect - [[BEFORE]] [2026-08-17T08:14:10.745930Z] method: UserServiceImpl.createUser(..), params: [com.viettelsoftware.firstspringboot.entity.User@90d4173]
2026-08-17 15:14:10.783 [main] INFO  c.v.f.aspect.LoggingAspect - [[BEFORE]] [2026-08-17T08:14:10.783163Z] method: AuditServiceImpl.audit(..), params: [com.viettelsoftware.firstspringboot.entity.AuditEvent@7144cd51]
2026-08-17 15:14:10.783 [main] INFO  c.v.f.aspect.LoggingAspect - [[BEFORE]] [2026-08-17T08:14:10.783254Z] method: AuthServiceImpl.getCurrentUser(), params: []
2026-08-17 15:14:10.783 [main] INFO  c.v.f.aspect.LoggingAspect - [[AFTER]] [2026-08-17T08:14:10.783282Z] method: AuthServiceImpl.getCurrentUser(), params: []
2026-08-17 15:14:10.791 [main] INFO  c.v.f.aspect.LoggingAspect - [[AFTER]] [2026-08-17T08:14:10.791664Z] method: AuditServiceImpl.audit(..), params: [com.viettelsoftware.firstspringboot.entity.AuditEvent@7144cd51]
2026-08-17 15:14:10.791 [main] INFO  c.v.f.aspect.LoggingAspect - [[AFTER]] [2026-08-17T08:14:10.791746Z] method: UserServiceImpl.createUser(..), params: [com.viettelsoftware.firstspringboot.entity.User@90d4173]
2026-08-17 15:14:10.791 [main] INFO  c.v.f.aspect.LoggingAspect - [[BEFORE]] [2026-08-17T08:14:10.791808Z] method: UserServiceImpl.createUser(..), params: [com.viettelsoftware.firstspringboot.entity.User@5fa842b5]
2026-08-17 15:14:10.832 [main] INFO  c.v.f.aspect.LoggingAspect - [[BEFORE]] [2026-08-17T08:14:10.832822Z] method: AuditServiceImpl.audit(..), params: [com.viettelsoftware.firstspringboot.entity.AuditEvent@9a72eee]
2026-08-17 15:14:10.832 [main] INFO  c.v.f.aspect.LoggingAspect - [[BEFORE]] [2026-08-17T08:14:10.832907Z] method: AuthServiceImpl.getCurrentUser(), params: []
2026-08-17 15:14:10.832 [main] INFO  c.v.f.aspect.LoggingAspect - [[AFTER]] [2026-08-17T08:14:10.832931Z] method: AuthServiceImpl.getCurrentUser(), params: []
2026-08-17 15:14:10.840 [main] INFO  c.v.f.aspect.LoggingAspect - [[AFTER]] [2026-08-17T08:14:10.840151Z] method: AuditServiceImpl.audit(..), params: [com.viettelsoftware.firstspringboot.entity.AuditEvent@9a72eee]
2026-08-17 15:14:10.840 [main] INFO  c.v.f.aspect.LoggingAspect - [[AFTER]] [2026-08-17T08:14:10.840214Z] method: UserServiceImpl.createUser(..), params: [com.viettelsoftware.firstspringboot.entity.User@5fa842b5]
2026-08-17 15:14:10.840 [main] INFO  c.v.f.s.KeycloakUserSyncCronjob - Keycloak user synchronization completed successfully. Synced 2 users.
2026-08-17 15:14:10.861 [main] INFO  c.v.f.aspect.LoggingAspect - [[BEFORE]] [2026-08-17T08:14:10.861942Z] method: TaskController.getTasks(), params: []
2026-08-17 15:14:10.864 [main] INFO  c.v.f.aspect.LoggingAspect - [[BEFORE]] [2026-08-17T08:14:10.864572Z] method: TaskServiceImpl.getTasks(), params: []
2026-08-17 15:14:10.872 [main] INFO  c.v.f.aspect.LoggingAspect - [[AFTER]] [2026-08-17T08:14:10.872477Z] method: TaskServiceImpl.getTasks(), params: []
2026-08-17 15:14:10.872 [main] INFO  c.v.f.aspect.LoggingAspect - [[AFTER]] [2026-08-17T08:14:10.872589Z] method: TaskController.getTasks(), params: []
2026-08-17 15:14:10.899 [main] INFO  c.v.f.aspect.LoggingAspect - [[BEFORE]] [2026-08-17T08:14:10.899369Z] method: TaskController.exportTasks(), params: []
2026-08-17 15:14:10.899 [main] INFO  c.v.f.aspect.LoggingAspect - [[BEFORE]] [2026-08-17T08:14:10.899687Z] method: TaskExportServiceImpl.exportTasks(), params: []
2026-08-17 15:14:10.901 [main] INFO  c.v.f.aspect.LoggingAspect - [[BEFORE]] [2026-08-17T08:14:10.901430Z] method: TaskServiceImpl.getTasks(), params: []
2026-08-17 15:14:10.903 [main] INFO  c.v.f.aspect.LoggingAspect - [[AFTER]] [2026-08-17T08:14:10.903588Z] method: TaskServiceImpl.getTasks(), params: []
2026-08-17 15:14:10.903 [main] INFO  org.jxls.util.TransformerFactory - Loading transformer by class org.jxls.transform.poi.PoiTransformer
2026-08-17 15:14:10.921 [main] INFO  c.v.f.aspect.LoggingAspect - [[AFTER]] [2026-08-17T08:14:10.921813Z] method: TaskExportServiceImpl.exportTasks(), params: []
2026-08-17 15:14:10.922 [main] INFO  c.v.f.aspect.LoggingAspect - [[AFTER]] [2026-08-17T08:14:10.922266Z] method: TaskController.exportTasks(), params: []
2026-08-17 15:14:10.959 [main] WARN  o.s.w.s.m.s.DefaultHandlerExceptionResolver - Resolved [org.springframework.web.bind.MethodArgumentNotValidException: Validation failed for argument [0] in public com.viettelsoftware.firstspringboot.entity.Task com.viettelsoftware.firstspringboot.controller.TaskController.createTask(com.viettelsoftware.firstspringboot.dto.CreateTaskRequest): [Field error in object 'createTaskRequest' on field 'description': rejected value [ Invalid Description ]; codes [ValidTaskDescription.createTaskRequest.description,ValidTaskDescription.description,ValidTaskDescription.java.lang.String,ValidTaskDescription]; arguments [org.springframework.context.support.DefaultMessageSourceResolvable: codes [createTaskRequest.description,description]; arguments []; default message [description]]; default message [Invalid task description (must be `@NotBlank + @Size(max = 255) + @Pattern(regexp = "^\S(?:.*\S)?$")`)]] ]
2026-08-17 15:14:10.963 [main] INFO  c.v.f.aspect.LoggingAspect - [[BEFORE]] [2026-08-17T08:14:10.963890Z] method: UserController.profile(), params: []
2026-08-17 15:14:10.965 [main] INFO  c.v.f.aspect.LoggingAspect - [[BEFORE]] [2026-08-17T08:14:10.965782Z] method: AuthServiceImpl.getCurrentUser(), params: []
2026-08-17 15:14:10.965 [main] INFO  c.v.f.aspect.LoggingAspect - [[AFTER]] [2026-08-17T08:14:10.965869Z] method: AuthServiceImpl.getCurrentUser(), params: []
2026-08-17 15:14:10.966 [main] INFO  c.v.f.aspect.LoggingAspect - [[AFTER]] [2026-08-17T08:14:10.966156Z] method: UserController.profile(), params: []
2026-08-17 15:14:10.985 [main] INFO  c.v.f.aspect.LoggingAspect - [[BEFORE]] [2026-08-17T08:14:10.985487Z] method: UserController.createUser(..), params: [com.viettelsoftware.firstspringboot.dto.CreateUserRequest@6d618003]
2026-08-17 15:14:10.985 [main] INFO  c.v.f.aspect.LoggingAspect - [[BEFORE]] [2026-08-17T08:14:10.985604Z] method: UserServiceImpl.createUser(..), params: [com.viettelsoftware.firstspringboot.entity.User@3030a20]
2026-08-17 15:14:11.022 [main] INFO  c.v.f.aspect.LoggingAspect - [[BEFORE]] [2026-08-17T08:14:11.022573Z] method: AuditServiceImpl.audit(..), params: [com.viettelsoftware.firstspringboot.entity.AuditEvent@4219e848]
2026-08-17 15:14:11.022 [main] INFO  c.v.f.aspect.LoggingAspect - [[BEFORE]] [2026-08-17T08:14:11.022652Z] method: AuthServiceImpl.getCurrentUser(), params: []
2026-08-17 15:14:11.022 [main] INFO  c.v.f.aspect.LoggingAspect - [[AFTER]] [2026-08-17T08:14:11.022696Z] method: AuthServiceImpl.getCurrentUser(), params: []
2026-08-17 15:14:11.030 [main] INFO  c.v.f.aspect.LoggingAspect - [[AFTER]] [2026-08-17T08:14:11.030171Z] method: AuditServiceImpl.audit(..), params: [com.viettelsoftware.firstspringboot.entity.AuditEvent@4219e848]
2026-08-17 15:14:11.030 [main] INFO  c.v.f.aspect.LoggingAspect - [[AFTER]] [2026-08-17T08:14:11.030230Z] method: UserServiceImpl.createUser(..), params: [com.viettelsoftware.firstspringboot.entity.User@3030a20]
2026-08-17 15:14:11.030 [main] INFO  c.v.f.aspect.LoggingAspect - [[AFTER]] [2026-08-17T08:14:11.030251Z] method: UserController.createUser(..), params: [com.viettelsoftware.firstspringboot.dto.CreateUserRequest@6d618003]
2026-08-17 15:14:11.033 [main] INFO  c.v.f.aspect.LoggingAspect - [[BEFORE]] [2026-08-17T08:14:11.033237Z] method: UserController.getUsers(), params: []
2026-08-17 15:14:11.033 [main] INFO  c.v.f.aspect.LoggingAspect - [[BEFORE]] [2026-08-17T08:14:11.033333Z] method: UserServiceImpl.getUsers(), params: []
2026-08-17 15:14:11.036 [main] INFO  c.v.f.aspect.LoggingAspect - [[AFTER]] [2026-08-17T08:14:11.036202Z] method: UserServiceImpl.getUsers(), params: []
2026-08-17 15:14:11.036 [main] INFO  c.v.f.aspect.LoggingAspect - [[AFTER]] [2026-08-17T08:14:11.036258Z] method: UserController.getUsers(), params: []
2026-08-17 15:14:11.037 [main] INFO  c.v.f.aspect.LoggingAspect - [[BEFORE]] [2026-08-17T08:14:11.037858Z] method: UserController.exportUsers(), params: []
2026-08-17 15:14:11.037 [main] INFO  c.v.f.aspect.LoggingAspect - [[BEFORE]] [2026-08-17T08:14:11.037950Z] method: UserExportServiceImpl.exportUsers(), params: []
2026-08-17 15:14:11.039 [main] INFO  c.v.f.aspect.LoggingAspect - [[BEFORE]] [2026-08-17T08:14:11.039524Z] method: UserServiceImpl.getUsers(), params: []
2026-08-17 15:14:11.041 [main] INFO  c.v.f.aspect.LoggingAspect - [[AFTER]] [2026-08-17T08:14:11.041168Z] method: UserServiceImpl.getUsers(), params: []
2026-08-17 15:14:11.041 [main] INFO  org.jxls.util.TransformerFactory - Loading transformer by class org.jxls.transform.poi.PoiTransformer
2026-08-17 15:14:11.061 [main] INFO  c.v.f.aspect.LoggingAspect - [[AFTER]] [2026-08-17T08:14:11.061725Z] method: UserExportServiceImpl.exportUsers(), params: []
2026-08-17 15:14:11.061 [main] INFO  c.v.f.aspect.LoggingAspect - [[AFTER]] [2026-08-17T08:14:11.061941Z] method: UserController.exportUsers(), params: []
2026-08-17 15:14:11.072 [main] INFO  c.v.f.aspect.LoggingAspect - [[BEFORE]] [2026-08-17T08:14:11.072872Z] method: TestService.testMethod(), params: [arg1]
2026-08-17 15:14:11.073 [main] INFO  c.v.f.aspect.LoggingAspect - [[AFTER]] [2026-08-17T08:14:11.073041Z] method: TestService.testMethod(), params: [arg1]
2026-08-17 15:14:11.302 [main] INFO  c.v.f.s.KeycloakUserSyncCronjob - Starting Keycloak user synchronization...
2026-08-17 15:14:11.304 [main] ERROR c.v.f.s.KeycloakUserSyncCronjob - Error occurred while syncing Keycloak users: I/O error on POST request for "http://localhost:9999/realms/master/protocol/openid-connect/token": Connection refused (Connection refused); nested exception is java.net.ConnectException: Connection refused (Connection refused)
org.springframework.web.client.ResourceAccessException: I/O error on POST request for "http://localhost:9999/realms/master/protocol/openid-connect/token": Connection refused (Connection refused); nested exception is java.net.ConnectException: Connection refused (Connection refused)
	at org.springframework.web.client.RestTemplate.doExecute(RestTemplate.java:784)
	at org.springframework.web.client.RestTemplate.execute(RestTemplate.java:710)
	at org.springframework.web.client.RestTemplate.exchange(RestTemplate.java:630)
	at com.viettelsoftware.firstspringboot.scheduler.KeycloakUserSyncCronjob.getAdminAccessToken(KeycloakUserSyncCronjob.java:115)
	at com.viettelsoftware.firstspringboot.scheduler.KeycloakUserSyncCronjob.syncKeycloakUsers(KeycloakUserSyncCronjob.java:57)
	at com.viettelsoftware.firstspringboot.scheduler.KeycloakUserSyncCronjobTest.lambda$testSyncKeycloakUsersHandledGracefullyWhenServerDown$0(KeycloakUserSyncCronjobTest.java:33)
	at org.junit.jupiter.api.AssertDoesNotThrow.assertDoesNotThrow(AssertDoesNotThrow.java:50)
	at org.junit.jupiter.api.AssertDoesNotThrow.assertDoesNotThrow(AssertDoesNotThrow.java:37)
	at org.junit.jupiter.api.Assertions.assertDoesNotThrow(Assertions.java:3060)
	at com.viettelsoftware.firstspringboot.scheduler.KeycloakUserSyncCronjobTest.testSyncKeycloakUsersHandledGracefullyWhenServerDown(KeycloakUserSyncCronjobTest.java:33)
	at java.base/jdk.internal.reflect.NativeMethodAccessorImpl.invoke0(Native Method)
	at java.base/jdk.internal.reflect.NativeMethodAccessorImpl.invoke(NativeMethodAccessorImpl.java:62)
	at java.base/jdk.internal.reflect.DelegatingMethodAccessorImpl.invoke(DelegatingMethodAccessorImpl.java:43)
	at java.base/java.lang.reflect.Method.invoke(Method.java:566)
	at org.junit.platform.commons.util.ReflectionUtils.invokeMethod(ReflectionUtils.java:688)
	at org.junit.jupiter.engine.execution.MethodInvocation.proceed(MethodInvocation.java:60)
	at org.junit.jupiter.engine.execution.InvocationInterceptorChain$ValidatingInvocation.proceed(InvocationInterceptorChain.java:131)
	at org.junit.jupiter.engine.extension.TimeoutExtension.intercept(TimeoutExtension.java:149)
	at org.junit.jupiter.engine.extension.TimeoutExtension.interceptTestableMethod(TimeoutExtension.java:140)
	at org.junit.jupiter.engine.extension.TimeoutExtension.interceptTestMethod(TimeoutExtension.java:84)
	at org.junit.jupiter.engine.execution.ExecutableInvoker$ReflectiveInterceptorCall.lambda$ofVoidMethod$0(ExecutableInvoker.java:115)
	at org.junit.jupiter.engine.execution.ExecutableInvoker.lambda$invoke$0(ExecutableInvoker.java:105)
	at org.junit.jupiter.engine.execution.InvocationInterceptorChain$InterceptedInvocation.proceed(InvocationInterceptorChain.java:106)
	at org.junit.jupiter.engine.execution.InvocationInterceptorChain.proceed(InvocationInterceptorChain.java:64)
	at org.junit.jupiter.engine.execution.InvocationInterceptorChain.chainAndInvoke(InvocationInterceptorChain.java:45)
	at org.junit.jupiter.engine.execution.InvocationInterceptorChain.invoke(InvocationInterceptorChain.java:37)
	at org.junit.jupiter.engine.execution.ExecutableInvoker.invoke(ExecutableInvoker.java:104)
	at org.junit.jupiter.engine.execution.ExecutableInvoker.invoke(ExecutableInvoker.java:98)
	at org.junit.jupiter.engine.descriptor.TestMethodTestDescriptor.lambda$invokeTestMethod$6(TestMethodTestDescriptor.java:210)
	at org.junit.platform.engine.support.hierarchical.ThrowableCollector.execute(ThrowableCollector.java:73)
	at org.junit.jupiter.engine.descriptor.TestMethodTestDescriptor.invokeTestMethod(TestMethodTestDescriptor.java:206)
	at org.junit.jupiter.engine.descriptor.TestMethodTestDescriptor.execute(TestMethodTestDescriptor.java:131)
	at org.junit.jupiter.engine.descriptor.TestMethodTestDescriptor.execute(TestMethodTestDescriptor.java:65)
	at org.junit.platform.engine.support.hierarchical.NodeTestTask.lambda$executeRecursively$5(NodeTestTask.java:139)
	at org.junit.platform.engine.support.hierarchical.ThrowableCollector.execute(ThrowableCollector.java:73)
	at org.junit.platform.engine.support.hierarchical.NodeTestTask.lambda$executeRecursively$7(NodeTestTask.java:129)
	at org.junit.platform.engine.support.hierarchical.Node.around(Node.java:137)
	at org.junit.platform.engine.support.hierarchical.NodeTestTask.lambda$executeRecursively$8(NodeTestTask.java:127)
	at org.junit.platform.engine.support.hierarchical.ThrowableCollector.execute(ThrowableCollector.java:73)
	at org.junit.platform.engine.support.hierarchical.NodeTestTask.executeRecursively(NodeTestTask.java:126)
	at org.junit.platform.engine.support.hierarchical.NodeTestTask.execute(NodeTestTask.java:84)
	at java.base/java.util.ArrayList.forEach(ArrayList.java:1541)
	at org.junit.platform.engine.support.hierarchical.SameThreadHierarchicalTestExecutorService.invokeAll(SameThreadHierarchicalTestExecutorService.java:38)
	at org.junit.platform.engine.support.hierarchical.NodeTestTask.lambda$executeRecursively$5(NodeTestTask.java:143)
	at org.junit.platform.engine.support.hierarchical.ThrowableCollector.execute(ThrowableCollector.java:73)
	at org.junit.platform.engine.support.hierarchical.NodeTestTask.lambda$executeRecursively$7(NodeTestTask.java:129)
	at org.junit.platform.engine.support.hierarchical.Node.around(Node.java:137)
	at org.junit.platform.engine.support.hierarchical.NodeTestTask.lambda$executeRecursively$8(NodeTestTask.java:127)
	at org.junit.platform.engine.support.hierarchical.ThrowableCollector.execute(ThrowableCollector.java:73)
	at org.junit.platform.engine.support.hierarchical.NodeTestTask.executeRecursively(NodeTestTask.java:126)
	at org.junit.platform.engine.support.hierarchical.NodeTestTask.execute(NodeTestTask.java:84)
	at java.base/java.util.ArrayList.forEach(ArrayList.java:1541)
	at org.junit.platform.engine.support.hierarchical.SameThreadHierarchicalTestExecutorService.invokeAll(SameThreadHierarchicalTestExecutorService.java:38)
	at org.junit.platform.engine.support.hierarchical.NodeTestTask.lambda$executeRecursively$5(NodeTestTask.java:143)
	at org.junit.platform.engine.support.hierarchical.ThrowableCollector.execute(ThrowableCollector.java:73)
	at org.junit.platform.engine.support.hierarchical.NodeTestTask.lambda$executeRecursively$7(NodeTestTask.java:129)
	at org.junit.platform.engine.support.hierarchical.Node.around(Node.java:137)
	at org.junit.platform.engine.support.hierarchical.NodeTestTask.lambda$executeRecursively$8(NodeTestTask.java:127)
	at org.junit.platform.engine.support.hierarchical.ThrowableCollector.execute(ThrowableCollector.java:73)
	at org.junit.platform.engine.support.hierarchical.NodeTestTask.executeRecursively(NodeTestTask.java:126)
	at org.junit.platform.engine.support.hierarchical.NodeTestTask.execute(NodeTestTask.java:84)
	at org.junit.platform.engine.support.hierarchical.SameThreadHierarchicalTestExecutorService.submit(SameThreadHierarchicalTestExecutorService.java:32)
	at org.junit.platform.engine.support.hierarchical.HierarchicalTestExecutor.execute(HierarchicalTestExecutor.java:57)
	at org.junit.platform.engine.support.hierarchical.HierarchicalTestEngine.execute(HierarchicalTestEngine.java:51)
	at org.junit.platform.launcher.core.DefaultLauncher.execute(DefaultLauncher.java:220)
	at org.junit.platform.launcher.core.DefaultLauncher.lambda$execute$6(DefaultLauncher.java:188)
	at org.junit.platform.launcher.core.DefaultLauncher.withInterceptedStreams(DefaultLauncher.java:202)
	at org.junit.platform.launcher.core.DefaultLauncher.execute(DefaultLauncher.java:181)
	at org.junit.platform.launcher.core.DefaultLauncher.execute(DefaultLauncher.java:128)
	at org.apache.maven.surefire.junitplatform.JUnitPlatformProvider.invokeAllTests(JUnitPlatformProvider.java:150)
	at org.apache.maven.surefire.junitplatform.JUnitPlatformProvider.invoke(JUnitPlatformProvider.java:124)
	at org.apache.maven.surefire.booter.ForkedBooter.invokeProviderInSameClassLoader(ForkedBooter.java:384)
	at org.apache.maven.surefire.booter.ForkedBooter.runSuitesInProcess(ForkedBooter.java:345)
	at org.apache.maven.surefire.booter.ForkedBooter.execute(ForkedBooter.java:126)
	at org.apache.maven.surefire.booter.ForkedBooter.main(ForkedBooter.java:418)
Caused by: java.net.ConnectException: Connection refused (Connection refused)
	at java.base/java.net.PlainSocketImpl.socketConnect(Native Method)
	at java.base/java.net.AbstractPlainSocketImpl.doConnect(AbstractPlainSocketImpl.java:412)
	at java.base/java.net.AbstractPlainSocketImpl.connectToAddress(AbstractPlainSocketImpl.java:255)
	at java.base/java.net.AbstractPlainSocketImpl.connect(AbstractPlainSocketImpl.java:237)
	at java.base/java.net.Socket.connect(Socket.java:609)
	at java.base/java.net.Socket.connect(Socket.java:558)
	at java.base/sun.net.NetworkClient.doConnect(NetworkClient.java:182)
	at java.base/sun.net.www.http.HttpClient.openServer(HttpClient.java:509)
	at java.base/sun.net.www.http.HttpClient.openServer(HttpClient.java:604)
	at java.base/sun.net.www.http.HttpClient.<init>(HttpClient.java:279)
	at java.base/sun.net.www.http.HttpClient.New(HttpClient.java:376)
	at java.base/sun.net.www.http.HttpClient.New(HttpClient.java:397)
	at java.base/sun.net.www.protocol.http.HttpURLConnection.getNewHttpClient(HttpURLConnection.java:1270)
	at java.base/sun.net.www.protocol.http.HttpURLConnection.plainConnect0(HttpURLConnection.java:1204)
	at java.base/sun.net.www.protocol.http.HttpURLConnection.plainConnect(HttpURLConnection.java:1098)
	at java.base/sun.net.www.protocol.http.HttpURLConnection.connect(HttpURLConnection.java:1032)
	at org.springframework.http.client.SimpleBufferingClientHttpRequest.executeInternal(SimpleBufferingClientHttpRequest.java:76)
	at org.springframework.http.client.AbstractBufferingClientHttpRequest.executeInternal(AbstractBufferingClientHttpRequest.java:48)
	at org.springframework.http.client.AbstractClientHttpRequest.execute(AbstractClientHttpRequest.java:66)
	at org.springframework.web.client.RestTemplate.doExecute(RestTemplate.java:775)
	... 74 common frames omitted
2026-08-17 15:14:11.310 [SpringContextShutdownHook] INFO  o.s.s.c.ThreadPoolTaskScheduler - Shutting down ExecutorService 'taskScheduler'
2026-08-17 15:14:11.310 [SpringContextShutdownHook] INFO  o.s.s.c.ThreadPoolTaskScheduler - Shutting down ExecutorService 'taskScheduler'
2026-08-17 15:14:11.311 [SpringContextShutdownHook] INFO  o.s.s.c.ThreadPoolTaskExecutor - Shutting down ExecutorService 'applicationTaskExecutor'
2026-08-17 15:14:11.311 [SpringContextShutdownHook] INFO  o.s.s.c.ThreadPoolTaskExecutor - Shutting down ExecutorService 'applicationTaskExecutor'
2026-08-17 15:14:11.314 [SpringContextShutdownHook] INFO  o.s.o.j.LocalContainerEntityManagerFactoryBean - Closing JPA EntityManagerFactory for persistence unit 'default'
2026-08-17 15:14:11.314 [SpringContextShutdownHook] INFO  o.s.o.j.LocalContainerEntityManagerFactoryBean - Closing JPA EntityManagerFactory for persistence unit 'default'
2026-08-17 15:14:11.315 [SpringContextShutdownHook] INFO  com.zaxxer.hikari.HikariDataSource - HikariPool-2 - Shutdown initiated...
2026-08-17 15:14:11.315 [SpringContextShutdownHook] INFO  com.zaxxer.hikari.HikariDataSource - HikariPool-1 - Shutdown initiated...
2026-08-17 15:14:11.318 [SpringContextShutdownHook] INFO  com.zaxxer.hikari.HikariDataSource - HikariPool-1 - Shutdown completed.
2026-08-17 15:14:11.319 [SpringContextShutdownHook] INFO  com.zaxxer.hikari.HikariDataSource - HikariPool-2 - Shutdown completed.
